List line,Grade,School,Title,Authors,Site,Link,Form,Edition,Full book,Detail
195,1,Kyrgyz-medium,Наристе. Алиппе,"Рысбаев С., Бекбоева А.",kitep.edu.kg (ministry),https://kitep.edu.kg/book/248/read,PDF without text (scan),approved edition,yes,34 pages; listed as «Алиппеге даярдык»
195,1,Kyrgyz-medium,Наристе. Алиппе,"Рысбаев С., Бекбоева А.",bizdin.kg app,https://bizdin.kg/uchebnik/alippege-daiardyk-1-klass-2025/,Part or sample only,approved edition,no,"only a section: «Алиппеге даярдык (1-класс, 2025)», 34 pages"
195,1,Kyrgyz-medium,Наристе. Алиппе,"Рысбаев С., Бекбоева А.",kitep.edu.kg (ministry),https://kitep.edu.kg/book/247/read,PDF without text (scan),approved edition,yes,98 pages; listed as «Наристе Алиппе»
195,1,Kyrgyz-medium,Наристе. Алиппе,"Рысбаев С., Бекбоева А.",mektep.o.kg,https://mektep.o.kg/books/11/?grade=1,PDF without text (scan),year unknown,yes,84 pages; listed as «Алиппе 1 класс»
195,1,Kyrgyz-medium,Наристе. Алиппе,"Рысбаев С., Бекбоева А.",bizdin.kg app,https://bizdin.kg/uchebnik/alippe-1-klass-2008-zh-bukvar-1-klass-2008-g-na-kyrgyzkom/,View online only,other year (2008),yes,"read in the app or site, no download"
195,1,Kyrgyz-medium,Наристе. Алиппе,"Рысбаев С., Бекбоева А.",bizdin.kg app,https://bizdin.kg/uchebnik/uchebnik-po-matematike-3-klass-na-kyrgyzskom-matematika-okuu-kitebi-1-klass/,View online only,year unknown,yes,"read in the app or site, no download"
196,1,Kyrgyz-medium,Алиппе,Рысбаев С.,mektep.o.kg,https://mektep.o.kg/books/11/?grade=1,PDF without text (scan),year unknown,yes,84 pages; listed as «Алиппе 1 класс»
196,1,Kyrgyz-medium,Алиппе,Рысбаев С.,kitep.edu.kg (ministry),https://kitep.edu.kg/book/247/read,PDF without text (scan),other year (2025),yes,98 pages; listed as «Наристе Алиппе»
196,1,Kyrgyz-medium,Алиппе,Рысбаев С.,kitep.edu.kg (ministry),https://kitep.edu.kg/book/248/read,PDF without text (scan),other year (2025),yes,34 pages; listed as «Алиппеге даярдык»
196,1,Kyrgyz-medium,Алиппе,Рысбаев С.,bizdin.kg app,https://bizdin.kg/uchebnik/alippe-1-klass-2008-zh-bukvar-1-klass-2008-g-na-kyrgyzkom/,View online only,other year (2008),yes,"read in the app or site, no download"
197,1,Kyrgyz-medium,Алиппе,"Кубаталиева Б., Абыканова А., Асаналиева М.",kitep.edu.kg (ministry),https://kitep.edu.kg/book/188/read,PDF without text (scan),approved edition,yes,112 pages; listed as «Алиппе»
197,1,Kyrgyz-medium,Алиппе,"Кубаталиева Б., Абыканова А., Асаналиева М.",bilim.akipress.org,https://bilim.akipress.org/lib/book:183/,PDF without text (scan),other year (2014),yes,"113 pages; listed as «Б. Кубаталиева, А. Абыканова, М. Асаналиева. Алиппе. (1класс)  Бишкек »"
197,1,Kyrgyz-medium,Алиппе,"Кубаталиева Б., Абыканова А., Асаналиева М.",mektep.o.kg,https://mektep.o.kg/books/11/?grade=1,PDF without text (scan),year unknown,yes,112 pages; listed as «Алиппе 1й класс»
198,1,Kyrgyz-medium,Русский язык и чтение,"Хамраева Е.А., Булатова В.А.",stem.edu.gov.kg (ministry),https://stem.edu.gov.kg/api/books/676,PDF with text,,yes,"deep search: Full book, «Русский язык и чтение. Устный курс. 1 класс», 130 pp, born-digital"
199,1,Kyrgyz-medium,"Русский язык (1, 2 часть)","Задорожная Н., Мусаева Ч., Таирова Г.",arcus.kg,https://arcus.kg/modules/mod_flipbook_66/tmpl/,Part or sample only,,no,"deep search: Publisher flipbook samples of both parts: ч.1 ""Устный курс"" (flipbook 66) and ч.2 ""Азбука"" (flipbook 67), 15 pages each, with a searchable text layer"
200,1,Kyrgyz-medium,Математика,Christina Soh,bizdin.kg app,https://bizdin.kg/uchebnik/matematika-okuu-kitebi-12-14-bolumdor-1-klass-2025/,Part or sample only,approved edition,no,"only a section: «Математика, Окуу китеби (12-14 бөлүмдөр) (1-класс, 2025)», 45 pages"
200,1,Kyrgyz-medium,Математика,Christina Soh,bizdin.kg app,https://bizdin.kg/uchebnik/matematika-okuu-kitebi-49-61-baraktary-1-klass-2025/,Part or sample only,approved edition,no,"only a section: «Математика, Окуу китеби 49-61 барактары (1-класс, 2025)», 13 pages"
200,1,Kyrgyz-medium,Математика,Christina Soh,bizdin.kg app,https://bizdin.kg/uchebnik/matematika-okuu-kitebi-8-11-bolumdor-1-klass-2025/,Part or sample only,approved edition,no,"only a section: «Математика, Окуу китеби (8-11 бөлүмдөр) (1-класс, 2025)», 51 pages"
200,1,Kyrgyz-medium,Математика,Christina Soh,kitep.edu.kg (ministry),https://kitep.edu.kg/book/435/read,PDF without text (scan),other year (2026),yes,"200 pages; listed as «Математика, Окуу китеби»"
200,1,Kyrgyz-medium,Математика,Christina Soh,stem.edu.gov.kg (ministry),https://stem.edu.gov.kg/api/books/152,Part or sample only,approved edition,no,"deep search: 2025 edition, first 48 pages (of 200), vector InDesign 18.2 PDF with text converted to outlines (PRINT FILE quality, no text layer); light kitep.edu.kg text watermark"
202,1,Kyrgyz-medium,Математика,"Бекбоев И., Ибраева Н.",kitep.edu.kg (ministry),https://kitep.edu.kg/book/235/read,Part or sample only,other year (2012),no,only part 2; 98 pages; listed as «Математика»
202,1,Kyrgyz-medium,Математика,"Бекбоев И., Ибраева Н.",mektep.o.kg,https://mektep.o.kg/books/11/?grade=1,PDF without text (scan),year unknown,yes,93 pages; listed as «Математика 1я часть»
202,1,Kyrgyz-medium,Математика,"Бекбоев И., Ибраева Н.",bilim.akipress.org,https://bilim.akipress.org/lib/book:9/,PDF without text (scan),other year (2011),yes,"98 pages; listed as «И. Б. Бекбоев, С. Ш. Мкртчян, Н. И. Ибраева. Математика (1 класс) (2 ч»"
202,1,Kyrgyz-medium,Математика,"Бекбоев И., Ибраева Н.",bilim.akipress.org,https://bilim.akipress.org/lib/book:10/,PDF without text (scan),other year (2011),yes,"93 pages; listed as «И. Б. Бекбоев, С. Ш. Мкртчян, Н. И. Ибраева. Математика (1 класс) (1 ч»"
202,1,Kyrgyz-medium,Математика,"Бекбоев И., Ибраева Н.",bilim.akipress.org,https://bilim.akipress.org/lib/book:182/,PDF without text (scan),other year (2011),yes,"170 pages; listed as «И.Б. Бекбоев, С.Ш. Мкртчян, Н.И. Ибраева. Математика (1класс) (1часть)»"
202,1,Kyrgyz-medium,Математика,"Бекбоев И., Ибраева Н.",bizdin.kg app,https://bizdin.kg/uchebnik/uchebnik-po-matematike-3-klass-na-kyrgyzskom-matematika-okuu-kitebi-1-klass/,View online only,year unknown,yes,"read in the app or site, no download"
203,1,Kyrgyz-medium,Табият таануу,Dana Paz,kitep.edu.kg (ministry),https://kitep.edu.kg/book/36/read,PDF without text (scan),approved edition,yes,152 pages; listed as «Табигый илимдер – Мен жана дүйнө. Окуу китеби»
203,1,Kyrgyz-medium,Табият таануу,Dana Paz,bizdin.kg app,https://bizdin.kg/uchebnik/tabigyi-ilimder-men-zhana-duino-okuu-kitebi-1-klass-2025-1/,View online only,approved edition,yes,"read in the app or site, no download"
203,1,Kyrgyz-medium,Табият таануу,Dana Paz,stem.edu.gov.kg (ministry),https://stem.edu.gov.kg/api/books/632,PDF with text,approved edition,yes,"deep search: 2025 printing (Marshall Cavendish Science Pupil's Book 1, Kyrgyz translation), full 157 pp, born-digital InDesign 18.2 PDF, 37 MB"
204,1,Kyrgyz-medium,"Мен жана дүйнө (1, 2-бөлүк)","Солошенко О.В., Токтобаева Г.Д.",kitep.edu.kg (ministry),https://kitep.edu.kg/book/250/read,Part or sample only,other year (2024),no,only part 1 (21 pages); 21 pages; listed as «Мен	жана дүйнө»
204,1,Kyrgyz-medium,"Мен жана дүйнө (1, 2-бөлүк)","Солошенко О.В., Токтобаева Г.Д.",bizdin.kg app,https://bizdin.kg/uchebnik/men-zhana-duino-1-klass-2024/,Part or sample only,other year (2024),no,"only a section: «Мен жана дүйнө (1-класс, 2024)», 21 pages"
205,1,Kyrgyz-medium,Мекен таануу,"Мамбетова З., Архипова Т.",new.bizdin.kg,https://new.bizdin.kg/kniga/uchebnik-rodinovedenie-1-klass-ksh,PDF without text (scan),approved edition,yes,64 pages; listed as «Учебник. Родиноведение. 1 класс. КШ»
205,1,Kyrgyz-medium,Мекен таануу,"Мамбетова З., Архипова Т.",kitep.edu.kg (ministry),https://kitep.edu.kg/book/236/read,PDF without text (scan),other year (2025),yes,64 pages; listed as «Мекен таануу»
205,1,Kyrgyz-medium,Мекен таануу,"Мамбетова З., Архипова Т.",mektep.o.kg,https://mektep.o.kg/books/11/?grade=1,PDF without text (scan),year unknown,yes,64 pages; listed as «Мекен таануу»
1,1,Russian-medium,Русский язык и чтение. Азбука (в 2-х частях),"Горецкий В.Г., Кирюшкин В.А., Виноградская Л.А., Бойкина М.В. Учебник адаптирован: Фадеева Г.Н., Дримблева Е.Ю.",search.rsl.ru,https://search.rsl.ru/ru/record/01013811012,"Login, paywall or library only",approved edition,no,"deep search: «Русский язык и чтение. Азбука. 1 класс», учебник для КР с русским языком обучения, в 2 ч., Просвещение 2025, ч.1 127 с. (ISBN 978-5-09-126540-8 / 978-5-09-128615-1), ч.2 127 с. (978-5-09-126541-5 / 978-5-09-128616-8)"
2,1,Russian-medium,Русский язык и чтение. Азбука,Бойкина М.,arcus.kg,https://arcus.kg/modules/mod_flipbook_48/tmpl/,Part or sample only,,no,"deep search: Publisher flipbook samples: ч.1 (flipbook 48; full book 128 pp, ISBN 978-9967-34-141-8) and ч.2 (flipbook 50; 144 pp, ISBN 978-9967-34-142-5), 15 pages each"
3,1,Russian-medium,Букварь,"Ветшанова Л., Бирюшева О., Аршинова С.",bilim.akipress.org,https://bilim.akipress.org/lib/book:7/,PDF without text (scan),other year (2011),yes,"113 pages; listed as «Л. Ветшанова, О. Бирюшева, С. Аршинова. Букварь. (1 класс) Бишкек — 20»"
3,1,Russian-medium,Букварь,"Ветшанова Л., Бирюшева О., Аршинова С.",bilim.akipress.org,https://bilim.akipress.org/lib/book:76/,PDF without text (scan),other year (2011),yes,"113 pages; listed as «Л. Ветшанова, О. Бирюшева, С. Аршинова. Букварь (1 класс)  Бишкек — 20»"
3,1,Russian-medium,Букварь,"Ветшанова Л., Бирюшева О., Аршинова С.",kitep.edu.kg (ministry),https://kitep.edu.kg/book/186/read,PDF without text (scan),approved edition,yes,"deep search: approved 2018 2nd edition (Кутаалам), kitep 186, 58 double-page spreads (~116 pp), scan 2000x1436 per spread, 'PDF Compressor' stamp"
5,1,Russian-medium,Кыргыз тили,"Буйлякеева Р., Эсеналиева К. и др.",kitep.edu.kg (ministry),https://kitep.edu.kg/book/185/read,PDF without text (scan),approved edition,yes,42 pages; listed as «Кыргыз тили»
5,1,Russian-medium,Кыргыз тили,"Буйлякеева Р., Эсеналиева К. и др.",new.bizdin.kg,https://new.bizdin.kg/kniga/uchebnik-kyrgyzskaya-yazyk-1-klass-rsh,PDF (form not checked),approved edition,yes,"not opened: the site's security certificate has expired (1 Oct 2026), so browsers show a warning first; listed as «Учебник. Кыргызская язык. 1 класс. РШ»"
5,1,Russian-medium,Кыргыз тили,"Буйлякеева Р., Эсеналиева К. и др.",bilim.akipress.org,https://bilim.akipress.org/lib/book:73/,PDF without text (scan),year unknown,yes,"80 pages; listed as «Кыргыз тили К.Эсеналиева, Р.Буйлякеева, Р.Алыпсатарова, Б.Топоева-Став»"
5,1,Russian-medium,Кыргыз тили,"Буйлякеева Р., Эсеналиева К. и др.",okuma.kg,https://okuma.kg/books.php?id=260,PDF without text (scan),other year (2011),yes,144 pages; listed as «Кыргыз тили 1»
6,1,Russian-medium,Математика,Christina Soh,bizdin.kg app,https://bizdin.kg/uchebnik/matematika-okuu-kitebi-49-61-baraktary-1-klass-2025-oruscha/,Part or sample only,approved edition,no,"only a section: «Математика, Окуу китеби 49-61 барактары (1-класс, 2025, орусча)», 13 pages"
6,1,Russian-medium,Математика,Christina Soh,bizdin.kg app,https://bizdin.kg/uchebnik/matematika-okuu-kitebi-8-11-bolumdor-1-klass-2025-oruscha/,Part or sample only,approved edition,no,"only a section: «Математика, Окуу китеби (8-11 бөлүмдөр) (1-класс, 2025, орусча)», 51 pages"
6,1,Russian-medium,Математика,Christina Soh,kitep.edu.kg (ministry),https://kitep.edu.kg/book/434/read,PDF without text (scan),other year (2026),yes,"200 pages; listed as «Математика, Окуу китеби»"
6,1,Russian-medium,Математика,Christina Soh,stem.edu.gov.kg (ministry),https://stem.edu.gov.kg/api/books/187,Part or sample only,approved edition,no,"deep search: 2025 edition, first 48 pages (of 200), vector InDesign PDF, text outlined (no text layer)"
7,1,Russian-medium,Математика (в 2-х частях) Адаптированное издание,"Моро М., Волкова С., Степанова С.",biblioteka.kg,https://www.biblioteka.kg/book/1484,"Login, paywall or library only",other year (2019),no,"deep search: Russian adapted Аркус 2019 edition, 2 parts (catalogue listing only)"
8,1,Russian-medium,Математика,"Бекбоев И., Мкртчян С.Ш., Ибраева Н.",kitep.edu.kg (ministry),https://kitep.edu.kg/book/234/read,Wrong file,approved edition,no,the file is the Kyrgyz-school book
8,1,Russian-medium,Математика,"Бекбоев И., Мкртчян С.Ш., Ибраева Н.",bilim.akipress.org,https://bilim.akipress.org/lib/book:94/,PDF without text (scan),approved edition,yes,97 pages; listed as «С. Ш. Мкртчян. Математика. (1 часть) Бишкек — 2011г.»
8,1,Russian-medium,Математика,"Бекбоев И., Мкртчян С.Ш., Ибраева Н.",bilim.akipress.org,https://bilim.akipress.org/lib/book:233/,PDF without text (scan),approved edition,yes,97 pages; listed as «С. Ш. Мкртчян. Математика. (1 часть) Бишкек — 2011г.»
8,1,Russian-medium,Математика,"Бекбоев И., Мкртчян С.Ш., Ибраева Н.",bizdin.kg app,https://bizdin.kg/uchebnik/matematika-1-klass-2011-oruscha/,View online only,approved edition,yes,"read in the app or site, no download"
8,1,Russian-medium,Математика,"Бекбоев И., Мкртчян С.Ш., Ибраева Н.",bilim.akipress.org,https://bilim.akipress.org/lib/book:74/,PDF without text (scan),other year (2001),yes,"98 pages; listed as «И. Б. Бекбоев, С. Ш. Мкртчян, Н. И. Ибраева. Математика (1класс) (2час»"
8,1,Russian-medium,Математика,"Бекбоев И., Мкртчян С.Ш., Ибраева Н.",bilim.akipress.org,https://bilim.akipress.org/lib/book:65/,PDF without text (scan),year unknown,yes,50 pages; listed as «Математика 1 класс С.Ш. Мкртчян Часть вторая»
9,1,Russian-medium,Естествознание,Dana Paz,kitep.edu.kg (ministry),https://kitep.edu.kg/book/37/read,PDF without text (scan),approved edition,yes,152 pages; listed as «Табигый илимдер – Мен жана дүйнө. Окуу китеби»
9,1,Russian-medium,Естествознание,Dana Paz,kitep.edu.kg (ministry),https://kitep.edu.kg/book/251/read,Part or sample only,approved edition,no,only part 1 (21 pages); 21 pages; listed as «Я и мир»
9,1,Russian-medium,Естествознание,Dana Paz,bizdin.kg app,https://bizdin.kg/uchebnik/ia-i-mir-1-klass-2025-oruscha/,Part or sample only,approved edition,no,"only a section: «Я и мир (1-класс, 2025, орусча)», 21 pages"
9,1,Russian-medium,Естествознание,Dana Paz,bizdin.kg app,https://bizdin.kg/uchebnik/tabigyi-ilimder-men-zhana-duino-okuu-kitebi-1-klass-2025-oruscha-1/,View online only,approved edition,yes,"read in the app or site, no download"
9,1,Russian-medium,Естествознание,Dana Paz,stem.edu.gov.kg (ministry),https://stem.edu.gov.kg/api/books/185,Part or sample only,approved edition,no,"deep search: 2025 edition, born-digital InDesign PDF, pages 1-63 of 152 (Учебник)"
10,1,Russian-medium,Я и мир (в 2-х частях),"Солошенко О.В., Токтобаева Г.Д.",kitep.edu.kg (ministry),https://kitep.edu.kg/book/251/read,Part or sample only,approved edition,no,only part 1 (21 pages); 21 pages; listed as «Я и мир»
10,1,Russian-medium,Я и мир (в 2-х частях),"Солошенко О.В., Токтобаева Г.Д.",bizdin.kg app,https://bizdin.kg/uchebnik/ia-i-mir-1-klass-2025-oruscha/,Part or sample only,approved edition,no,"only a section: «Я и мир (1-класс, 2025, орусча)», 21 pages"
11,1,Russian-medium,Родиноведение,"Мамбетова З., Архипова Т.",kitep.edu.kg (ministry),https://kitep.edu.kg/book/187/read,Wrong file,approved edition,no,the file is the Kyrgyz-school edition
11,1,Russian-medium,Родиноведение,"Мамбетова З., Архипова Т.",bilim.akipress.org,https://bilim.akipress.org/lib/book:104/,PDF with text,year unknown,yes,64 pages; listed as «Родиноведение Учебник для 1 класса школ с русским языком обучения З.Ж.»
209,2,Kyrgyz-medium,Кыргыз тили,Рысбаев С.,stem.edu.gov.kg (ministry),https://stem.edu.gov.kg/api/books/466,PDF without text (scan),other year (2000),yes,"the 2000 «Педагогика» edition, not the Учкун 2023 one"
210,2,Kyrgyz-medium,Адабий окуу,"Абдухамидова Б., Рысбаев С., Ибраимова К.",kitep.edu.kg (ministry),https://kitep.edu.kg/book/335/read,PDF without text (scan),other year (2016),yes,186 pages; listed as «Адабий окуу»
210,2,Kyrgyz-medium,Адабий окуу,"Абдухамидова Б., Рысбаев С., Ибраимова К.",bilim.akipress.org,https://bilim.akipress.org/lib/book:186/,PDF without text (scan),other year (2013),yes,"183 pages; listed as «Б. А. Абдухамидова, С. К. Рысбаев, К. Ибраимова. Адабий окуу. (2класс)»"
210,2,Kyrgyz-medium,Адабий окуу,"Абдухамидова Б., Рысбаев С., Ибраимова К.",mektep.o.kg,https://mektep.o.kg/books/12/?grade=2,PDF without text (scan),year unknown,yes,180 pages; listed as «Адабии окуу 2й класс»
211,2,Kyrgyz-medium,Адабий окуу,"Токтомаметов А., Субанова Б.",biblioteka.kg,https://www.biblioteka.kg/book/1532,"Login, paywall or library only",approved edition,no,"deep search: Approved edition listed: Токтомаметов А., Субанова Б. «Адабий окуу. 2 класс», 3rd ed., Полиграфбумресурсы 2009, 212 pp, Kyrgyz (catalogue only)"
212,2,Kyrgyz-medium,"Русский язык и чтение (1, 2 часть)","Хамраева Е.А., Ысмайылова З.А., Булатова В.А.",stem.edu.gov.kg (ministry),https://stem.edu.gov.kg/api/books/673,Part or sample only,,no,"deep search: Part 1 of 2, 74 pp, born-digital"
214,2,Kyrgyz-medium,"Русский язык и чтение (1, 2 часть)",Омурбаева Д.,kitep.edu.kg (ministry),https://kitep.edu.kg/book/78/read,PDF without text (scan),,yes,63 pages; listed as «Русский язык и чтение 2 часть»
214,2,Kyrgyz-medium,"Русский язык и чтение (1, 2 часть)",Омурбаева Д.,kitep.edu.kg (ministry),https://kitep.edu.kg/book/80/read,Wrong file,,no,"the file serves the part 2 file, not part 1"
214,2,Kyrgyz-medium,"Русский язык и чтение (1, 2 часть)",Омурбаева Д.,mektep.o.kg,https://mektep.o.kg/books/12/?grade=2,PDF without text (scan),,yes,63 pages; listed as «Русский язык и чтение 2я часть»
214,2,Kyrgyz-medium,"Русский язык и чтение (1, 2 часть)",Омурбаева Д.,stem.edu.gov.kg (ministry),https://stem.edu.gov.kg/api/books/82,Part or sample only,,no,"deep search: teacher-made HTML course on stem.edu.gov.kg (book 82) that retypes the textbook's lessons (reading texts, word lists) plus lesson plans, ~188k characters of text, 108 HTML blocks; not page-faithful"
215,2,Kyrgyz-medium,Математика,"Axel Tan, Koh Siew Geok and Dr Viya Kumari Ayadurai",kitep.edu.kg (ministry),https://kitep.edu.kg/book/357/read,PDF without text (scan),approved edition,yes,"256 pages; listed as «Математика, Окуу китеби»"
215,2,Kyrgyz-medium,Математика,"Axel Tan, Koh Siew Geok and Dr Viya Kumari Ayadurai",bizdin.kg app,https://bizdin.kg/uchebnik/matematika-okuu-kitebi-4-13-bolumdor-2-klass-2025/,Part or sample only,approved edition,no,"only a section: «Математика, Окуу китеби (4-13 бөлүмдөр) (2-класс, 2025)», 141 pages"
215,2,Kyrgyz-medium,Математика,"Axel Tan, Koh Siew Geok and Dr Viya Kumari Ayadurai",stem.edu.gov.kg (ministry),https://stem.edu.gov.kg/api/books/464,PDF with text,approved edition,yes,"deep search: 2025 edition (Marshall Cavendish Maths Pupil's Book 2, Kyrgyz), full 256 pp, born-digital InDesign 18.2 PDF, 74 MB"
217,2,Kyrgyz-medium,Математика,"Бекбоев И., Ибраева Н.",bilim.akipress.org,https://bilim.akipress.org/lib/book:185/,PDF without text (scan),year unknown,yes,"70 pages; listed as «Математика 2 класс  И.Б. Бекбоев, Н.И. Ибраева»"
217,2,Kyrgyz-medium,Математика,"Бекбоев И., Ибраева Н.",bilim.akipress.org,https://bilim.akipress.org/lib/book:8/,PDF without text (scan),other year (2010),yes,"177 pages; listed as «И. Бекбоев, Н. Ибраева, П. Иманбеков, О. Худайбердиев. Математика. (2 »"
217,2,Kyrgyz-medium,Математика,"Бекбоев И., Ибраева Н.",bilim.akipress.org,https://bilim.akipress.org/lib/book:180/,PDF without text (scan),other year (2010),yes,"177 pages; listed as «И. Бекбоев, Н. Ибраева, П. Иманбеков, О. Худайбердиев. Математика (2 к»"
217,2,Kyrgyz-medium,Математика,"Бекбоев И., Ибраева Н.",okuma.kg,https://okuma.kg/books.php?id=489,PDF without text (scan),other year (2010),yes,140 pages; listed as «Математика 2»
217,2,Kyrgyz-medium,Математика,"Бекбоев И., Ибраева Н.",kitep.edu.kg (ministry),https://kitep.edu.kg/book/178/read,PDF without text (scan),other year (2015),yes,140 pages; listed as «Математика»
218,2,Kyrgyz-medium,Табигый илимдер,Shireen Khanalim,bizdin.kg app,https://bizdin.kg/uchebnik/tabigyi-ilimder-men-zhana-duino-okuu-kitebi-2-klass-2025/,View online only,approved edition,yes,"read in the app or site, no download"
218,2,Kyrgyz-medium,Табигый илимдер,Shireen Khanalim,kitep.edu.kg (ministry),https://kitep.edu.kg/book/563/read,PDF without text (scan),other year (2026),yes,184 pages; listed as «Табигый илимдер. Мен жана дүйнө. Окуу китеби»
218,2,Kyrgyz-medium,Табигый илимдер,Shireen Khanalim,stem.edu.gov.kg (ministry),https://stem.edu.gov.kg/api/books/465,PDF with text,approved edition,yes,"deep search: 2025 printing (Marshall Cavendish Science Pupil's Book 2, Kyrgyz), full 185 pp, born-digital InDesign PDF, 41 MB"
219,2,Kyrgyz-medium,Мекен таануу,Мамбетова З. ж.б.,mektep.o.kg,https://mektep.o.kg/books/12/?grade=2,PDF without text (scan),year unknown,yes,51 pages; listed as «Мекен Таануу 2й класс»
221,2,Kyrgyz-medium,Көркөм өнөр,"Акматов Д., Багдасарян А.",kitep.edu.kg (ministry),https://kitep.edu.kg/book/70/read,PDF without text (scan),approved edition,yes,65 pages; listed as «Көркөм өнөр»
221,2,Kyrgyz-medium,Көркөм өнөр,"Акматов Д., Багдасарян А.",bilim.akipress.org,https://bilim.akipress.org/lib/book:181/,PDF without text (scan),other year (2012),yes,"65 pages; listed as «Д. Акматов, А. Багдасарян. Көркөм өнөр. (2класс) Бишкек — 2012г.»"
221,2,Kyrgyz-medium,Көркөм өнөр,"Акматов Д., Багдасарян А.",mektep.o.kg,https://mektep.o.kg/books/12/?grade=2,PDF without text (scan),year unknown,yes,65 pages; listed as «Көркөм Өнөр 2й класс»
221,2,Kyrgyz-medium,Көркөм өнөр,"Акматов Д., Багдасарян А.",new.bizdin.kg,https://new.bizdin.kg/kniga/uchebnik-izobrazitelno-khudozhestvennoe-tvorchestvo-2-klass-ksh,PDF (form not checked),other year (2012),yes,"not opened: the site's security certificate has expired (1 Oct 2026), so browsers show a warning first; listed as «Учебник. Изобразительно художественное творчество. 2 класс. КШ»"
222,2,Kyrgyz-medium,Музыка,Касей М. ж.б.,bilim.akipress.org,https://bilim.akipress.org/lib/book:4/,PDF without text (scan),other year (2012),yes,"97 pages; listed as «М. Касей, К. Шамбетова, А. Шакирова, Ж. Дуйшеналиев. Музыка (2 класс) »"
222,2,Kyrgyz-medium,Музыка,Касей М. ж.б.,bilim.akipress.org,https://bilim.akipress.org/lib/book:179/,PDF without text (scan),other year (2012),yes,"97 pages; listed as «М. Касей, К. Шамбетова, А. Шакирова, Ж. Дуйшеналиев. Музыка (2 класс) »"
15,2,Russian-medium,Русский язык и чтение. Чтение (в 2-х частях),"Климанова Л.Ф., Виноградская Л.А., Горецкий В.Г. Учебник адаптирован: Фадеева Г.Н., Дримблева Е.Ю.",search.rsl.ru,https://search.rsl.ru/ru/record/01015739043,"Login, paywall or library only",other year (2026),no,"deep search: «Русский язык и чтение. Чтение. 2 класс», учебник для КР с русским языком обучения, в 2 ч.; RSL has only the 2026 printing (print deposit, not marked digitized)"
15,2,Russian-medium,Русский язык и чтение. Чтение (в 2-х частях),"Климанова Л.Ф., Виноградская Л.А., Горецкий В.Г. Учебник адаптирован: Фадеева Г.Н., Дримблева Е.Ю.",lib.uchebnik.academy,https://lib.uchebnik.academy/book/literaturnoe-chtenie-2-klass-v-2-chastiakh-klimanova-l-f-vinogradskaia-l-a-goretskii-v-g-klimanova-l-f-2-klass-2016/,PDF with text,other edition,yes,"both parts; Russian Federation original (Просвещение 2016), not the Kyrgyzstan adaptation on the list; unofficial copy of a copyrighted Просвещение (Russia) book"
16,2,Russian-medium,Русский язык и чтение. Русский язык (в 2-х частях),"Климанова Л.Ф., Бабушкина Т.В. Учебник адаптирован: Фадеева Г.Н., Дримблева Е.Ю.",search.rsl.ru,https://search.rsl.ru/ru/record/01013962247,"Login, paywall or library only",approved edition,no,"deep search: «Русский язык и чтение. Русский язык. 2 класс», учебник для КР с русским языком обучения, в 2 ч., Просвещение 2025, ч.1 71 [1] с., ч.2 71 с. (print deposit, not marked digitized)"
16,2,Russian-medium,Русский язык и чтение. Русский язык (в 2-х частях),"Климанова Л.Ф., Бабушкина Т.В. Учебник адаптирован: Фадеева Г.Н., Дримблева Е.Ю.",lib.uchebnik.academy,https://lib.uchebnik.academy/book/russkii-iazyk-2-klass-uchebnik-v-2-chastiakh-klimanova-l-f-babushkina-t-v-klimanova-l-f-2-klass-2012/,PDF without text (scan),other edition,yes,"both parts; Russian Federation original (Просвещение 2012), not the Kyrgyzstan adaptation on the list; unofficial copy of a copyrighted Просвещение (Russia) book"
17,2,Russian-medium,Русский язык и чтение. Азбука,Бойкина М.,arcus.kg,https://arcus.kg/modules/mod_flipbook_48/tmpl/,Part or sample only,,no,"deep search: Same as n13: flipbooks 48 and 50, 15-page samples of the grade-1 Азбука, ч.1 and ч.2"
18,2,Russian-medium,Русский язык,"Даувальдер О., Качигулова В.",bilim.akipress.org,https://bilim.akipress.org/lib/book:83/,PDF without text (scan),year unknown,yes,"111 pages; listed as «Русский язык 2 класс О.В. Даувальдер, В.Н. Качигулова»"
18,2,Russian-medium,Русский язык,"Даувальдер О., Качигулова В.",bilim.akipress.org,https://bilim.akipress.org/lib/book:203/,PDF without text (scan),year unknown,yes,"111 pages; listed as «Русский язык 2 класс О. В. Даувальдер, В. Н. Качигулова»"
18,2,Russian-medium,Русский язык,"Даувальдер О., Качигулова В.",new.bizdin.kg,https://new.bizdin.kg/kniga/uchebnik-russkiy-yazyk-2-klass-rsh,PDF without text (scan),,yes,"deep search: same book, 111 pp, scan at 2726x3958 per page (ours akipress-83 is 1363x1979), ABBYY-processed but no text layer"
19,2,Russian-medium,Книга для чтения,"Озмитель Е., Власова И.",bilim.akipress.org,https://bilim.akipress.org/lib/book:187/,PDF with text,year unknown,yes,"109 pages; listed as «Книга для чтения 2 класс Е. Е Озмитель, И. В. Власова»"
19,2,Russian-medium,Книга для чтения,"Озмитель Е., Власова И.",kitep.edu.kg (ministry),https://kitep.edu.kg/book/181/read,PDF without text (scan),other year (2017),yes,216 pages; listed as «Книга для чтение»
19,2,Russian-medium,Книга для чтения,"Озмитель Е., Власова И.",mektep.o.kg,https://mektep.o.kg/books/1/?grade=2,PDF without text (scan),year unknown,yes,216 pages; listed as «Книга для чтения»
19,2,Russian-medium,Книга для чтения,"Озмитель Е., Власова И.",bizdin.kg app,https://bizdin.kg/uchebnik/kniga-dlya-chteniya-2-klass/,View online only,year unknown,yes,"read in the app or site, no download"
19,2,Russian-medium,Книга для чтения,"Озмитель Е., Власова И.",new.bizdin.kg,https://new.bizdin.kg/kniga/uchebnik-kniga-dlya-chteniya-2-klass-rsh,PDF (form not checked),other year (2017),yes,"not opened: the site's security certificate has expired (1 Oct 2026), so browsers show a warning first; listed as «Учебник. Книга для чтения. 2 класс. РШ»"
20,2,Russian-medium,Кыргызский язык и чтение,"Кенчиева Ч., Сарылбекова З. и др.",kitep.edu.kg (ministry),https://kitep.edu.kg/book/56/read,PDF without text (scan),approved edition,yes,59 pages; listed as «Кыргыз тили жана окуу 2-бөлүм»
20,2,Russian-medium,Кыргызский язык и чтение,"Кенчиева Ч., Сарылбекова З. и др.",bilim.akipress.org,https://bilim.akipress.org/lib/book:80/,PDF without text (scan),approved edition,yes,"103 pages; listed as «Ч.Ж.Кенчиева,З. С. Сарылбекова. Кыргыз тили жана окуу. (орус мектептер»"
20,2,Russian-medium,Кыргызский язык и чтение,"Кенчиева Ч., Сарылбекова З. и др.",bilim.akipress.org,https://bilim.akipress.org/lib/book:81/,PDF without text (scan),approved edition,yes,"115 pages; listed as «Ч. Ж. Кенчиева, З. С. Сарылбекова. Кыргыз тили жана окуу (орус мектепт»"
20,2,Russian-medium,Кыргызский язык и чтение,"Кенчиева Ч., Сарылбекова З. и др.",bilim.akipress.org,https://bilim.akipress.org/lib/book:231/,PDF without text (scan),approved edition,yes,"115 pages; listed as «Ч. Ж. Кенчиева, З. С. Сарылбекова. Кыргыз тили жана окуу. (орус мектеп»"
20,2,Russian-medium,Кыргызский язык и чтение,"Кенчиева Ч., Сарылбекова З. и др.",bilim.akipress.org,https://bilim.akipress.org/lib/book:232/,PDF without text (scan),approved edition,yes,"103 pages; listed as «Ч. Ж. Кенчиева, З. С. Сарылбекова. Кыргыз тили жана окуу. (орус мектеп»"
20,2,Russian-medium,Кыргызский язык и чтение,"Кенчиева Ч., Сарылбекова З. и др.",new.bizdin.kg,https://new.bizdin.kg/kniga/uchebnik-kyrgyzskiy-yazyk-chast-2-2-klass-rsh,PDF (form not checked),approved edition,yes,"not opened: the site's security certificate has expired (1 Oct 2026), so browsers show a warning first; listed as «Учебник. Кыргызский язык( часть 2). 2 класс. РШ»"
20,2,Russian-medium,Кыргызский язык и чтение,"Кенчиева Ч., Сарылбекова З. и др.",bilim.akipress.org,https://bilim.akipress.org/lib/book:184/,PDF without text (scan),year unknown,yes,"125 pages; listed as «Кыргыз тили жана окуу 2-класс З. Сарылбекова, Ч.Ж. Кенчиева»"
20,2,Russian-medium,Кыргызский язык и чтение,"Кенчиева Ч., Сарылбекова З. и др.",kitep.edu.kg (ministry),https://kitep.edu.kg/book/180/read,PDF without text (scan),other year (2012),yes,53 pages; listed as «Кыргыз тили жана окуу 1-бөлүм»
21,2,Russian-medium,Математика,"Axel Tan, Koh Siew Geok and Dr Viya Kumari Ayadurai",kitep.edu.kg (ministry),https://kitep.edu.kg/book/43/read,PDF without text (scan),other year (2026),yes,"256 pages; listed as «Математика, Окуу китеби»"
21,2,Russian-medium,Математика,"Axel Tan, Koh Siew Geok and Dr Viya Kumari Ayadurai",stem.edu.gov.kg (ministry),https://stem.edu.gov.kg/api/books/203,Part or sample only,approved edition,no,"deep search: 2025 edition, born-digital InDesign PDF, pages 1-50 of 256"
22,2,Russian-medium,Математика (в 2-х частях) Адаптированное издание,"Моро М., Волкова С., Степанова С. (для 1-х кл.)",biblioteka.kg,https://www.biblioteka.kg/book/1490,"Login, paywall or library only",other year (2019),no,"deep search: Russian adapted Аркус 2019 edition, 2 parts (catalogue listing only)"
23,2,Russian-medium,Математика,Бекбоев И. и др.,kitep.edu.kg (ministry),https://kitep.edu.kg/book/237/read,PDF without text (scan),approved edition,yes,70 pages; listed as «Математика»
23,2,Russian-medium,Математика,Бекбоев И. и др.,bilim.akipress.org,https://bilim.akipress.org/lib/book:185/,PDF without text (scan),year unknown,yes,"70 pages; listed as «Математика 2 класс  И.Б. Бекбоев, Н.И. Ибраева»"
24,2,Russian-medium,Естествознание,Shireen Khanalim,bizdin.kg app,https://bizdin.kg/uchebnik/tabigyi-ilimder-men-zhana-duino-okuu-kitebi-2-klass-2025-oruscha/,View online only,approved edition,yes,"read in the app or site, no download"
24,2,Russian-medium,Естествознание,Shireen Khanalim,kitep.edu.kg (ministry),https://kitep.edu.kg/book/562/read,PDF without text (scan),other year (2026),yes,184 pages; listed as «Табигый илимдер. Мен жана дүйнө. Окуу китеби»
24,2,Russian-medium,Естествознание,Shireen Khanalim,stem.edu.gov.kg (ministry),https://stem.edu.gov.kg/api/books/301,Part or sample only,approved edition,no,"deep search: 2025 edition, born-digital InDesign PDF, pages 1-75 of 184"
25,2,Russian-medium,Родиноведение,Мамбетова З.,mektep.o.kg,https://mektep.o.kg/books/1/?grade=2,PDF without text (scan),year unknown,yes,123 pages; listed as «Родиноведение 2 кл.»
27,2,Russian-medium,Изобразительно-художественное творчество,Акматов Д. и др.,kitep.edu.kg (ministry),https://kitep.edu.kg/book/59/read,PDF without text (scan),approved edition,yes,33 pages; listed as «Көркөм өнөр»
27,2,Russian-medium,Изобразительно-художественное творчество,Акматов Д. и др.,stem.edu.gov.kg (ministry),https://stem.edu.gov.kg/storage/books/166/pdf.pdf,PDF without text (scan),,yes,"same scan, also on the ministry STEM site"
28,2,Russian-medium,Музыка,Касей М. и др.,kitep.edu.kg (ministry),https://kitep.edu.kg/book/58/read,PDF without text (scan),approved edition,yes,98 pages; listed as «Музыка»
28,2,Russian-medium,Музыка,Касей М. и др.,bizdin.kg app,https://bizdin.kg/uchebnik/muzyka-2-klass-2013-oruscha/,View online only,approved edition,yes,"read in the app or site, no download"
28,2,Russian-medium,Музыка,Касей М. и др.,stem.edu.gov.kg (ministry),https://stem.edu.gov.kg/storage/books/225/pdf.pdf,PDF without text (scan),,yes,"same scan, also on the ministry STEM site"
223,3,Kyrgyz-medium,Кыргыз тили,"Рысбаев С., Исакова Ч.",bizdin.kg app,https://bizdin.kg/uchebnik/kyrgyz-tili-3-klass-2009-zh/,View online only,other year (2009),yes,"read in the app or site, no download"
224,3,Kyrgyz-medium,Адабий окуу,"Абдухамидова Б., Рысбаев С., Ибраимова К.",our reader (el-kitep),https://rinatius.github.io/el-kitep/#/read/kg-adabiy-okuu-3,Our reader: exact text,approved edition,yes,
224,3,Kyrgyz-medium,Адабий окуу,"Абдухамидова Б., Рысбаев С., Ибраимова К.",kitep.edu.kg (ministry),https://kitep.edu.kg/book/60/read,PDF with text,approved edition,yes,184 pages; listed as «Адабий окуу»
224,3,Kyrgyz-medium,Адабий окуу,"Абдухамидова Б., Рысбаев С., Ибраимова К.",bizdin.kg app,https://bizdin.kg/uchebnik/adabii-okuu-3-klass-2014/,View online only,approved edition,yes,"read in the app or site, no download"
224,3,Kyrgyz-medium,Адабий окуу,"Абдухамидова Б., Рысбаев С., Ибраимова К.",mektep.o.kg,https://mektep.o.kg/books/13/?grade=3,PDF with text,year unknown,yes,184 pages; listed as «Адабии окуу 3й класс»
224,3,Kyrgyz-medium,Адабий окуу,"Абдухамидова Б., Рысбаев С., Ибраимова К.",bizdin.kg app,https://bizdin.kg/uchebnik/kyrgyz-tili-3-klass-2009-zh/,View online only,other year (2009),yes,"read in the app or site, no download"
225,3,Kyrgyz-medium,Адабий окуу,"Токтомаметов А., Субанова Б.",bizdin.kg app,https://bizdin.kg/uchebnik/adabii-okuu-3-klass/,View online only,year unknown,yes,"read in the app or site, no download"
226,3,Kyrgyz-medium,"Русский язык и чтение (1, 2 часть)","Булатова В., Мусаева Ч., Шеримбекова А.",our reader (el-kitep),https://rinatius.github.io/el-kitep/#/read/kg-russkiy-yazyk-i-chtenie-3-1,Our reader: exact text,other year (2014),yes,
226,3,Kyrgyz-medium,"Русский язык и чтение (1, 2 часть)","Булатова В., Мусаева Ч., Шеримбекова А.",our reader (el-kitep),https://rinatius.github.io/el-kitep/#/read/kg-russkiy-yazyk-i-chtenie-3-2,Our reader: exact text,other year (2014),yes,
226,3,Kyrgyz-medium,"Русский язык и чтение (1, 2 часть)","Булатова В., Мусаева Ч., Шеримбекова А.",kitep.edu.kg (ministry),https://kitep.edu.kg/book/71/read,Part or sample only,approved edition,no,only part 1; 128 pages; listed as «Русский язык и чтение»
226,3,Kyrgyz-medium,"Русский язык и чтение (1, 2 часть)","Булатова В., Мусаева Ч., Шеримбекова А.",kitep.edu.kg (ministry),https://kitep.edu.kg/book/72/read,PDF without text (scan),approved edition,yes,128 pages; listed as «Русский язык и чтение»
226,3,Kyrgyz-medium,"Русский язык и чтение (1, 2 часть)","Булатова В., Мусаева Ч., Шеримбекова А.",bilim.akipress.org,https://bilim.akipress.org/lib/book:18/,PDF with text,year unknown,yes,"130 pages; listed as «РУССКИЙ ЯЗЫК И ЧТЕНИЕ 3 класс В. А. Булатова, Ч. М. Мусаева, А. Ш. Шер»"
226,3,Kyrgyz-medium,"Русский язык и чтение (1, 2 часть)","Булатова В., Мусаева Ч., Шеримбекова А.",bilim.akipress.org,https://bilim.akipress.org/lib/book:19/,PDF with text,year unknown,yes,"155 pages; listed as «РУССКИЙ ЯЗЫК И ЧТЕНИЕ В. А. Булатова, Ч. М. Мусаева, А. Ш. Шеримбекова»"
226,3,Kyrgyz-medium,"Русский язык и чтение (1, 2 часть)","Булатова В., Мусаева Ч., Шеримбекова А.",bilim.akipress.org,https://bilim.akipress.org/lib/book:22/,PDF with text,year unknown,yes,"128 pages; listed as «РУССКИЙ ЯЗЫК И ЧТЕНИЕ В. А. Булатова, Ч. М. Мусаева, А. Ш. Шеримбекова»"
226,3,Kyrgyz-medium,"Русский язык и чтение (1, 2 часть)","Булатова В., Мусаева Ч., Шеримбекова А.",bilim.akipress.org,https://bilim.akipress.org/lib/book:23/,PDF with text,year unknown,yes,"152 pages; listed as «РУССКИЙ ЯЗЫК И ЧТЕНИЕ В. А. Булатова, Ч. М. Мусаева, А. Ш. Шеримбекова»"
226,3,Kyrgyz-medium,"Русский язык и чтение (1, 2 часть)","Булатова В., Мусаева Ч., Шеримбекова А.",bilim.akipress.org,https://bilim.akipress.org/lib/book:209/,PDF with text,year unknown,yes,"124 pages; listed as ««Русский язык и чтение» 3 класс В. А. Булатова, Ч. М. Мусаева, А. Ш. Ш»"
226,3,Kyrgyz-medium,"Русский язык и чтение (1, 2 часть)","Булатова В., Мусаева Ч., Шеримбекова А.",mektep.o.kg,https://mektep.o.kg/books/13/?grade=3,PDF without text (scan),year unknown,yes,128 pages; listed as «Русский язык и чтение 3й класс 1я часть»
227,3,Kyrgyz-medium,Start with English (Pre-starter),Джейн Томпсон,kitep.edu.kg (ministry),https://kitep.edu.kg/book/5/read,PDF with text,approved edition,yes,31 pages; listed as «Start with Englich Pre-starter»
227,3,Kyrgyz-medium,Start with English (Pre-starter),Джейн Томпсон,kitep.edu.kg (ministry),https://kitep.edu.kg/book/271/read,PDF with text,approved edition,yes,24 pages; listed as «Start with English Pre-starter 32-55 pages»
228,3,Kyrgyz-medium,Англис тили,"Фатнева А., Цуканова Н., Назарбекова Г.",kitep.edu.kg (ministry),https://kitep.edu.kg/book/73/read,PDF with text,approved edition,yes,216 pages; listed as «Англис тили»
228,3,Kyrgyz-medium,Англис тили,"Фатнева А., Цуканова Н., Назарбекова Г.",new.bizdin.kg,https://new.bizdin.kg/kniga/uchebnik-angliyskiy-yazyk-3-klass-ksh,PDF (form not checked),approved edition,yes,"not opened: the site's security certificate has expired (1 Oct 2026), so browsers show a warning first; listed as «Учебник. Английский язык. 3 класс. КШ»"
228,3,Kyrgyz-medium,Англис тили,"Фатнева А., Цуканова Н., Назарбекова Г.",bizdin.kg app,https://bizdin.kg/uchebnik/anglis-tili-3-klass-2018/,View online only,approved edition,yes,"read in the app or site, no download"
228,3,Kyrgyz-medium,Англис тили,"Фатнева А., Цуканова Н., Назарбекова Г.",new.bizdin.kg,https://new.bizdin.kg/kniga/uchebnik-angliyskiy-yazyk-3-klass-ksh-,PDF (form not checked),approved edition,yes,"not opened: the site's security certificate has expired (1 Oct 2026), so browsers show a warning first; listed as «Учебник. Английский язык. 3 класс. КШ -»"
229,3,Kyrgyz-medium,Математика,"Phoon Shih Jie, Hartini Abdul Rahman-Lai, Michelle Choo, Amanda O'Shea",kitep.edu.kg (ministry),https://kitep.edu.kg/book/472/read,PDF without text (scan),approved edition,yes,"128 pages; listed as «Математика, Окуу китеби (1 бөлүк)»"
229,3,Kyrgyz-medium,Математика,"Phoon Shih Jie, Hartini Abdul Rahman-Lai, Michelle Choo, Amanda O'Shea",kitep.edu.kg (ministry),https://kitep.edu.kg/book/473/read,PDF without text (scan),approved edition,yes,"136 pages; listed as «Математика, Окуу китеби (2 бөлүк)»"
229,3,Kyrgyz-medium,Математика,"Phoon Shih Jie, Hartini Abdul Rahman-Lai, Michelle Choo, Amanda O'Shea",bizdin.kg app,https://bizdin.kg/uchebnik/matematika-okuu-kitebi-3-klass-2026/,View online only,approved edition,yes,"read in the app or site, no download"
230,3,Kyrgyz-medium,Математика,"Бекбоев И., Ибраева Н.",kitep.edu.kg (ministry),https://kitep.edu.kg/book/238/read,PDF with text (OCR or old font),approved edition,yes,"224 pages, old 8-bit font: copied text is garbled; listed as «Математика»"
230,3,Kyrgyz-medium,Математика,"Бекбоев И., Ибраева Н.",bilim.akipress.org,https://bilim.akipress.org/lib/book:138/,PDF with text (OCR or old font),approved edition,yes,"224 pages, old 8-bit font: copied text is garbled; listed as «Бекбоев И., Ибраева Н. Математика: Орто мектептердин 3-кл. үчүн окуу к»"
230,3,Kyrgyz-medium,Математика,"Бекбоев И., Ибраева Н.",okuma.kg,https://okuma.kg/books.php?id=731,PDF without text (scan),approved edition,yes,228 pages; listed as «Математика 3-класс»
230,3,Kyrgyz-medium,Математика,"Бекбоев И., Ибраева Н.",new.bizdin.kg,https://new.bizdin.kg/kniga/uchebnik-matematika-3-klass-kyrgyz-klass,PDF (form not checked),approved edition,yes,"not opened: the site's security certificate has expired (1 Oct 2026), so browsers show a warning first; listed as «Учебник. Математика. 3 класс кыргыз класс»"
230,3,Kyrgyz-medium,Математика,"Бекбоев И., Ибраева Н.",mektep.o.kg,https://mektep.o.kg/books/13/?grade=3,PDF with text (OCR or old font),year unknown,yes,"224 pages, old 8-bit font: copied text is garbled; listed as «Математика 3й класс»"
231,3,Kyrgyz-medium,"Математика (1, 2-бөлүк) Адаптацияланган басылышы","Моро М., Волкова С., Степанова С.",stem.edu.gov.kg (ministry),https://stem.edu.gov.kg/api/books/107,Part or sample only,,no,"deep search: Teacher transcription of the Kyrgyz Моро 3, part 2 (textbook pages 1-111) on stem.edu.gov.kg: id 107, 285 sections, about 117k characters of task text, plus 73 pptx slide sets and 47 tests. id 104 is an earlier duplicate (pages 3-111). Part 1 was not found."
231,3,Kyrgyz-medium,"Математика (1, 2-бөлүк) Адаптацияланган басылышы","Моро М., Волкова С., Степанова С.",lib.uchebnik.academy,https://lib.uchebnik.academy/book/matematika-3-klass-v-2-chastiakh-moro-m-i-i-dr-moro-m-i-3-klass-2023/,Other language only,,no,"only the Russian original (Просвещение 2023) is online, not the Kyrgyz adaptation; unofficial copy of a copyrighted Просвещение (Russia) book"
232,3,Kyrgyz-medium,Табигый илимдер,"Bushra Malik, Natasha Mehta, Shireen Khanalim, Teo Tang Wee",kitep.edu.kg (ministry),https://kitep.edu.kg/book/482/read,PDF without text (scan),approved edition,yes,104 pages; listed as «Табигый илимдер. Мен жана дүйнө. Окуу китеби (1 бөлүк)»
232,3,Kyrgyz-medium,Табигый илимдер,"Bushra Malik, Natasha Mehta, Shireen Khanalim, Teo Tang Wee",kitep.edu.kg (ministry),https://kitep.edu.kg/book/483/read,PDF without text (scan),approved edition,yes,88 pages; listed as «Табигый илимдер. Мен жана дүйнө. Окуу китеби (2 бөлүк)»
232,3,Kyrgyz-medium,Табигый илимдер,"Bushra Malik, Natasha Mehta, Shireen Khanalim, Teo Tang Wee",bizdin.kg app,https://bizdin.kg/uchebnik/tabigyi-ilimder-men-zhana-duino-okuu-kitebi-3-klass-2026/,View online only,approved edition,yes,"read in the app or site, no download"
233,3,Kyrgyz-medium,Мекен таануу,"Бухова Е., Солошенко О., Шаповалова Е.",our reader (el-kitep),https://rinatius.github.io/el-kitep/#/read/kg-meken-taanuu-3,Our reader: exact text,approved edition,yes,
233,3,Kyrgyz-medium,Мекен таануу,"Бухова Е., Солошенко О., Шаповалова Е.",kitep.edu.kg (ministry),https://kitep.edu.kg/book/493/read,PDF without text (scan),approved edition,yes,203 pages; listed as «Мекен тануу»
233,3,Kyrgyz-medium,Мекен таануу,"Бухова Е., Солошенко О., Шаповалова Е.",bizdin.kg app,https://bizdin.kg/uchebnik/meken-tanuu-3-klass-2015/,View online only,approved edition,yes,"read in the app or site, no download"
233,3,Kyrgyz-medium,Мекен таануу,"Бухова Е., Солошенко О., Шаповалова Е.",mektep.o.kg,https://mektep.o.kg/books/13/?grade=3,PDF without text (scan),year unknown,yes,200 pages; listed as «Мекен таануу 3й класс»
233,3,Kyrgyz-medium,Мекен таануу,"Бухова Е., Солошенко О., Шаповалова Е.",new.bizdin.kg,https://new.bizdin.kg/kniga/uchebnik-rodinovedenie-3-klass-ksh,PDF (form not checked),year unknown,yes,"not opened: the site's security certificate has expired (1 Oct 2026), so browsers show a warning first; listed as «Учебник. Родиноведение. 3 класс. КШ»"
233,3,Kyrgyz-medium,Мекен таануу,"Бухова Е., Солошенко О., Шаповалова Е.",bilim.akipress.org,https://bilim.akipress.org/lib/book:160/,PDF with text,approved edition,yes,"deep search: 2015 edition, born-digital InDesign CS5 PDF, 200 pp; text layer uses Arial glyph-ID names (g570-g633 = А-я, g1305-1319 = ң/ү/ө etc.) with no usable ToUnicode - needs a remap"
234,3,Kyrgyz-medium,Мекен таануу,Мамбетова З.,mektep.o.kg,https://mektep.o.kg/books/13/?grade=3,PDF without text (scan),year unknown,yes,53 pages; listed as «Мекен Таануу 3й класс»
236,3,Kyrgyz-medium,Көркөм өнөр,"Акматов Д., Багдасарян А.",our reader (el-kitep),https://rinatius.github.io/el-kitep/#/read/kg-korkom-onor-3,Our reader: exact text,approved edition,yes,
236,3,Kyrgyz-medium,Көркөм өнөр,"Акматов Д., Багдасарян А.",kitep.edu.kg (ministry),https://kitep.edu.kg/book/239/read,PDF with text,approved edition,yes,112 pages; listed as «Көркөм өнөр»
236,3,Kyrgyz-medium,Көркөм өнөр,"Акматов Д., Багдасарян А.",new.bizdin.kg,https://new.bizdin.kg/kniga/uchebnik-iskusstvo-3-klass-ksh,PDF (form not checked),approved edition,yes,"not opened: the site's security certificate has expired (1 Oct 2026), so browsers show a warning first; listed as «Учебник. Искусство. 3 класс. КШ»"
236,3,Kyrgyz-medium,Көркөм өнөр,"Акматов Д., Багдасарян А.",bilim.akipress.org,https://bilim.akipress.org/lib/book:133/,PDF with text,year unknown,yes,72 pages; listed as «КӨРКӨМ ӨНӨР Башталгыч мектептин 3-классы үчүн окуу китеби Акматов Д. А»
236,3,Kyrgyz-medium,Көркөм өнөр,"Акматов Д., Багдасарян А.",kitep.edu.kg (ministry),https://kitep.edu.kg/book/494/read,PDF with text,other year (2018),yes,72 pages; listed as «Көркөм өнөр»
237,3,Kyrgyz-medium,Музыка,"Касей М., Шамбетова К., Шакирова А.",our reader (el-kitep),https://rinatius.github.io/el-kitep/#/read/kg-muzyka-3,Our reader: exact text,approved edition,yes,
237,3,Kyrgyz-medium,Музыка,"Касей М., Шамбетова К., Шакирова А.",kitep.edu.kg (ministry),https://kitep.edu.kg/book/95/read,PDF with text,approved edition,yes,112 pages; listed as «Музыка»
237,3,Kyrgyz-medium,Музыка,"Касей М., Шамбетова К., Шакирова А.",bilim.akipress.org,https://bilim.akipress.org/lib/book:136/,PDF with text,year unknown,yes,"112 pages; listed as «Музыка Учебник для 3 класса начальной школы Касей М., Шамбетова К., Ша»"
29,3,Russian-medium,Русский язык,"Даувальдер О., Никишкова Л.",bilim.akipress.org,https://bilim.akipress.org/lib/book:29/,PDF without text (scan),year unknown,yes,"160 pages; listed as «Русский язык 3 класс О. В. Даувальдер, Л. А. Никишкова»"
29,3,Russian-medium,Русский язык,"Даувальдер О., Никишкова Л.",bilim.akipress.org,https://bilim.akipress.org/lib/book:64/,PDF without text (scan),year unknown,yes,"164 pages; listed as «Русский язык 3 класс О.В.Даувальдер, Л.А. Никишкова»"
29,3,Russian-medium,Русский язык,"Даувальдер О., Никишкова Л.",new.bizdin.kg,https://new.bizdin.kg/kniga/uchebnik-russkiy-yazyk-3-klass-rsh,PDF (form not checked),other year (2014),yes,"not opened: the site's security certificate has expired (1 Oct 2026), so browsers show a warning first; listed as «Учебник. Русский язык. 3 класс. РШ»"
30,3,Russian-medium,Книга для чтения,"Озмитель Е., Власова И.",bilim.akipress.org,https://bilim.akipress.org/lib/book:21/,PDF without text (scan),year unknown,yes,"216 pages; listed as «Книга для чтения 3 класс И. В. Власова, Е. Е. Озмитель»"
31,3,Russian-medium,Кыргызский язык и чтение,"Буйлякеева Р., Алыпсатарова А. и др.",bilim.akipress.org,https://bilim.akipress.org/lib/book:148/,PDF without text (scan),approved edition,yes,108 pages; listed as «Кыргыз тили жана окуу: Окутуу орус тилинде жүргүзүлгөн мекгептердин  3»
31,3,Russian-medium,Кыргызский язык и чтение,"Буйлякеева Р., Алыпсатарова А. и др.",bilim.akipress.org,https://bilim.akipress.org/lib/book:150/,PDF without text (scan),approved edition,yes,108 pages; listed as «Кыргыз тили жана окуу: Окутуу орус тилинде жүргүзүлгөн мекгептердин 3-»
31,3,Russian-medium,Кыргызский язык и чтение,"Буйлякеева Р., Алыпсатарова А. и др.",kitep.edu.kg (ministry),https://kitep.edu.kg/book/184/read,PDF without text (scan),other year (2025),yes,53 pages; listed as «Кыргыз тили жана окуу 2-бөлүм»
32,3,Russian-medium,Start with English (Pre-starter),Джейн Томпсон,kitep.edu.kg (ministry),https://kitep.edu.kg/book/6/read,PDF with text,approved edition,yes,31 pages; listed as «Start with English Pre-starter»
32,3,Russian-medium,Start with English (Pre-starter),Джейн Томпсон,kitep.edu.kg (ministry),https://kitep.edu.kg/book/270/read,PDF with text,approved edition,yes,24 pages; listed as «Start with English Pre-starter 32-55 pages»
33,3,Russian-medium,Английский язык,"Фатнева А., Цуканова Н., Назарбекова Г.",bizdin.kg app,https://bizdin.kg/uchebnik/angliskii-iazyk-3-klass-2018-oruscha/,View online only,approved edition,yes,"read in the app or site, no download"
33,3,Russian-medium,Английский язык,"Фатнева А., Цуканова Н., Назарбекова Г.",kitep.edu.kg (ministry),https://kitep.edu.kg/book/183/read,PDF with text,approved edition,yes,109 pages; listed as «Англиский язык»
33,3,Russian-medium,Английский язык,"Фатнева А., Цуканова Н., Назарбекова Г.",new.bizdin.kg,https://new.bizdin.kg/kniga/uchebnik-angliyskiy-yazyk-3-klass-rsh-,PDF (form not checked),approved edition,yes,"not opened: the site's security certificate has expired (1 Oct 2026), so browsers show a warning first; listed as «Учебник. Английский язык. 3 класс. РШ -»"
33,3,Russian-medium,Английский язык,"Фатнева А., Цуканова Н., Назарбекова Г.",mektep.o.kg,https://mektep.o.kg/books/2/?grade=3,PDF with text,year unknown,yes,216 pages; listed as «English Language. Grade 3.»
34,3,Russian-medium,Математика,"Phoon Shih Jie, Hartini Abdul Rahman-Lai, Michelle Choo, Amanda O'Shea",kitep.edu.kg (ministry),https://kitep.edu.kg/book/470/read,PDF without text (scan),approved edition,yes,"128 pages; listed as «Математика, Окуу китеби (1 бөлүк)»"
34,3,Russian-medium,Математика,"Phoon Shih Jie, Hartini Abdul Rahman-Lai, Michelle Choo, Amanda O'Shea",kitep.edu.kg (ministry),https://kitep.edu.kg/book/471/read,PDF without text (scan),approved edition,yes,"136 pages; listed as «Математика, Окуу китеби (2 бөлүк)»"
34,3,Russian-medium,Математика,"Phoon Shih Jie, Hartini Abdul Rahman-Lai, Michelle Choo, Amanda O'Shea",kitep.edu.kg (ministry),https://kitep.edu.kg/book/513/read,PDF without text (scan),approved edition,yes,113 pages; listed as «Математика»
34,3,Russian-medium,Математика,"Phoon Shih Jie, Hartini Abdul Rahman-Lai, Michelle Choo, Amanda O'Shea",bizdin.kg app,https://bizdin.kg/uchebnik/matematika-okuu-kitebi-3-klass-2026-oruscha/,View online only,approved edition,yes,"read in the app or site, no download"
35,3,Russian-medium,Математика,Бекбоев И. и др.,kitep.edu.kg (ministry),https://kitep.edu.kg/book/238/read,Other language only,,no,only the Kyrgyz-language edition of this book is online
36,3,Russian-medium,Математика (в 2-х частях) Адаптированное издание,Моро М. и др.,lib.uchebnik.academy,https://lib.uchebnik.academy/book/matematika-3-klass-v-2-chastiakh-moro-m-i-i-dr-moro-m-i-3-klass-2023/,PDF without text (scan),other edition,yes,"both parts; Russian Federation original (Просвещение 2023), not the Kyrgyzstan adaptation on the list; unofficial copy of a copyrighted Просвещение (Russia) book"
37,3,Russian-medium,Естественные науки,"Bushra Malik, Natasha Mehta, Shireen Khanalim, Teo Tang Wee",kitep.edu.kg (ministry),https://kitep.edu.kg/book/479/read,PDF without text (scan),approved edition,yes,104 pages; listed as «Табигый илимдер. Мен жана дүйнө. Окуу китеби (1 бөлүк)»
37,3,Russian-medium,Естественные науки,"Bushra Malik, Natasha Mehta, Shireen Khanalim, Teo Tang Wee",kitep.edu.kg (ministry),https://kitep.edu.kg/book/480/read,PDF without text (scan),approved edition,yes,88 pages; listed as «Табигый илимдер. Мен жана дүйнө. Окуу китеби (2 бөлүк)»
37,3,Russian-medium,Естественные науки,"Bushra Malik, Natasha Mehta, Shireen Khanalim, Teo Tang Wee",bizdin.kg app,https://bizdin.kg/uchebnik/tabigyi-ilimder-men-zhana-duino-okuu-kitebi-3-klass-2026-oruscha/,View online only,approved edition,yes,"read in the app or site, no download"
38,3,Russian-medium,Родиноведение,"Бухова Е., Солошенко О. и др.",our reader (el-kitep),https://rinatius.github.io/el-kitep/#/read/ru-rodinovedenie-3,Our reader: exact text,approved edition,yes,
38,3,Russian-medium,Родиноведение,"Бухова Е., Солошенко О. и др.",kitep.edu.kg (ministry),https://kitep.edu.kg/book/514/read,PDF with text,other year (2026),yes,200 pages; listed as «Мекен таануу»
38,3,Russian-medium,Родиноведение,"Бухова Е., Солошенко О. и др.",bizdin.kg app,https://bizdin.kg/uchebnik/meken-taanuu-3-klass-2013-oruscha/,View online only,other year (2013),yes,"read in the app or site, no download"
41,3,Russian-medium,Изобразительно-художественное творчество,"Акматов Д., Багдасарян А.",bilim.akipress.org,https://bilim.akipress.org/lib/book:133/,PDF with text,year unknown,yes,72 pages; listed as «КӨРКӨМ ӨНӨР Башталгыч мектептин 3-классы үчүн окуу китеби Акматов Д. А»
41,3,Russian-medium,Изобразительно-художественное творчество,"Акматов Д., Багдасарян А.",kitep.edu.kg (ministry),https://kitep.edu.kg/book/241/read,PDF without text (scan),other year (2013),yes,39 pages; listed as «Көркөм өнөр»
42,3,Russian-medium,Музыка,Касей М. и др.,our reader (el-kitep),https://rinatius.github.io/el-kitep/#/read/ru-muzyka-3,Our reader: exact text,approved edition,yes,
42,3,Russian-medium,Музыка,Касей М. и др.,bilim.akipress.org,https://bilim.akipress.org/lib/book:136/,PDF with text,year unknown,yes,"112 pages; listed as «Музыка Учебник для 3 класса начальной школы Касей М., Шамбетова К., Ша»"
42,3,Russian-medium,Музыка,Касей М. и др.,kitep.edu.kg (ministry),https://kitep.edu.kg/book/240/read,PDF with text,other year (2013),yes,112 pages; listed as «Музыка»
238,4,Kyrgyz-medium,Кыргыз тили,Шаелдаева С. ж.б.,bizdin.kg app,https://bizdin.kg/uchebnik/kyrgyz-tili-4-klass-2014-zh-kyrgyzskii-iazyk-4-klass-2014-g-na-kyrgyzskom/okuu/,View online only,other year (2014),yes,"4th edition 2014, 209 pages; read on the site, no login; bizdin.kg says guests get the full version for 14 days, then it asks to pay"
239,4,Kyrgyz-medium,Адабий окуу,"Рысбаев С., Ибраимова К., Абдухамидова Б.",our reader (el-kitep),https://rinatius.github.io/el-kitep/#/read/kg-adabiy-okuu-4,Our reader: exact text,approved edition,yes,
239,4,Kyrgyz-medium,Адабий окуу,"Рысбаев С., Ибраимова К., Абдухамидова Б.",kitep.edu.kg (ministry),https://kitep.edu.kg/book/66/read,PDF with text,approved edition,yes,168 pages; listed as «Адабий окуу»
239,4,Kyrgyz-medium,Адабий окуу,"Рысбаев С., Ибраимова К., Абдухамидова Б.",bilim.akipress.org,https://bilim.akipress.org/lib/book:149/,PDF with text,approved edition,yes,"168 pages; listed as «С. Рысбаев, К. Ибраимова, Б. Абдухамидова Адабий окуу, 4-класс, 2015»"
239,4,Kyrgyz-medium,Адабий окуу,"Рысбаев С., Ибраимова К., Абдухамидова Б.",bilim.akipress.org,https://bilim.akipress.org/lib/book:141/,PDF with text,approved edition,yes,"152 pages; listed as «АДАБИЙ ОКУУ 4-класс, Ибраимова К. 2015»"
239,4,Kyrgyz-medium,Адабий окуу,"Рысбаев С., Ибраимова К., Абдухамидова Б.",bizdin.kg app,https://bizdin.kg/uchebnik/adabii-okuu-4-klass/,View online only,year unknown,yes,"read in the app or site, no download"
239,4,Kyrgyz-medium,Адабий окуу,"Рысбаев С., Ибраимова К., Абдухамидова Б.",mektep.o.kg,https://mektep.o.kg/books/14/?grade=4,PDF with text,year unknown,yes,168 pages; listed as «Адабии окуу»
241,4,Kyrgyz-medium,Русский язык и чтение,"Задорожная Н., Мусаева Ч., Таирова Г.",our reader (el-kitep),https://rinatius.github.io/el-kitep/#/read/kg-russkiy-yazyk-4,Our reader: exact text,approved edition,yes,
241,4,Kyrgyz-medium,Русский язык и чтение,"Задорожная Н., Мусаева Ч., Таирова Г.",kitep.edu.kg (ministry),https://kitep.edu.kg/book/65/read,PDF with text,approved edition,yes,224 pages; listed as «Орус тили»
241,4,Kyrgyz-medium,Русский язык и чтение,"Задорожная Н., Мусаева Ч., Таирова Г.",bilim.akipress.org,https://bilim.akipress.org/lib/book:109/,PDF with text,year unknown,yes,224 pages; listed as «РУССКИЙ ЯЗЫК Учебник для 4 класса школ с кыргызским языком обучения Н.»
241,4,Kyrgyz-medium,Русский язык и чтение,"Задорожная Н., Мусаева Ч., Таирова Г.",mektep.o.kg,https://mektep.o.kg/books/14/?grade=4,PDF with text,year unknown,yes,224 pages; listed as «Русский язык 4й класс»
242,4,Kyrgyz-medium,Take Off with English,"Фрэнсис Трелоар, Стив Томпсон, Джейн Томпсон",kitep.edu.kg (ministry),https://kitep.edu.kg/book/175/read,PDF with text,approved edition,yes,"27 pages; listed as «Take off with English, Pupil's book»"
242,4,Kyrgyz-medium,Take Off with English,"Фрэнсис Трелоар, Стив Томпсон, Джейн Томпсон",kitep.edu.kg (ministry),https://kitep.edu.kg/book/275/read,PDF with text,approved edition,yes,22 pages; listed as «Take off with English Pupils's Book 28-49 pages»
242,4,Kyrgyz-medium,Take Off with English,"Фрэнсис Трелоар, Стив Томпсон, Джейн Томпсон",kitep.edu.kg (ministry),https://kitep.edu.kg/book/393/read,PDF with text,approved edition,yes,42 pages; listed as «Take off with English Pupils's Book 50-91 pages»
243,4,Kyrgyz-medium,Англис тили,"Цуканова Н., Фатнева А., Жолчиева А.",kitep.edu.kg (ministry),https://kitep.edu.kg/book/69/read,PDF with text,approved edition,yes,224 pages; listed as «Англис тили»
243,4,Kyrgyz-medium,Англис тили,"Цуканова Н., Фатнева А., Жолчиева А.",new.bizdin.kg,https://new.bizdin.kg/kniga/uchebnik-angliyskiy-yazyk-4-klass-ksh,PDF (form not checked),approved edition,yes,"not opened: the site's security certificate has expired (1 Oct 2026), so browsers show a warning first; listed as «Учебник. Английский язык. 4 класс. КШ»"
243,4,Kyrgyz-medium,Англис тили,"Цуканова Н., Фатнева А., Жолчиева А.",bizdin.kg app,https://bizdin.kg/uchebnik/anglis-tili-4-klass-2018/,View online only,approved edition,yes,"read in the app or site, no download"
245,4,Kyrgyz-medium,Математика,Бекбоев И.,kitep.edu.kg (ministry),https://kitep.edu.kg/book/63/read,PDF without text (scan),approved edition,yes,94 pages; listed as «Математика»
245,4,Kyrgyz-medium,Математика,Бекбоев И.,new.bizdin.kg,https://new.bizdin.kg/kniga/uchebnik-matematika-4-klass-ksh,PDF (form not checked),approved edition,yes,"not opened: the site's security certificate has expired (1 Oct 2026), so browsers show a warning first; listed as «Учебник. Математика. 4 класс. КШ»"
245,4,Kyrgyz-medium,Математика,Бекбоев И.,bizdin.kg app,https://bizdin.kg/uchebnik/matematika-4-klass-2009/,View online only,approved edition,yes,"read in the app or site, no download"
245,4,Kyrgyz-medium,Математика,Бекбоев И.,mektep.o.kg,https://mektep.o.kg/books/14/?grade=4,PDF without text (scan),year unknown,yes,94 pages; listed as «Математика 4й класс»
245,4,Kyrgyz-medium,Математика,Бекбоев И.,okuma.kg,https://okuma.kg/books.php?id=733,PDF without text (scan),other year (2002),yes,"deep search: okuma.kg id 733: Бекбоев Математика 4-класс, OTHER EDITION (okuma says 2002), 184 single pages at 1749x2359 px (ours: 2009 ed., 94 spread images 1860x1223, i.e. ~930 px per page)"
246,4,Kyrgyz-medium,"Математика (1, 2-бөлүк) Адаптацияланган басылышы","Моро М., Волкова С., Степанова С.",lib.uchebnik.academy,https://lib.uchebnik.academy/book/matematika-4-klass-uchebnik-v-2-chastiakh-moro-m-i-bantova-m-a-i-dr-moro-m-i-4-klass-2023/,Other language only,,no,"only the Russian original (Просвещение 2023) is online, not the Kyrgyz adaptation; unofficial copy of a copyrighted Просвещение (Russia) book"
247,4,Kyrgyz-medium,Мекен таануу,"Бухова Е., Солошенко О., Шаповалова Е.",our reader (el-kitep),https://rinatius.github.io/el-kitep/#/read/kg-meken-taanuu-4,Our reader: exact text,approved edition,yes,
247,4,Kyrgyz-medium,Мекен таануу,"Бухова Е., Солошенко О., Шаповалова Е.",kitep.edu.kg (ministry),https://kitep.edu.kg/book/88/read,PDF with text,approved edition,yes,144 pages; listed as «Мекен таануу»
247,4,Kyrgyz-medium,Мекен таануу,"Бухова Е., Солошенко О., Шаповалова Е.",bilim.akipress.org,https://bilim.akipress.org/lib/book:113/,PDF with text,year unknown,yes,"144 pages; listed as «МЕКЕН ТААНУУ 4-КЛАСС Е. А. Бухова, О. В. Солошенко, Е. П. Шаповалова»"
247,4,Kyrgyz-medium,Мекен таануу,"Бухова Е., Солошенко О., Шаповалова Е.",mektep.o.kg,https://mektep.o.kg/books/14/?grade=4,PDF with text (OCR or old font),year unknown,yes,"144 pages, old 8-bit font: copied text is garbled; listed as «Мекен Таануу»"
247,4,Kyrgyz-medium,Мекен таануу,"Бухова Е., Солошенко О., Шаповалова Е.",new.bizdin.kg,https://new.bizdin.kg/kniga/uchebnik-rodinovedenie-4-klass-ksh-2015,PDF (form not checked),other year (2016),yes,"not opened: the site's security certificate has expired (1 Oct 2026), so browsers show a warning first; listed as «Учебник. Родиноведение. 4 класс. КШ (2015)»"
247,4,Kyrgyz-medium,Мекен таануу,"Бухова Е., Солошенко О., Шаповалова Е.",bizdin.kg app,https://bizdin.kg/uchebnik/meken-taanuu-4-klass/,View online only,year unknown,yes,"read in the app or site, no download"
248,4,Kyrgyz-medium,Мекен таануу,Мамбетова З.,mektep.o.kg,https://mektep.o.kg/books/14/?grade=4,PDF without text (scan),year unknown,yes,214 pages; listed as «Мекен таануу Аалам жана биз 4й класс»
248,4,Kyrgyz-medium,Мекен таануу,Мамбетова З.,bizdin.kg app,https://bizdin.kg/uchebnik/meken-taanuu-aalam-zhana-biz-4-klass/,View online only,year unknown,yes,"read in the app or site, no download"
250,4,Kyrgyz-medium,Көркөм өнөр,"Акматов Д., Багдасарян А.",kitep.edu.kg (ministry),https://kitep.edu.kg/book/61/read,PDF without text (scan),approved edition,yes,77 pages; listed as «Көркөм өнөр»
250,4,Kyrgyz-medium,Көркөм өнөр,"Акматов Д., Багдасарян А.",new.bizdin.kg,https://new.bizdin.kg/kniga/uchebnik-iskusstvo-4-klass-ksh-,PDF (form not checked),approved edition,yes,"not opened: the site's security certificate has expired (1 Oct 2026), so browsers show a warning first; listed as «Учебник. Искусство. 4 класс. КШ -»"
250,4,Kyrgyz-medium,Көркөм өнөр,"Акматов Д., Багдасарян А.",new.bizdin.kg,https://new.bizdin.kg/kniga/uchebnik-iskusstvo-4-klass-ksh,PDF (form not checked),approved edition,yes,"not opened: the site's security certificate has expired (1 Oct 2026), so browsers show a warning first; listed as «Учебник. Искусство. 4 класс. КШ»"
250,4,Kyrgyz-medium,Көркөм өнөр,"Акматов Д., Багдасарян А.",mektep.o.kg,https://mektep.o.kg/books/14/?grade=4,PDF without text (scan),year unknown,yes,77 pages; listed as «Корком онор 4й класс»
251,4,Kyrgyz-medium,Музыка,"Касей М., Шамбетова К., Шакирова А.",our reader (el-kitep),https://rinatius.github.io/el-kitep/#/read/kg-muzyka-4,Our reader: exact text,approved edition,yes,
251,4,Kyrgyz-medium,Музыка,"Касей М., Шамбетова К., Шакирова А.",kitep.edu.kg (ministry),https://kitep.edu.kg/book/57/read,PDF with text,approved edition,yes,120 pages; listed as «Музыка»
251,4,Kyrgyz-medium,Музыка,"Касей М., Шамбетова К., Шакирова А.",bilim.akipress.org,https://bilim.akipress.org/lib/book:172/,PDF with text,year unknown,yes,"120 pages; listed as «МУЗЫКА 4-класс М. Касей, К. Шамбетова, А. Шакирова»"
251,4,Kyrgyz-medium,Музыка,"Касей М., Шамбетова К., Шакирова А.",bilim.akipress.org,https://bilim.akipress.org/lib/book:175/,PDF with text,year unknown,yes,"120 pages; listed as «МУЗЫКА Башталгыч мектептин 4-классы үчүн окуу китеби М. КАСЕЙ, К. Ж. Ш»"
251,4,Kyrgyz-medium,Музыка,"Касей М., Шамбетова К., Шакирова А.",bizdin.kg app,https://bizdin.kg/uchebnik/muzyka-4-klass/,View online only,year unknown,yes,"read in the app or site, no download"
251,4,Kyrgyz-medium,Музыка,"Касей М., Шамбетова К., Шакирова А.",new.bizdin.kg,https://new.bizdin.kg/kniga/uchebnik-muzyka-4-klass-ksh,PDF (form not checked),approved edition,yes,"not opened: the site's security certificate has expired (1 Oct 2026), so browsers show a warning first; listed as «Учебник. Музыка. 4 класс. КШ»"
251,4,Kyrgyz-medium,Музыка,"Касей М., Шамбетова К., Шакирова А.",mektep.o.kg,https://mektep.o.kg/books/14/?grade=4,PDF with text,year unknown,yes,120 pages; listed as «Музыка 4й класс»
43,4,Russian-medium,Русский язык,"Калюжная Л., Качигулова В.",kitep.edu.kg (ministry),https://kitep.edu.kg/book/244/read,PDF without text (scan),approved edition,yes,160 pages; listed as «Русский язык»
43,4,Russian-medium,Русский язык,"Калюжная Л., Качигулова В.",new.bizdin.kg,https://new.bizdin.kg/kniga/uchebnik-russkiy-yazyk-4-klass-rsh,PDF (form not checked),approved edition,yes,"not opened: the site's security certificate has expired (1 Oct 2026), so browsers show a warning first; listed as «Учебник. Русский язык. 4 класс. РШ»"
43,4,Russian-medium,Русский язык,"Калюжная Л., Качигулова В.",bizdin.kg app,https://bizdin.kg/uchebnik/russkii-iazyk-4-klass-2015-oruscha/,View online only,approved edition,yes,"read in the app or site, no download"
43,4,Russian-medium,Русский язык,"Калюжная Л., Качигулова В.",mektep.o.kg,https://mektep.o.kg/books/3/?grade=4,PDF without text (scan),year unknown,yes,160 pages; listed as «Русскии Язык 4 класс»
43,4,Russian-medium,Русский язык,"Калюжная Л., Качигулова В.",biblioteka.kg,https://biblioteka.kg/book/1405,"Login, paywall or library only",approved edition,no,"deep search: biblioteka.kg lists the 2015 edition (paid/login, unchecked); every open copy is the same Distiller scan"
44,4,Russian-medium,Книга для чтения,"Озмитель Е., Власова И.",kitep.edu.kg (ministry),https://kitep.edu.kg/book/245/read,Wrong file,approved edition,no,the file serves Русский язык 4 instead
44,4,Russian-medium,Книга для чтения,"Озмитель Е., Власова И.",new.bizdin.kg,https://new.bizdin.kg/kniga/uchebnik-chtenie-4-klass-rsh,PDF without text (scan),approved edition,yes,208 pages; listed as «Учебник. Чтение. 4 класс. РШ»
44,4,Russian-medium,Книга для чтения,"Озмитель Е., Власова И.",mektep.o.kg,https://mektep.o.kg/books/3/?grade=4,PDF without text (scan),year unknown,yes,208 pages; listed as «Книга для чтения 4 класс»
44,4,Russian-medium,Книга для чтения,"Озмитель Е., Власова И.",biblioteka.kg,https://www.biblioteka.kg/book/1406,"Login, paywall or library only",approved edition,no,"deep search: biblioteka.kg lists Озмитель, Власова Книга для чтения 4 (2015, 207 pp) (paid/login, unchecked); open copies are the same scan"
45,4,Russian-medium,Кыргызский язык и чтение,"Буйлякеева Р., Момункулова З.",kitep.edu.kg (ministry),https://kitep.edu.kg/book/510/read,PDF without text (scan),approved edition,yes,184 pages; listed as «Кыргыз тили жана окуу»
45,4,Russian-medium,Кыргызский язык и чтение,"Буйлякеева Р., Момункулова З.",bilim.akipress.org,https://bilim.akipress.org/lib/book:174/,PDF with text,year unknown,yes,"184 pages; listed as «КЫРГЫЗ ТИЛИ жана ОКУУ 4-класс Р. К. Буйлякеева, З. К. Момункулова, А. »"
46,4,Russian-medium,Take Off with English,"Фрэнсис Трелоар, Стив Томпсон, Джейн Томпсон",kitep.edu.kg (ministry),https://kitep.edu.kg/book/2/read,PDF with text,approved edition,yes,27 pages; listed as «Take off with English Pupils's Book»
46,4,Russian-medium,Take Off with English,"Фрэнсис Трелоар, Стив Томпсон, Джейн Томпсон",kitep.edu.kg (ministry),https://kitep.edu.kg/book/274/read,PDF with text,approved edition,yes,22 pages; listed as «Take off with English Pupils's Book 28-49 pages»
46,4,Russian-medium,Take Off with English,"Фрэнсис Трелоар, Стив Томпсон, Джейн Томпсон",kitep.edu.kg (ministry),https://kitep.edu.kg/book/392/read,PDF with text,approved edition,yes,42 pages; listed as «Take off with English Pupils's Book 50-91 pages»
47,4,Russian-medium,Английский язык,"Цуканова Н., Фатнева А., Жолчиева А.",kitep.edu.kg (ministry),https://kitep.edu.kg/book/64/read,PDF with text,approved edition,yes,224 pages; listed as «Англис тили»
47,4,Russian-medium,Английский язык,"Цуканова Н., Фатнева А., Жолчиева А.",new.bizdin.kg,https://new.bizdin.kg/kniga/uchebnik-angliyskiy-yazyk-4-klass-rsh-,PDF (form not checked),approved edition,yes,"not opened: the site's security certificate has expired (1 Oct 2026), so browsers show a warning first; listed as «Учебник. Английский язык. 4 класс. РШ -»"
49,4,Russian-medium,Математика,"Бекбоев И., Ибраева Н.",kitep.edu.kg (ministry),https://kitep.edu.kg/book/63/read,Other language only,,no,only the Kyrgyz-language edition of this book is online
50,4,Russian-medium,Математика (в 2-х частях) Адаптированное издание,Моро М. и др,lib.uchebnik.academy,https://lib.uchebnik.academy/book/matematika-4-klass-uchebnik-v-2-chastiakh-moro-m-i-bantova-m-a-i-dr-moro-m-i-4-klass-2023/,PDF without text (scan),other edition,yes,"both parts; Russian Federation original (Просвещение 2023), not the Kyrgyzstan adaptation on the list; unofficial copy of a copyrighted Просвещение (Russia) book"
51,4,Russian-medium,Родиноведение,Бухова Е. и др.,kitep.edu.kg (ministry),https://kitep.edu.kg/book/68/read,PDF without text (scan),approved edition,yes,"144 pages; listed as «Бухова Е., Солошенко О., Шаповалова Е.»"
51,4,Russian-medium,Родиноведение,Бухова Е. и др.,new.bizdin.kg,https://new.bizdin.kg/kniga/uchebnik-rodinovedenie-4-klass-rsh-,PDF (form not checked),approved edition,yes,"not opened: the site's security certificate has expired (1 Oct 2026), so browsers show a warning first; listed as «Учебник. Родиноведение. 4 класс. РШ -»"
51,4,Russian-medium,Родиноведение,Бухова Е. и др.,bilim.akipress.org,https://bilim.akipress.org/lib/book:113/,PDF with text,year unknown,yes,"144 pages; listed as «МЕКЕН ТААНУУ 4-КЛАСС Е. А. Бухова, О. В. Солошенко, Е. П. Шаповалова»"
51,4,Russian-medium,Родиноведение,Бухова Е. и др.,mektep.o.kg,https://mektep.o.kg/books/3/?grade=4,PDF without text (scan),year unknown,yes,144 pages; listed as «Родиноведение 4 класс»
52,4,Russian-medium,Родиноведение,Мамбетова З.,bizdin.kg app,https://bizdin.kg/uchebnik/meken-taanuu-aalam-zhana-biz-4-klass-oruscha/okuu/,View online only,other year (2005),yes,"«Родиноведение. Вселенная и мы», Карловичи 2005, 188 pages; read on the site, no login; bizdin.kg says guests get the full version for 14 days, then it asks to pay"
54,4,Russian-medium,Изобразительно-художественное творчество,Акматов Д. и др.,kitep.edu.kg (ministry),https://kitep.edu.kg/book/62/read,PDF without text (scan),approved edition,yes,72 pages; listed as «Көркөм өнөр»
54,4,Russian-medium,Изобразительно-художественное творчество,Акматов Д. и др.,new.bizdin.kg,https://new.bizdin.kg/kniga/uchebnik-khuzhozhestvenno-izobrazitelnoe-tvorchestvo-4-klass-rsh,PDF (form not checked),approved edition,yes,"not opened: the site's security certificate has expired (1 Oct 2026), so browsers show a warning first; listed as «Учебник. Хужожественно изобразительное творчество. 4 класс. РШ»"
55,4,Russian-medium,Музыка,Касей М. и др.,kitep.edu.kg (ministry),https://kitep.edu.kg/book/67/read,PDF without text (scan),approved edition,yes,120 pages; listed as «Музыка»
55,4,Russian-medium,Музыка,Касей М. и др.,new.bizdin.kg,https://new.bizdin.kg/kniga/uchebnik-muzyka-4-klass-rsh,PDF (form not checked),approved edition,yes,"not opened: the site's security certificate has expired (1 Oct 2026), so browsers show a warning first; listed as «Учебник. Музыка. 4 класс. РШ»"
55,4,Russian-medium,Музыка,Касей М. и др.,bizdin.kg app,https://bizdin.kg/uchebnik/muzyka-4-klass-2015-oruscha/,View online only,approved edition,yes,"read in the app or site, no download"
55,4,Russian-medium,Музыка,Касей М. и др.,bilim.akipress.org,https://bilim.akipress.org/lib/book:172/,PDF with text,year unknown,yes,"120 pages; listed as «МУЗЫКА 4-класс М. Касей, К. Шамбетова, А. Шакирова»"
55,4,Russian-medium,Музыка,Касей М. и др.,bilim.akipress.org,https://bilim.akipress.org/lib/book:175/,PDF with text,year unknown,yes,"120 pages; listed as «МУЗЫКА Башталгыч мектептин 4-классы үчүн окуу китеби М. КАСЕЙ, К. Ж. Ш»"
252,5,Kyrgyz-medium,Кыргыз тили,"Койлубаева А., Койлубаева А.",our reader (el-kitep),https://rinatius.github.io/el-kitep/#/read/kg-kyrgyz-tili-5,Our reader: exact text,other year (2015),yes,
252,5,Kyrgyz-medium,Кыргыз тили,"Койлубаева А., Койлубаева А.",new.bizdin.kg,https://new.bizdin.kg/kniga/uchebnik-kyrgyzskiy-yazyk-5-klass-ksh-,PDF (form not checked),approved edition,yes,"not opened: the site's security certificate has expired (1 Oct 2026), so browsers show a warning first; listed as «Учебник. Кыргызский  - язык. 5 класс. КШ -»"
252,5,Kyrgyz-medium,Кыргыз тили,"Койлубаева А., Койлубаева А.",mektep.o.kg,https://mektep.o.kg/books/15/?grade=5,PDF with text,year unknown,yes,208 pages; listed as «Кыргыз тили 5й класс»
252,5,Kyrgyz-medium,Кыргыз тили,"Койлубаева А., Койлубаева А.",kitep.edu.kg (ministry),https://kitep.edu.kg/book/131/read,PDF with text,other year (2015),yes,208 pages; listed as «Кыргыз тили»
252,5,Kyrgyz-medium,Кыргыз тили,"Койлубаева А., Койлубаева А.",okuma.kg,https://okuma.kg/books.php?id=197,PDF without text (scan),other year (2015),yes,207 pages; listed as «Кыргыз тили 5 класс»
252,5,Kyrgyz-medium,Кыргыз тили,"Койлубаева А., Койлубаева А.",new.bizdin.kg,https://new.bizdin.kg/kniga/uchebnik-kyrgyzskiy-yazyk-5-klass-ksh,PDF (form not checked),other year (2015),yes,"not opened: the site's security certificate has expired (1 Oct 2026), so browsers show a warning first; listed as «Учебник. Кыргызский - язык. 5 класс. КШ»"
252,5,Kyrgyz-medium,Кыргыз тили,"Койлубаева А., Койлубаева А.",bizdin.kg app,https://bizdin.kg/uchebnik/kyrgyz-tili-5-klass-2015/,View online only,other year (2015),yes,"read in the app or site, no download"
254,5,Kyrgyz-medium,Кыргыз адабияты,"Муратов А., Асакеева Р. ж.б.",our reader (el-kitep),https://rinatius.github.io/el-kitep/#/read/kg-kyrgyz-adabiyaty-5,Our reader: exact text,approved edition,yes,
254,5,Kyrgyz-medium,Кыргыз адабияты,"Муратов А., Асакеева Р. ж.б.",kitep.edu.kg (ministry),https://kitep.edu.kg/book/519/read,PDF with text,approved edition,yes,244 pages; listed as «Кыргыз адабияты»
254,5,Kyrgyz-medium,Кыргыз адабияты,"Муратов А., Асакеева Р. ж.б.",new.bizdin.kg,https://new.bizdin.kg/kniga/uchebnik-kyrgyzskaya-literatura-5-klass-ksh,PDF (form not checked),approved edition,yes,"not opened: the site's security certificate has expired (1 Oct 2026), so browsers show a warning first; listed as «Учебник. Кыргызская литература. 5 класс. КШ»"
254,5,Kyrgyz-medium,Кыргыз адабияты,"Муратов А., Асакеева Р. ж.б.",mektep.o.kg,https://mektep.o.kg/books/15/?grade=5,PDF with text,year unknown,yes,244 pages; listed as «Кыргыз Адабияты 5й класс»
255,5,Kyrgyz-medium,"Русский язык и чтение (1, 2 часть)","Задорожная Н.П., Булатова В.А., Чепекова Г.С.",our reader (el-kitep),https://rinatius.github.io/el-kitep/#/read/kg-russkiy-yazyk-i-chtenie-5-1,Our reader: exact text,approved edition,yes,
255,5,Kyrgyz-medium,"Русский язык и чтение (1, 2 часть)","Задорожная Н.П., Булатова В.А., Чепекова Г.С.",our reader (el-kitep),https://rinatius.github.io/el-kitep/#/read/kg-russkiy-yazyk-i-chtenie-5-2,Our reader: exact text,approved edition,yes,
255,5,Kyrgyz-medium,"Русский язык и чтение (1, 2 часть)","Задорожная Н.П., Булатова В.А., Чепекова Г.С.",mektep.o.kg,https://mektep.o.kg/books/15/?grade=5,PDF without text (scan),year unknown,yes,192 pages; listed as «Русский Язык 5й класс»
255,5,Kyrgyz-medium,"Русский язык и чтение (1, 2 часть)","Задорожная Н.П., Булатова В.А., Чепекова Г.С.",stem.edu.gov.kg (ministry),https://stem.edu.gov.kg/api/books/553,PDF with text,,yes,"deep search: Both parts: part 1 stem 553 (179 pp) + part 2 stem 554 (226 pp, saved by the sources searcher), born-digital"
256,5,Kyrgyz-medium,Русский язык,"Задорожная Н., Идрисова Н., Таирова Г.",our reader (el-kitep),https://rinatius.github.io/el-kitep/#/read/kg-russkiy-yazyk-5,Our reader: exact text,approved edition,yes,
256,5,Kyrgyz-medium,Русский язык,"Задорожная Н., Идрисова Н., Таирова Г.",kitep.edu.kg (ministry),https://kitep.edu.kg/book/133/read,PDF without text (scan),approved edition,yes,192 pages; listed as «Русский язык»
256,5,Kyrgyz-medium,Русский язык,"Задорожная Н., Идрисова Н., Таирова Г.",mektep.o.kg,https://mektep.o.kg/books/15/?grade=5,PDF without text (scan),year unknown,yes,192 pages; listed as «Русский Язык 5й класс»
257,5,Kyrgyz-medium,"Русское слово (1, 2 часть)","Каменецкая В., Каменецкая Н.",kitep.edu.kg (ministry),https://kitep.edu.kg/book/126/read,PDF without text (scan),approved edition,yes,248 pages; listed as «Русское слово 1 часть»
257,5,Kyrgyz-medium,"Русское слово (1, 2 часть)","Каменецкая В., Каменецкая Н.",kitep.edu.kg (ministry),https://kitep.edu.kg/book/128/read,PDF without text (scan),approved edition,yes,254 pages; listed as «Русское слово 2 часть»
257,5,Kyrgyz-medium,"Русское слово (1, 2 часть)","Каменецкая В., Каменецкая Н.",mektep.o.kg,https://mektep.o.kg/books/15/?grade=5,PDF without text (scan),year unknown,yes,248 pages; listed as «Русское слово 5й класс часть первая»
258,5,Kyrgyz-medium,Take Off with English,"Фрэнсис Трелоар, Стив Томпсон, Джейн Томпсон",kitep.edu.kg (ministry),https://kitep.edu.kg/book/9/read,PDF without text (scan),approved edition,yes,27 pages; listed as «Take off with English Pupil's Book»
258,5,Kyrgyz-medium,Take Off with English,"Фрэнсис Трелоар, Стив Томпсон, Джейн Томпсон",kitep.edu.kg (ministry),https://kitep.edu.kg/book/279/read,PDF without text (scan),approved edition,yes,22 pages; listed as «Take off with Engilsh Pupil's Book 28-48 pages»
258,5,Kyrgyz-medium,Take Off with English,"Фрэнсис Трелоар, Стив Томпсон, Джейн Томпсон",kitep.edu.kg (ministry),https://kitep.edu.kg/book/371/read,PDF with text,approved edition,yes,24 pages; listed as «Take off with Engilsh Pupil's Book 50-73 pages»
258,5,Kyrgyz-medium,Take Off with English,"Фрэнсис Трелоар, Стив Томпсон, Джейн Томпсон",kitep.edu.kg (ministry),https://kitep.edu.kg/book/402/read,PDF with text,approved edition,yes,20 pages; listed as «Take off with Engilsh Pupil's Book 74-93 pages»
259,5,Kyrgyz-medium,Англис тили,"Абдышева Ч., Балута О., Фатнева А., Цуканова Н.",kitep.edu.kg (ministry),https://kitep.edu.kg/book/136/read,PDF with text,approved edition,yes,360 pages; listed as «Англис тили»
259,5,Kyrgyz-medium,Англис тили,"Абдышева Ч., Балута О., Фатнева А., Цуканова Н.",bizdin.kg app,https://bizdin.kg/uchebnik/angliiskii-iazyk/,View online only,year unknown,yes,"read in the app or site, no download"
260,5,Kyrgyz-medium,Кыргызстандын жана дүйнөнүн тарыхы,"Осмонов Ө., Керимова Ш., Жыргалбекова Г.",mektep.o.kg,https://mektep.o.kg/books/15/?grade=5,PDF without text (scan),year unknown,yes,208 pages; listed as «История 5й класс»
261,5,Kyrgyz-medium,Кыргызстандын тарыхы боюнча кыскача аңгемелер,Доталиев А. ж.б.,kitep.edu.kg (ministry),https://kitep.edu.kg/book/124/read,PDF without text (scan),approved edition,yes,82 pages; listed as «Кыргызстандын тарыхы боюнча кыскача аңгемелер»
261,5,Kyrgyz-medium,Кыргызстандын тарыхы боюнча кыскача аңгемелер,Доталиев А. ж.б.,okuma.kg,https://okuma.kg/books.php?id=189,PDF without text (scan),approved edition,yes,162 pages; listed as «КЫРГЫЗСТАНДЫН ТАРЫХЫ БОЮНЧА КЫСКАЧА АНГЕМЕЛЕР 5 класс»
261,5,Kyrgyz-medium,Кыргызстандын тарыхы боюнча кыскача аңгемелер,Доталиев А. ж.б.,bizdin.kg app,https://bizdin.kg/uchebnik/kyrgyzstandyn-tarykhy-boiuncha-kyskacha-angemeler-5-klass-2009/,View online only,approved edition,yes,"read in the app or site, no download"
262,5,Kyrgyz-medium,Адам жана коом,"Осмонов Ө., Керимова Ш. ж.б.",our reader (el-kitep),https://rinatius.github.io/el-kitep/#/read/kg-adam-jana-koom-5,Our reader: exact text,approved edition,yes,
263,5,Kyrgyz-medium,Математика,Toh Tin Lam,kitep.edu.kg (ministry),https://kitep.edu.kg/book/50/read,PDF without text (scan),approved edition,yes,"288 pages; listed as «Математика, Окуу китеби»"
263,5,Kyrgyz-medium,Математика,Toh Tin Lam,kitep.edu.kg (ministry),https://kitep.edu.kg/book/328/read,PDF with text,approved edition,yes,40 pages; listed as «Математика_5_РТ_кырг_8-10»
263,5,Kyrgyz-medium,Математика,Toh Tin Lam,bizdin.kg app,https://bizdin.kg/uchebnik/matematika_5_rt_kyrg_8-10-5-klass-2025/,Part or sample only,approved edition,no,"only a section: «Математика_5_РТ_кырг_8-10 (5-класс, 2025)», 40 pages"
263,5,Kyrgyz-medium,Математика,Toh Tin Lam,stem.edu.gov.kg (ministry),https://stem.edu.gov.kg/api/books/315,Part or sample only,approved edition,no,"deep search: stem.edu.gov.kg id 315 «Математика, Окуу китеби» 5-класс (Kyrgyz), 2025 first release (Aug 2025), 50 pp born-digital = opening units (natural numbers ... decimals) of the Судирман/Чунг (Toh Tin Lam series) book"
264,5,Kyrgyz-medium,Математика,Кыдыралиев С. ж.б.,kitep.edu.kg (ministry),https://kitep.edu.kg/book/135/read,PDF without text (scan),approved edition,yes,280 pages; listed as «Математика»
264,5,Kyrgyz-medium,Математика,Кыдыралиев С. ж.б.,new.bizdin.kg,https://new.bizdin.kg/kniga/uchebnik-matematika-5-klass-ksh,PDF (form not checked),approved edition,yes,"not opened: the site's security certificate has expired (1 Oct 2026), so browsers show a warning first; listed as «Учебник. Математика. 5 - класс. КШ»"
265,5,Kyrgyz-medium,Математика,Бекбоев И. ж.б.,okuma.kg,https://okuma.kg/books.php?id=159,PDF without text (scan),approved edition,yes,264 pages; listed as «Математика 5 класс»
265,5,Kyrgyz-medium,Математика,Бекбоев И. ж.б.,new.bizdin.kg,https://new.bizdin.kg/kniga/uchebnik-matematika-5-klass-kshk-,PDF (form not checked),approved edition,yes,"not opened: the site's security certificate has expired (1 Oct 2026), so browsers show a warning first; listed as «Учебник. Математика. 5 - класс. КШ(к) -»"
265,5,Kyrgyz-medium,Математика,Бекбоев И. ж.б.,bizdin.kg app,https://bizdin.kg/uchebnik/matematika-5-klass/,View online only,year unknown,yes,"read in the app or site, no download"
265,5,Kyrgyz-medium,Математика,Бекбоев И. ж.б.,bilim.akipress.org,https://bilim.akipress.org/lib/book:168/,PDF without text (scan),approved edition,yes,"deep search: print file: sharp vector pages but no text layer. Same approved edition: Бекбоев ж.б. «Математика» 5-класс, 3rd ed., Билим-компьютер 2015, 264 pp, InDesign print PDF (text outlined as vectors)"
266,5,Kyrgyz-medium,Информатика,Орускулов Т. ж.б.,our reader (el-kitep),https://rinatius.github.io/el-kitep/#/read/kg-informatika-5,Our reader: exact text,approved edition,yes,
266,5,Kyrgyz-medium,Информатика,Орускулов Т. ж.б.,kitep.edu.kg (ministry),https://kitep.edu.kg/book/137/read,PDF with text,approved edition,yes,144 pages; listed as «Информатика»
266,5,Kyrgyz-medium,Информатика,Орускулов Т. ж.б.,new.bizdin.kg,https://new.bizdin.kg/kniga/uchebnik-informatika-5-klass-ksh,PDF (form not checked),approved edition,yes,"not opened: the site's security certificate has expired (1 Oct 2026), so browsers show a warning first; listed as «Учебник. Информатика. 5 класс. КШ»"
266,5,Kyrgyz-medium,Информатика,Орускулов Т. ж.б.,mektep.o.kg,https://mektep.o.kg/books/15/?grade=5,PDF with text,year unknown,yes,144 pages; listed as «Информатика 5й класс»
267,5,Kyrgyz-medium,Информатика 5 – 6-кл.,"Беляев А., Цыбуля И., Осипова Н. ж.б.",okuma.kg,https://okuma.kg/books.php?id=937,PDF with text,approved edition,yes,104 pages; listed as «Информатика 5-6 класс»
267,5,Kyrgyz-medium,Информатика 5 – 6-кл.,"Беляев А., Цыбуля И., Осипова Н. ж.б.",okuma.kg,https://okuma.kg/books.php?id=946,PDF with text,other year (2020),yes,207 pages; listed as «Информатика 5-6 - класс»
268,5,Kyrgyz-medium,Табигый илимдер – Мен жана дүйнө,Alexander Gray,kitep.edu.kg (ministry),https://kitep.edu.kg/book/558/read,PDF without text (scan),approved edition,yes,272 pages; listed as «Табийгый илимдер»
268,5,Kyrgyz-medium,Табигый илимдер – Мен жана дүйнө,Alexander Gray,stem.edu.gov.kg (ministry),https://stem.edu.gov.kg/api/books/173,Part or sample only,other year (2025),no,"deep search: stem.edu.gov.kg id 173 «Табият таануу, Мен жана дүйнө, Окуу китеби» 5-класс, Александр Грей, Aug 2025 release, 62 pp born-digital (first units; magnets, living things, plants ...)"
269,5,Kyrgyz-medium,Технология,Мамбеталиев Ч. ж.б.,our reader (el-kitep),https://rinatius.github.io/el-kitep/#/read/kg-tehnologiya-5,Our reader: exact text,approved edition,yes,
269,5,Kyrgyz-medium,Технология,Мамбеталиев Ч. ж.б.,kitep.edu.kg (ministry),https://kitep.edu.kg/book/516/read,PDF with text,approved edition,yes,128 pages; listed as «Технология»
269,5,Kyrgyz-medium,Технология,Мамбеталиев Ч. ж.б.,new.bizdin.kg,https://new.bizdin.kg/kniga/uchebnik-tekhnologiya-5-klass-ksh,PDF (form not checked),approved edition,yes,"not opened: the site's security certificate has expired (1 Oct 2026), so browsers show a warning first; listed as «Учебник. Технология. 5 класс. КШ»"
269,5,Kyrgyz-medium,Технология,Мамбеталиев Ч. ж.б.,mektep.o.kg,https://mektep.o.kg/books/15/?grade=5,PDF with text,year unknown,yes,128 pages; listed as «Технология 5й класс»
270,5,Kyrgyz-medium,Көркөм өнөр,"Акматов Д., Орозбаев А.",mektep.o.kg,https://mektep.o.kg/books/15/?grade=5,PDF with text,year unknown,yes,88 pages; listed as «Корком онор»
271,5,Kyrgyz-medium,Музыка,"Муратова А., Артыков К.",our reader (el-kitep),https://rinatius.github.io/el-kitep/#/read/kg-muzyka-5,Our reader: exact text,approved edition,yes,
271,5,Kyrgyz-medium,Музыка,"Муратова А., Артыков К.",kitep.edu.kg (ministry),https://kitep.edu.kg/book/509/read,PDF with text,approved edition,yes,128 pages; listed as «Музыка»
271,5,Kyrgyz-medium,Музыка,"Муратова А., Артыков К.",new.bizdin.kg,https://new.bizdin.kg/kniga/uchebnik-muzyka-5-klass-ksh,PDF (form not checked),approved edition,yes,"not opened: the site's security certificate has expired (1 Oct 2026), so browsers show a warning first; listed as «Учебник. Музыка. 5 класс. КШ»"
271,5,Kyrgyz-medium,Музыка,"Муратова А., Артыков К.",mektep.o.kg,https://mektep.o.kg/books/15/?grade=5,PDF with text,year unknown,yes,128 pages; listed as «Музыка 5й класс»
56,5,Russian-medium,Русский язык (в 2-х частях),"Ладыженская Т.А., Баранов М.Т., Тростенцова Л.А. и др. Учебник адаптирован: Коминарец Н.Д., Матохина Т.А.",search.rsl.ru,https://search.rsl.ru/ru/record/01013810967,"Login, paywall or library only",approved edition,no,"deep search: «Русский язык. 5 класс», учебник для КР с русским языком обучения, в 2 ч., Просвещение 2025, ч.1 207 с. (ISBN 978-5-09-126991-8) (print deposit, not marked digitized)"
56,5,Russian-medium,Русский язык (в 2-х частях),"Ладыженская Т.А., Баранов М.Т., Тростенцова Л.А. и др. Учебник адаптирован: Коминарец Н.Д., Матохина Т.А.",lib.uchebnik.academy,https://lib.uchebnik.academy/book/russkii-iazyk-5-klass-1-2-chast-ladyzhenskaia-t-a-baranov-m-t-i-dr-ladyzhenskaia-t-a-5-klass-2023/,PDF without text (scan),other edition,yes,"both parts; Russian Federation original (Просвещение 2023), not the Kyrgyzstan adaptation on the list; unofficial copy of a copyrighted Просвещение (Russia) book"
57,5,Russian-medium,Русский язык,"Бреусенко Л., Матохина Т. и др.",our reader (el-kitep),https://rinatius.github.io/el-kitep/#/read/ru-russkiy-yazyk-5,Our reader: exact text,approved edition,yes,
57,5,Russian-medium,Русский язык,"Бреусенко Л., Матохина Т. и др.",kitep.edu.kg (ministry),https://kitep.edu.kg/book/74/read,PDF with text,approved edition,yes,256 pages; listed as «Русский язык»
57,5,Russian-medium,Русский язык,"Бреусенко Л., Матохина Т. и др.",new.bizdin.kg,https://new.bizdin.kg/kniga/uchebnik-russkiy-yazyk-5-klass-rsh,PDF (form not checked),approved edition,yes,"not opened: the site's security certificate has expired (1 Oct 2026), so browsers show a warning first; listed as «Учебник. Русский язык. 5 класс. РШ»"
57,5,Russian-medium,Русский язык,"Бреусенко Л., Матохина Т. и др.",bizdin.kg app,https://bizdin.kg/uchebnik/russkii-iazyk-5-klass-2018-oruscha/,View online only,approved edition,yes,"read in the app or site, no download"
57,5,Russian-medium,Русский язык,"Бреусенко Л., Матохина Т. и др.",mektep.o.kg,https://mektep.o.kg/books/4/?grade=5,PDF with text,year unknown,yes,256 pages; listed as «Русскии Язык. 5 класс»
58,5,Russian-medium,Русская литература (в 2-х частях),"Коровина В.Я., Журавлев В.П., Коровин В.И., Низовская И.А., Ешенова Н.А.",search.rsl.ru,https://search.rsl.ru/ru/record/01013816583,"Login, paywall or library only",approved edition,no,"deep search: «Русская литература. 5 класс», учебник для КР с русским языком обучения, в 2 ч., Просвещение 2025, ч.1 223 с., ч.2 223 с."
58,5,Russian-medium,Русская литература (в 2-х частях),"Коровина В.Я., Журавлев В.П., Коровин В.И., Низовская И.А., Ешенова Н.А.",lib.uchebnik.academy,https://lib.uchebnik.academy/book/literatura-5-klass-uchebnik-v-1-2-kniga-i-broshiura-fonokhrestomatiia-korovina-v-ia-i-dr-korovina-v-ia-5-klass-2024/,PDF without text (scan),other edition,yes,"both parts; Russian Federation original (Просвещение 2023), not the Kyrgyzstan adaptation on the list; unofficial copy of a copyrighted Просвещение (Russia) book"
59,5,Russian-medium,Русская литература,Озмитель Е. и др.,our reader (el-kitep),https://rinatius.github.io/el-kitep/#/read/ru-russkaya-literatura-5,Our reader: exact text,approved edition,yes,
59,5,Russian-medium,Русская литература,Озмитель Е. и др.,kitep.edu.kg (ministry),https://kitep.edu.kg/book/87/read,PDF with text,approved edition,yes,280 pages; listed as «Русская литература»
59,5,Russian-medium,Русская литература,Озмитель Е. и др.,kitep.edu.kg (ministry),https://kitep.edu.kg/book/518/read,PDF with text,approved edition,yes,280 pages; listed as «Орус адабияты»
59,5,Russian-medium,Русская литература,Озмитель Е. и др.,new.bizdin.kg,https://new.bizdin.kg/kniga/russkaya-literatura-5-klass,PDF (form not checked),approved edition,yes,"not opened: the site's security certificate has expired (1 Oct 2026), so browsers show a warning first; listed as «Русская литература 5-класс»"
59,5,Russian-medium,Русская литература,Озмитель Е. и др.,bizdin.kg app,https://bizdin.kg/uchebnik/russkaia-literatura-5-klass-2018-oruscha/,View online only,approved edition,yes,"read in the app or site, no download"
59,5,Russian-medium,Русская литература,Озмитель Е. и др.,mektep.o.kg,https://mektep.o.kg/books/4/?grade=5,PDF with text,year unknown,yes,280 pages; listed as «Русская Литература»
60,5,Russian-medium,Кыргыз тили,Джусупбекова Н. и др.,our reader (el-kitep),https://rinatius.github.io/el-kitep/#/read/ru-kyrgyz-tili-5,Our reader: exact text,other year (2015),yes,
61,5,Russian-medium,Кыргыз адабияты,Мусаев А. и др.,mektep.o.kg,https://mektep.o.kg/books/4/?grade=5,PDF without text (scan),year unknown,yes,92 pages; listed as «Кыргыз адабияты 5 класс»
62,5,Russian-medium,Take Off with English,"Фрэнсис Трелоар, Стив Томпсон, Джейн Томпсон",kitep.edu.kg (ministry),https://kitep.edu.kg/book/10/read,PDF without text (scan),approved edition,yes,27 pages; listed as «Take off with Engilsh Pupil's Book»
62,5,Russian-medium,Take Off with English,"Фрэнсис Трелоар, Стив Томпсон, Джейн Томпсон",kitep.edu.kg (ministry),https://kitep.edu.kg/book/278/read,PDF without text (scan),approved edition,yes,22 pages; listed as «Take off with Engilsh Pupil's Book 28-48 pages»
62,5,Russian-medium,Take Off with English,"Фрэнсис Трелоар, Стив Томпсон, Джейн Томпсон",kitep.edu.kg (ministry),https://kitep.edu.kg/book/370/read,PDF with text,approved edition,yes,24 pages; listed as «Take off with Engilsh Pupil's Book 50-73 pages»
62,5,Russian-medium,Take Off with English,"Фрэнсис Трелоар, Стив Томпсон, Джейн Томпсон",kitep.edu.kg (ministry),https://kitep.edu.kg/book/401/read,PDF with text,approved edition,yes,20 pages; listed as «Take off with Engilsh Pupil's Book 74-93 pages»
63,5,Russian-medium,Английский язык,"Абдышева Ч., Балута О., Фатнева А., Цуканова Н.",kitep.edu.kg (ministry),https://kitep.edu.kg/book/114/read,PDF with text,approved edition,yes,360 pages; listed as «Англис тили»
63,5,Russian-medium,Английский язык,"Абдышева Ч., Балута О., Фатнева А., Цуканова Н.",mektep.o.kg,https://mektep.o.kg/books/4/?grade=5,PDF with text,year unknown,yes,360 pages; listed as «Английский язык»
64,5,Russian-medium,История Кыргызстана и мировая история,Осмонов О. и др.,our reader (el-kitep),https://rinatius.github.io/el-kitep/#/read/ru-istoriya-kyrgyzstana-5,Our reader: exact text,approved edition,yes,
64,5,Russian-medium,История Кыргызстана и мировая история,Осмонов О. и др.,kitep.edu.kg (ministry),https://kitep.edu.kg/book/110/read,PDF without text (scan),approved edition,yes,208 pages; listed as «История Кыргызстана и мировая история»
64,5,Russian-medium,История Кыргызстана и мировая история,Осмонов О. и др.,kitep.edu.kg (ministry),https://kitep.edu.kg/book/517/read,PDF without text (scan),approved edition,yes,208 pages; listed as «Кыргызстандын жана дүйнөнүн тарыхы»
64,5,Russian-medium,История Кыргызстана и мировая история,Осмонов О. и др.,new.bizdin.kg,https://new.bizdin.kg/kniga/uchebnik-istoriya-5-klass-rsh,PDF (form not checked),approved edition,yes,"not opened: the site's security certificate has expired (1 Oct 2026), so browsers show a warning first; listed as «Учебник. История. 5 класс. РШ»"
64,5,Russian-medium,История Кыргызстана и мировая история,Осмонов О. и др.,mektep.o.kg,https://mektep.o.kg/books/4/?grade=5,PDF without text (scan),year unknown,yes,208 pages; listed as «История Кыргызстана»
64,5,Russian-medium,История Кыргызстана и мировая история,Осмонов О. и др.,new.bizdin.kg,https://new.bizdin.kg/kniga/uchebnik-istoriya-kyrgyzstana-i-mirovaya-istoriya-5-klass-rsh,PDF with text,approved edition,yes,"deep search: Same approved edition 2018 (Билим-компьютер, 208 pp), born-digital in 2 files: part 1 «История Кыргызстана» (88 pp) + part II «Мировая история» (120 pp) = all 208 pages"
65,5,Russian-medium,Краткие рассказы по истории Кыргызстана,Доталиев А.,kitep.edu.kg (ministry),https://kitep.edu.kg/book/112/read,PDF with text,approved edition,yes,100 pages; listed as «Краткие рассказы по истории Кыргызстана»
65,5,Russian-medium,Краткие рассказы по истории Кыргызстана,Доталиев А.,mektep.o.kg,https://mektep.o.kg/books/4/?grade=5,PDF with text,year unknown,yes,100 pages; listed as «Краткие рассказы по истории»
66,5,Russian-medium,Человек и общество,Осмонов О. и др.,our reader (el-kitep),https://rinatius.github.io/el-kitep/#/read/ru-chelovek-obshchestvo-5,Our reader: exact text,approved edition,yes,
67,5,Russian-medium,Математика,Toh Tin Lam,kitep.edu.kg (ministry),https://kitep.edu.kg/book/51/read,PDF without text (scan),approved edition,yes,"288 pages; listed as «Математика, Окуу китеби»"
67,5,Russian-medium,Математика,Toh Tin Lam,stem.edu.gov.kg (ministry),https://stem.edu.gov.kg/api/books/366,Part or sample only,approved edition,no,"deep search: stem.edu.gov.kg id 366 «Математика, Учебник» 5 класс (Russian), Aug 2025 release, 50 pp born-digital (opening units)"
68,5,Russian-medium,Математика,Кыдыралиев С. и др.,kitep.edu.kg (ministry),https://kitep.edu.kg/book/107/read,PDF without text (scan),approved edition,yes,288 pages; listed as «Математика»
68,5,Russian-medium,Математика,Кыдыралиев С. и др.,new.bizdin.kg,https://new.bizdin.kg/kniga/uchebnik-matematika-5-klass-rsh,PDF (form not checked),approved edition,yes,"not opened: the site's security certificate has expired (1 Oct 2026), so browsers show a warning first; listed as «Учебник. Математика. 5 класс. РШ»"
68,5,Russian-medium,Математика,Кыдыралиев С. и др.,bizdin.kg app,https://bizdin.kg/uchebnik/matematika-5-klass-2018-oruscha/,View online only,approved edition,yes,"read in the app or site, no download"
68,5,Russian-medium,Математика,Кыдыралиев С. и др.,mektep.o.kg,https://mektep.o.kg/books/4/?grade=5,PDF without text (scan),year unknown,yes,288 pages; listed as «Математика. 5 класс»
69,5,Russian-medium,Информатика,Орускулов Т. и др.,our reader (el-kitep),https://rinatius.github.io/el-kitep/#/read/ru-informatika-5,Our reader: exact text,approved edition,yes,
69,5,Russian-medium,Информатика,Орускулов Т. и др.,kitep.edu.kg (ministry),https://kitep.edu.kg/book/93/read,PDF with text,approved edition,yes,144 pages; listed as «Информатика»
69,5,Russian-medium,Информатика,Орускулов Т. и др.,mektep.o.kg,https://mektep.o.kg/books/4/?grade=5,PDF with text,approved edition,yes,144 pages; listed as «Информатика. 2018»
70,5,Russian-medium,Информатика 5 – 6 кл.,"Беляев А., Цыбуля И., Осипова Н. и др.",okuma.kg,https://okuma.kg/books.php?id=936,PDF with text,approved edition,yes,205 pages; listed as «Информатика 5-6 класс (Русская версия)»
71,5,Russian-medium,Естественные – Мен жана дүйнө,Alexander Gray,kitep.edu.kg (ministry),https://kitep.edu.kg/book/559/read,PDF without text (scan),approved edition,yes,"272 pages; listed as «Табийгый илимдер, Окуу китеби»"
71,5,Russian-medium,Естественные – Мен жана дүйнө,Alexander Gray,stem.edu.gov.kg (ministry),https://stem.edu.gov.kg/api/books/158,Part or sample only,other year (2025),no,"deep search: stem.edu.gov.kg id 158 «Естественные науки, Я и мир, Учебник» 5 класс, Александр Грей, Aug 2025 release, 62 pp born-digital (first units)"
72,5,Russian-medium,Технология,Мамбеталиев Ч. и др.,our reader (el-kitep),https://rinatius.github.io/el-kitep/#/read/ru-tekhnologiya-5,Our reader: exact text,approved edition,yes,
72,5,Russian-medium,Технология,Мамбеталиев Ч. и др.,kitep.edu.kg (ministry),https://kitep.edu.kg/book/103/read,PDF with text,approved edition,yes,128 pages; listed as «Технология»
72,5,Russian-medium,Технология,Мамбеталиев Ч. и др.,mektep.o.kg,https://mektep.o.kg/books/4/?grade=5,PDF with text,approved edition,yes,128 pages; listed as «Технология. 5 класс 2018»
73,5,Russian-medium,Изобразительно-художественное творчество,Акматов Д. и др.,our reader (el-kitep),https://rinatius.github.io/el-kitep/#/read/ru-izo-5,Our reader: exact text,other year (2015),yes,
73,5,Russian-medium,Изобразительно-художественное творчество,Акматов Д. и др.,kitep.edu.kg (ministry),https://kitep.edu.kg/book/115/read,PDF with text,other year (2015),yes,88 pages; listed as «Көркөм өнөр»
74,5,Russian-medium,Музыка,Муратова А. и др.,our reader (el-kitep),https://rinatius.github.io/el-kitep/#/read/ru-muzyka-5,Our reader: exact text,approved edition,yes,
74,5,Russian-medium,Музыка,Муратова А. и др.,kitep.edu.kg (ministry),https://kitep.edu.kg/book/116/read,PDF with text,approved edition,yes,128 pages; listed as «Музыка»
74,5,Russian-medium,Музыка,Муратова А. и др.,bizdin.kg app,https://bizdin.kg/uchebnik/muzyka-5-klass-2018-oruscha/,View online only,approved edition,yes,"read in the app or site, no download"
74,5,Russian-medium,Музыка,Муратова А. и др.,mektep.o.kg,https://mektep.o.kg/books/4/?grade=5,PDF with text,approved edition,yes,128 pages; listed as «Музыка-2018 5 класс»
272,6,Kyrgyz-medium,Кыргыз тили,Үсөналиев С.,our reader (el-kitep),https://rinatius.github.io/el-kitep/#/read/kg-kyrgyz-tili-6,Our reader: exact text,approved edition,yes,
272,6,Kyrgyz-medium,Кыргыз тили,Үсөналиев С.,kitep.edu.kg (ministry),https://kitep.edu.kg/book/109/read,PDF with text,approved edition,yes,256 pages; listed as «Кыргыз тили»
272,6,Kyrgyz-medium,Кыргыз тили,Үсөналиев С.,new.bizdin.kg,https://new.bizdin.kg/kniga/uchebnik-kyrgyzskiy-yazyk-6-klass-ksh,PDF (form not checked),approved edition,yes,"not opened: the site's security certificate has expired (1 Oct 2026), so browsers show a warning first; listed as «Учебник. Кыргызский язык. 6 класс. КШ»"
272,6,Kyrgyz-medium,Кыргыз тили,Үсөналиев С.,bizdin.kg app,https://bizdin.kg/uchebnik/kyrgyz-tili-6-klass-2018/,View online only,approved edition,yes,"read in the app or site, no download"
272,6,Kyrgyz-medium,Кыргыз тили,Үсөналиев С.,mektep.o.kg,https://mektep.o.kg/books/16/?grade=6,PDF with text,year unknown,yes,256 pages; listed as «Кыргыз тили 6й класс»
272,6,Kyrgyz-medium,Кыргыз тили,Үсөналиев С.,bizdin.kg app,https://bizdin.kg/uchebnik/kyrgyz-language-6-class-ysenaliev-i/,View online only,year unknown,yes,"read in the app or site, no download"
274,6,Kyrgyz-medium,Кыргыз адабияты,"Муратов А., Акматов К., Абдухамидова Б.",our reader (el-kitep),https://rinatius.github.io/el-kitep/#/read/kg-kyrgyz-adabiyaty-6,Our reader: exact text,approved edition,yes,
274,6,Kyrgyz-medium,Кыргыз адабияты,"Муратов А., Акматов К., Абдухамидова Б.",kitep.edu.kg (ministry),https://kitep.edu.kg/book/98/read,PDF with text,approved edition,yes,224 pages; listed as «Кыргыз адабияты»
274,6,Kyrgyz-medium,Кыргыз адабияты,"Муратов А., Акматов К., Абдухамидова Б.",bizdin.kg app,https://bizdin.kg/uchebnik/kyrgyz-adabiiaty-6-klass-2018/,View online only,approved edition,yes,"read in the app or site, no download"
274,6,Kyrgyz-medium,Кыргыз адабияты,"Муратов А., Акматов К., Абдухамидова Б.",new.bizdin.kg,https://new.bizdin.kg/kniga/uchebnik-kyrgyzskaya-literatura-6-klass-ksh-,PDF (form not checked),approved edition,yes,"not opened: the site's security certificate has expired (1 Oct 2026), so browsers show a warning first; listed as «Учебник. Кыргызская литература. 6 класс. КШ -»"
274,6,Kyrgyz-medium,Кыргыз адабияты,"Муратов А., Акматов К., Абдухамидова Б.",mektep.o.kg,https://mektep.o.kg/books/16/?grade=6,PDF with text,year unknown,yes,224 pages; listed as «Кыргыз Адабияты 6й класс»
275,6,Kyrgyz-medium,Русский язык,"Задорожная Н., Таирова Г.",our reader (el-kitep),https://rinatius.github.io/el-kitep/#/read/kg-russkiy-yazyk-6,Our reader: exact text,approved edition,yes,
275,6,Kyrgyz-medium,Русский язык,"Задорожная Н., Таирова Г.",kitep.edu.kg (ministry),https://kitep.edu.kg/book/100/read,PDF without text (scan),approved edition,yes,192 pages; listed as «Русский язык»
275,6,Kyrgyz-medium,Русский язык,"Задорожная Н., Таирова Г.",mektep.o.kg,https://mektep.o.kg/books/16/?grade=6,PDF without text (scan),year unknown,yes,192 pages; listed as «Русскии язык 6й класс»
276,6,Kyrgyz-medium,Книга для чтения,Симонова О.,okuma.kg,https://www.okuma.kg/read/web/books/%D0%9A%D0%BD%D0%B8%D0%B3%D0%B0%20%D0%B4%D0%BB%D1%8F%20%D0%A7%D1%82%D0%B5%D0%BD%D0%B8%D1%8F%206%20%D0%BA%D0%BB%D0%B0%D1%81%D1%81(okuma.kg)_%D0%9E%D1%80%D1%83%D1%81%20%D1%82%D0%B8%D0%BB%D0%B8%20%D0%B6%D0%B0%D0%BD%D0%B0%20%D0%B0%D0%B4%D0%B0%D0%B1%D0%B8%D1%8F%D1%82%D1%8B86.pdf,PDF without text (scan),other year (2010),yes,"3rd edition 2010, 228 pages"
276,6,Kyrgyz-medium,Книга для чтения,Симонова О.,okuma.kg,https://www.okuma.kg/read/web/books/%D0%9A%D0%BD%D0%B8%D0%B3%D0%B0%20%D0%B4%D0%BB%D1%8F%20%D1%87%D1%82%D0%B5%D0%BD%D0%B8%D1%8F%206(okuma.kg)_%D0%9E%D1%80%D1%83%D1%81%20%D1%82%D0%B8%D0%BB%D0%B8%20%D0%B6%D0%B0%D0%BD%D0%B0%20%D0%B0%D0%B4%D0%B0%D0%B1%D0%B8%D1%8F%D1%82%D1%8B42.pdf,PDF without text (scan),other year (2002),yes,"2002 edition, 224 pages"
277,6,Kyrgyz-medium,Take Off with English,"Фрэнсис Трелоар, Стив Томпсон, Джейн Томпсон",kitep.edu.kg (ministry),https://kitep.edu.kg/book/21/read,PDF without text (scan),approved edition,yes,33 pages; listed as «Take off with English Pupil's Book»
277,6,Kyrgyz-medium,Take Off with English,"Фрэнсис Трелоар, Стив Томпсон, Джейн Томпсон",kitep.edu.kg (ministry),https://kitep.edu.kg/book/283/read,PDF without text (scan),approved edition,yes,28 pages; listed as «Take off with English Pupil's Book 34-61 pages»
277,6,Kyrgyz-medium,Take Off with English,"Фрэнсис Трелоар, Стив Томпсон, Джейн Томпсон",kitep.edu.kg (ministry),https://kitep.edu.kg/book/408/read,PDF with text,approved edition,yes,40 pages; listed as «Take off with English Pupil's Book 62-101 pages»
278,6,Kyrgyz-medium,Англис тили,"Балута О., Абдышева Ч., Назарбекова Г., Жолчиева А.",kitep.edu.kg (ministry),https://kitep.edu.kg/book/121/read,PDF with text,approved edition,yes,360 pages; listed as «Англис тили»
278,6,Kyrgyz-medium,Англис тили,"Балута О., Абдышева Ч., Назарбекова Г., Жолчиева А.",bizdin.kg app,https://bizdin.kg/uchebnik/anglis-tili-6-klass-2018/,View online only,approved edition,yes,"read in the app or site, no download"
278,6,Kyrgyz-medium,Англис тили,"Балута О., Абдышева Ч., Назарбекова Г., Жолчиева А.",mektep.o.kg,https://mektep.o.kg/books/16/?grade=6,PDF with text,year unknown,yes,360 pages; listed as «English Language Grade 6»
279,6,Kyrgyz-medium,Кыргызстандын жана дүйнөнүн тарыхы,"Осмонов Ө, Керимова Ш., Жыргалбекова Г.",new.bizdin.kg,https://new.bizdin.kg/kniga/uchebnik-vsemirnaya-istoriya-6-klass-ksh-,PDF (form not checked),approved edition,yes,"not opened: the site's security certificate has expired (1 Oct 2026), so browsers show a warning first; listed as «Учебник. Всемирная история. 6 класс. КШ -»"
279,6,Kyrgyz-medium,Кыргызстандын жана дүйнөнүн тарыхы,"Осмонов Ө, Керимова Ш., Жыргалбекова Г.",mektep.o.kg,https://mektep.o.kg/books/16/?grade=6,PDF without text (scan),year unknown,yes,196 pages; listed as «История 6й класс»
279,6,Kyrgyz-medium,Кыргызстандын жана дүйнөнүн тарыхы,"Осмонов Ө, Керимова Ш., Жыргалбекова Г.",bizdin.kg app,https://bizdin.kg/uchebnik/istoriya-6-klass-kyrg/,View online only,approved edition,yes,"read in the app or site, no download"
280,6,Kyrgyz-medium,Адам жана коом,"Осмонов Ө., Керимова Ш., Жыргалбекова Г.",our reader (el-kitep),https://rinatius.github.io/el-kitep/#/read/kg-adam-jana-koom-6,Our reader: exact text,approved edition,yes,
280,6,Kyrgyz-medium,Адам жана коом,"Осмонов Ө., Керимова Ш., Жыргалбекова Г.",kitep.edu.kg (ministry),https://kitep.edu.kg/book/389/read,Wrong file,approved edition,no,the file is only two phone photos of pages
280,6,Kyrgyz-medium,Адам жана коом,"Осмонов Ө., Керимова Ш., Жыргалбекова Г.",mektep.o.kg,https://mektep.o.kg/books/16/?grade=6,PDF with text,year unknown,yes,128 pages; listed as «Адам жана коом»
282,6,Kyrgyz-medium,Математика,Кыдыралиев С. ж.б.,new.bizdin.kg,https://new.bizdin.kg/kniga/uchebnik-matematika-6-klass-ksh-,PDF with text,approved edition,yes,57 pages; listed as «Учебник. Математика. 6 класс. КШ -»
282,6,Kyrgyz-medium,Математика,Кыдыралиев С. ж.б.,bizdin.kg app,https://bizdin.kg/uchebnik/matematika-6-klass-2018/,View online only,approved edition,yes,"read in the app or site, no download"
282,6,Kyrgyz-medium,Математика,Кыдыралиев С. ж.б.,mektep.o.kg,https://mektep.o.kg/books/16/?grade=6,PDF without text (scan),year unknown,yes,280 pages; listed as «МАТЕМАТИКА 6й класс»
283,6,Kyrgyz-medium,Математика,Бекбоев И. ж.б.,bilim.akipress.org,https://bilim.akipress.org/lib/book:207/,PDF without text (scan),year unknown,yes,"224 pages; listed as «Математика 6-класс Бекбоев И., Абдиев А., Айылчиев А., Андашев Д.»"
283,6,Kyrgyz-medium,Математика,Бекбоев И. ж.б.,bizdin.kg app,https://bizdin.kg/uchebnik/matematika-6-klass/,View online only,year unknown,yes,"read in the app or site, no download"
284,6,Kyrgyz-medium,Табигый илимдер,"Jasvinder K. Randhawa, Natasha Mehta, Teo Tang Wee",kitep.edu.kg (ministry),https://kitep.edu.kg/book/431/read,PDF without text (scan),approved edition,yes,112 pages; listed as «Табигый илимдер. Окуу китеби (1-бөлүк)»
284,6,Kyrgyz-medium,Табигый илимдер,"Jasvinder K. Randhawa, Natasha Mehta, Teo Tang Wee",kitep.edu.kg (ministry),https://kitep.edu.kg/book/468/read,PDF without text (scan),approved edition,yes,96 pages; listed as «Табигый илимдер. Окуу китеби (2-бөлүк)»
284,6,Kyrgyz-medium,Табигый илимдер,"Jasvinder K. Randhawa, Natasha Mehta, Teo Tang Wee",bizdin.kg app,https://bizdin.kg/uchebnik/tabigyi-ilimder-okuu-kitebi-6-klass-2026/,View online only,approved edition,yes,"read in the app or site, no download"
285,6,Kyrgyz-medium,Информатика,Орускулов Т. ж.б.,our reader (el-kitep),https://rinatius.github.io/el-kitep/#/read/kg-informatika-6,Our reader: exact text,approved edition,yes,
285,6,Kyrgyz-medium,Информатика,Орускулов Т. ж.б.,kitep.edu.kg (ministry),https://kitep.edu.kg/book/132/read,PDF with text,approved edition,yes,168 pages; listed as «Информатика»
285,6,Kyrgyz-medium,Информатика,Орускулов Т. ж.б.,new.bizdin.kg,https://new.bizdin.kg/kniga/uchebnik-informatika-6-klass-ksh,PDF (form not checked),approved edition,yes,"not opened: the site's security certificate has expired (1 Oct 2026), so browsers show a warning first; listed as «Учебник. Информатика. 6 класс. КШ»"
285,6,Kyrgyz-medium,Информатика,Орускулов Т. ж.б.,mektep.o.kg,https://mektep.o.kg/books/16/?grade=6,PDF with text,year unknown,yes,168 pages; listed as «Информатика 6й класс»
286,6,Kyrgyz-medium,Информатика 5 – 6-кл.,"Беляев А., Цыбуля И., Осипова Н. ж.б.",okuma.kg,https://okuma.kg/books.php?id=937,PDF with text,approved edition,yes,104 pages; listed as «Информатика 5-6 класс»
286,6,Kyrgyz-medium,Информатика 5 – 6-кл.,"Беляев А., Цыбуля И., Осипова Н. ж.б.",okuma.kg,https://okuma.kg/books.php?id=946,PDF with text,other year (2020),yes,207 pages; listed as «Информатика 5-6 - класс»
287,6,Kyrgyz-medium,Биология,Субанова М. ж.б.,our reader (el-kitep),https://rinatius.github.io/el-kitep/#/read/kg-biologiya-6,Our reader: exact text,approved edition,yes,
287,6,Kyrgyz-medium,Биология,Субанова М. ж.б.,kitep.edu.kg (ministry),https://kitep.edu.kg/book/130/read,PDF with text,approved edition,yes,200 pages; listed as «Биология»
287,6,Kyrgyz-medium,Биология,Субанова М. ж.б.,new.bizdin.kg,https://new.bizdin.kg/kniga/uchebnik-biologiya-6-klass-ksh,PDF (form not checked),approved edition,yes,"not opened: the site's security certificate has expired (1 Oct 2026), so browsers show a warning first; listed as «Учебник. Биология. 6 класс. КШ»"
287,6,Kyrgyz-medium,Биология,Субанова М. ж.б.,bizdin.kg app,https://bizdin.kg/uchebnik/biologiia-6-klass-2018/,View online only,approved edition,yes,"read in the app or site, no download"
287,6,Kyrgyz-medium,Биология,Субанова М. ж.б.,mektep.o.kg,https://mektep.o.kg/books/16/?grade=6,PDF with text,year unknown,yes,200 pages; listed as «Биология 6й класс»
287,6,Kyrgyz-medium,Биология,Субанова М. ж.б.,bizdin.kg app,https://bizdin.kg/uchebnik/biologiia-6-7-klasstar/,View online only,year unknown,yes,"read in the app or site, no download"
288,6,Kyrgyz-medium,Технология,Мамбеталиев Ч. ж.б.,our reader (el-kitep),https://rinatius.github.io/el-kitep/#/read/kg-tehnologiya-6,Our reader: exact text,approved edition,yes,
288,6,Kyrgyz-medium,Технология,Мамбеталиев Ч. ж.б.,kitep.edu.kg (ministry),https://kitep.edu.kg/book/127/read,PDF with text,approved edition,yes,144 pages; listed as «Технология»
288,6,Kyrgyz-medium,Технология,Мамбеталиев Ч. ж.б.,mektep.o.kg,https://mektep.o.kg/books/16/?grade=6,PDF with text,year unknown,yes,144 pages; listed as «Технология 6й класс»
289,6,Kyrgyz-medium,Көркөм өнөр,"Акматов Д., Орозбаев А.",our reader (el-kitep),https://rinatius.github.io/el-kitep/#/read/kg-korkom-onor-6,Our reader: exact text,approved edition,yes,
289,6,Kyrgyz-medium,Көркөм өнөр,"Акматов Д., Орозбаев А.",kitep.edu.kg (ministry),https://kitep.edu.kg/book/125/read,PDF with text,approved edition,yes,104 pages; listed as «Көркөм өнөр»
289,6,Kyrgyz-medium,Көркөм өнөр,"Акматов Д., Орозбаев А.",bizdin.kg app,https://bizdin.kg/uchebnik/korkom-onor-6-klass-2018/,View online only,approved edition,yes,"read in the app or site, no download"
289,6,Kyrgyz-medium,Көркөм өнөр,"Акматов Д., Орозбаев А.",mektep.o.kg,https://mektep.o.kg/books/16/?grade=6,PDF with text,year unknown,yes,104 pages; listed as «Корком онор 6й класс»
290,6,Kyrgyz-medium,Музыка,"Муратова А., Артыков К.",our reader (el-kitep),https://rinatius.github.io/el-kitep/#/read/kg-muzyka-6,Our reader: exact text,approved edition,yes,
290,6,Kyrgyz-medium,Музыка,"Муратова А., Артыков К.",kitep.edu.kg (ministry),https://kitep.edu.kg/book/122/read,PDF with text,approved edition,yes,136 pages; listed as «Музыка»
290,6,Kyrgyz-medium,Музыка,"Муратова А., Артыков К.",kitep.edu.kg (ministry),https://kitep.edu.kg/book/496/read,PDF without text (scan),approved edition,yes,20 pages; listed as «Музыка»
290,6,Kyrgyz-medium,Музыка,"Муратова А., Артыков К.",new.bizdin.kg,https://new.bizdin.kg/kniga/uchebnik-muzyka-6-klass-ksh,PDF (form not checked),approved edition,yes,"not opened: the site's security certificate has expired (1 Oct 2026), so browsers show a warning first; listed as «Учебник. Музыка. 6 класс. КШ»"
290,6,Kyrgyz-medium,Музыка,"Муратова А., Артыков К.",bizdin.kg app,https://bizdin.kg/uchebnik/muzyka-6-klass/,View online only,year unknown,yes,"read in the app or site, no download"
290,6,Kyrgyz-medium,Музыка,"Муратова А., Артыков К.",mektep.o.kg,https://mektep.o.kg/books/16/?grade=6,PDF with text,year unknown,yes,136 pages; listed as «Музыка 6й класс»
75,6,Russian-medium,Русский язык,Бреусенко Л. и др.,our reader (el-kitep),https://rinatius.github.io/el-kitep/#/read/ru-russkiy-yazyk-6,Our reader: exact text,approved edition,yes,
75,6,Russian-medium,Русский язык,Бреусенко Л. и др.,kitep.edu.kg (ministry),https://kitep.edu.kg/book/349/read,PDF with text,approved edition,yes,264 pages; listed as «Орус тили»
75,6,Russian-medium,Русский язык,Бреусенко Л. и др.,new.bizdin.kg,https://new.bizdin.kg/kniga/uchebnik-russkiy-yazyk-6-klass-rsh-2018,PDF (form not checked),approved edition,yes,"not opened: the site's security certificate has expired (1 Oct 2026), so browsers show a warning first; listed as «Учебник. Русский язык. 6 класс. РШ (2018)»"
75,6,Russian-medium,Русский язык,Бреусенко Л. и др.,bizdin.kg app,https://bizdin.kg/uchebnik/orus-tili-6-klass-2018-oruscha/,View online only,approved edition,yes,"read in the app or site, no download"
75,6,Russian-medium,Русский язык,Бреусенко Л. и др.,mektep.o.kg,https://mektep.o.kg/books/5/?grade=6,PDF with text,year unknown,yes,264 pages; listed as «Русскии Язык 6 класс»
76,6,Russian-medium,Русская литература,Озмитель Е. и др.,new.bizdin.kg,https://new.bizdin.kg/kniga/uchebnik-russkaya-literatura-6-klass-rsh,PDF with text,approved edition,yes,140 pages; listed as «Учебник. Русская литература. 6 класс. РШ»
76,6,Russian-medium,Русская литература,Озмитель Е. и др.,mektep.o.kg,https://mektep.o.kg/books/5/?grade=6,PDF with text,year unknown,yes,272 pages; listed as «Русская Литература. 6 класс»
77,6,Russian-medium,Кыргыз тили,Джусупбекова Н. и др.,bizdin.kg app,https://bizdin.kg/uchebnik/schoolbook-kyrgyz-language-6-class-omorova-rus/okuu/,View online only,approved edition,yes,"Жусупбекова, Оморова, Чепекова, Аркус 2018, 160 pages; read on the site, no login; bizdin.kg says guests get the full version for 14 days, then it asks to pay"
78,6,Russian-medium,Кыргыз адабияты,Үсөналиев Т.,mektep.o.kg,https://mektep.o.kg/books/5/?grade=6,PDF without text (scan),year unknown,yes,82 pages; listed as «Кыргыз адабияты 6 кл.»
79,6,Russian-medium,Take Off with English,"Фрэнсис Трелоар, Стив Томпсон, Джейн Томпсон",kitep.edu.kg (ministry),https://kitep.edu.kg/book/22/read,PDF without text (scan),approved edition,yes,33 pages; listed as «Take off with English Pupil's Book»
79,6,Russian-medium,Take Off with English,"Фрэнсис Трелоар, Стив Томпсон, Джейн Томпсон",kitep.edu.kg (ministry),https://kitep.edu.kg/book/282/read,PDF without text (scan),approved edition,yes,28 pages; listed as «Take off with English Pupil's Book 34-61 pages»
79,6,Russian-medium,Take Off with English,"Фрэнсис Трелоар, Стив Томпсон, Джейн Томпсон",kitep.edu.kg (ministry),https://kitep.edu.kg/book/407/read,PDF with text,approved edition,yes,40 pages; listed as «Take off with English Pupil's Book 62-101 pages»
80,6,Russian-medium,Английский язык,"Балута О., Абдышева Ч., Назарбекова Г., Жолчиева А.",new.bizdin.kg,https://new.bizdin.kg/kniga/uchebnik-angliyskiy-yazyk-6-klass-rsh,PDF with text,approved edition,yes,182 pages; listed as «Учебник. Английский язык. 6 класс. РШ»
80,6,Russian-medium,Английский язык,"Балута О., Абдышева Ч., Назарбекова Г., Жолчиева А.",mektep.o.kg,https://mektep.o.kg/books/5/?grade=6,PDF with text,year unknown,yes,360 pages; listed as «English Language Grade 6»
81,6,Russian-medium,История Кыргызстана и мировая история,Осмонов О. и др.,mektep.o.kg,https://mektep.o.kg/books/5/?grade=6,PDF without text (scan),year unknown,yes,196 pages; listed as «История Кыргызстана»
81,6,Russian-medium,История Кыргызстана и мировая история,Осмонов О. и др.,scribd.com,https://www.scribd.com/document/620567301/,"Login, paywall or library only",,no,"deep search: Open copies are all the same Acrobat image scan (mektep 55, akipress book:1327, 196 pp 1310x1871). Scribd has «Осмонов О.Ж. История Кыргызстана и Мировая История 6кл.pdf» (login, unchecked); biblioteka.kg/book/1477 (paid)"
82,6,Russian-medium,Человек и общество,Осмонов О. и др.,mektep.o.kg,https://mektep.o.kg/books/5/?grade=6,PDF with text,year unknown,yes,128 pages; listed as «Человек и Общество»
84,6,Russian-medium,Математика,Кыдыралиев С. и др.,mektep.o.kg,https://mektep.o.kg/books/5/?grade=6,PDF without text (scan),year unknown,yes,280 pages; listed as «Математика. 6 класс»
84,6,Russian-medium,Математика,Кыдыралиев С. и др.,web.archive.org,https://web.archive.org/web/20180911071135id_/http://lib.kg/?wpfb_dl=2167,Part or sample only,approved edition,no,"deep search: lib.kg (dead National Library OER site) via Wayback: wpfb_dl=2167 «Mathematics-Grade-6_-Kydyraliev_rus_I.pdf», same 2018 Аркус edition (ISBN 978-9967-31-853-3, 280 pp), born-digital InDesign file, first 135 pages only (lib.kg ""_I"" = part I; part II was never archived)"
85,6,Russian-medium,Информатика,Орускулов Т. и др.,mektep.o.kg,https://mektep.o.kg/books/5/?grade=6,PDF with text,year unknown,yes,168 pages; listed as «Информатика 6 класс»
86,6,Russian-medium,Информатика 5 – 6 кл.,"Беляев А., Цыбуля И., Осипова Н. и др.",okuma.kg,https://okuma.kg/books.php?id=936,PDF with text,approved edition,yes,205 pages; listed as «Информатика 5-6 класс (Русская версия)»
87,6,Russian-medium,Естественные науки,"Jasvinder K. Randhawa, Natasha Mehta, Teo Tang Wee",kitep.edu.kg (ministry),https://kitep.edu.kg/book/430/read,PDF without text (scan),approved edition,yes,112 pages; listed as «Табигый илимдер. Окуу китеби (1-бөлүк)»
87,6,Russian-medium,Естественные науки,"Jasvinder K. Randhawa, Natasha Mehta, Teo Tang Wee",kitep.edu.kg (ministry),https://kitep.edu.kg/book/467/read,PDF without text (scan),approved edition,yes,96 pages; listed as «Табигый илимдер. Окуу китеби 2 бөлүк)»
87,6,Russian-medium,Естественные науки,"Jasvinder K. Randhawa, Natasha Mehta, Teo Tang Wee",bizdin.kg app,https://bizdin.kg/uchebnik/tabigyi-ilimder-okuu-kitebi-1-boluk-6-klass-2026-oruscha/,View online only,approved edition,yes,"read in the app or site, no download"
87,6,Russian-medium,Естественные науки,"Jasvinder K. Randhawa, Natasha Mehta, Teo Tang Wee",bizdin.kg app,https://bizdin.kg/uchebnik/tabigyi-ilimder-okuu-kitebi-2-boluk-6-klass-2026-oruscha/,View online only,approved edition,yes,"read in the app or site, no download"
88,6,Russian-medium,Биология,Субанова М. и др.,new.bizdin.kg,https://new.bizdin.kg/kniga/uchebnik-biologiya-6-klass-rsh,PDF with text,approved edition,yes,200 pages; listed as «Учебник. Биология. 6 класс. РШ»
89,6,Russian-medium,Технология,Мамбеталиев Ч. и др.,new.bizdin.kg,https://new.bizdin.kg/kniga/uchebnik-tekhnologiya-6-klass-rsh,PDF with text,approved edition,yes,144 pages; listed as «Учебник. Технология. 6 класс. РШ»
89,6,Russian-medium,Технология,Мамбеталиев Ч. и др.,mektep.o.kg,https://mektep.o.kg/books/5/?grade=6,PDF with text,year unknown,yes,144 pages; listed as «Технология 6 класс»
90,6,Russian-medium,Изобразительно-художественное творчество,Акматов Д. и др.,our reader (el-kitep),https://rinatius.github.io/el-kitep/#/read/ru-izo-6,Our reader: exact text,approved edition,yes,
90,6,Russian-medium,Изобразительно-художественное творчество,Акматов Д. и др.,kitep.edu.kg (ministry),https://kitep.edu.kg/book/511/read,PDF without text (scan),approved edition,yes,105 pages; listed as «Сүрөт искусствосу жана көркөм эмгек»
90,6,Russian-medium,Изобразительно-художественное творчество,Акматов Д. и др.,new.bizdin.kg,https://new.bizdin.kg/kniga/uchebnik-izobrazitelno-khudozhestvennoe-tvorchestvo-6-klass-rsh,PDF (form not checked),approved edition,yes,"not opened: the site's security certificate has expired (1 Oct 2026), so browsers show a warning first; listed as «Учебник. Изобразительно-художественное творчество. 6 класс. РШ»"
91,6,Russian-medium,Музыка,Муратова А. и др.,mektep.o.kg,https://mektep.o.kg/books/5/?grade=6,PDF with text,year unknown,yes,136 pages; listed as «Музыка 6 класс»
291,7,Kyrgyz-medium,Кыргыз тили,"Үсөналиев С., Мусаева В.",our reader (el-kitep),https://rinatius.github.io/el-kitep/#/read/kg-kyrgyz-tili-7,Our reader: AI-proofread text,approved edition,yes,
291,7,Kyrgyz-medium,Кыргыз тили,"Үсөналиев С., Мусаева В.",kitep.edu.kg (ministry),https://kitep.edu.kg/book/89/read,PDF with text,approved edition,yes,176 pages; listed as «Кыргыз тили»
291,7,Kyrgyz-medium,Кыргыз тили,"Үсөналиев С., Мусаева В.",okuma.kg,https://okuma.kg/books.php?id=191,PDF without text (scan),approved edition,yes,182 pages; listed as «Кыргыз тили 7 класс»
291,7,Kyrgyz-medium,Кыргыз тили,"Үсөналиев С., Мусаева В.",kitep.edu.kg (ministry),https://kitep.edu.kg/book/499/read,PDF without text (scan),approved edition,yes,182 pages; listed as «Кыргыз тили»
291,7,Kyrgyz-medium,Кыргыз тили,"Үсөналиев С., Мусаева В.",new.bizdin.kg,https://new.bizdin.kg/kniga/uchebnik-kyrgyzskiy-yazyk-7-klass-ksh,PDF (form not checked),approved edition,yes,"not opened: the site's security certificate has expired (1 Oct 2026), so browsers show a warning first; listed as «Учебник. Кыргызский язык. 7 класс. КШ»"
291,7,Kyrgyz-medium,Кыргыз тили,"Үсөналиев С., Мусаева В.",bizdin.kg app,https://bizdin.kg/uchebnik/kyrgyz-tili-7-klass/,View online only,other year (2015),yes,"same 176-page book as kitep.edu.kg/book/89 (2015); read in the app or site, no download"
292,7,Kyrgyz-medium,Кыргыз тили,Исаков Б.,our reader (el-kitep),https://rinatius.github.io/el-kitep/#/read/kg-kyrgyz-tili-7-9,Our reader: AI-proofread text,other year (2012),yes,
293,7,Kyrgyz-medium,Кыргыз тили,"С. Үсөналиев, В.И. Мусаева, Г.С. Үсөналиева",bizdin.kg app,https://bizdin.kg/uchebnik/kyrgyz-tili-7-klass/,View online only,other year (2015),yes,"same 176-page book as kitep.edu.kg/book/89 (2015); read in the app or site, no download"
293,7,Kyrgyz-medium,Кыргыз тили,"С. Үсөналиев, В.И. Мусаева, Г.С. Үсөналиева",kitep.edu.kg (ministry),https://kitep.edu.kg/book/89/read,PDF with text,other year (2015),yes,176 pages; listed as «Кыргыз тили»
293,7,Kyrgyz-medium,Кыргыз тили,"С. Үсөналиев, В.И. Мусаева, Г.С. Үсөналиева",okuma.kg,https://okuma.kg/books.php?id=191,PDF without text (scan),other year (2015),yes,182 pages; listed as «Кыргыз тили 7 класс»
293,7,Kyrgyz-medium,Кыргыз тили,"С. Үсөналиев, В.И. Мусаева, Г.С. Үсөналиева",uzedu.online,https://uzedu.online/kirgizskij-jazyk/933/,PDF with text,other edition,yes,"deep search: Only the Uzbekistan adaptation: Мусаева, Үсөналиев, Тойчубаева «Кыргыз тили» 7, Ташкент Sharq 2017, 161 pp, real text"
293,7,Kyrgyz-medium,Кыргыз тили,"С. Үсөналиев, В.И. Мусаева, Г.С. Үсөналиева",arcus.kg (publisher),https://arcus.kg/ru/uchebnaya-literatura/srednyaya-shkola-5-9-klassy/kyrgyzskij/358-kyrgyz-tili-7-klass,Not online,approved edition,no,"publisher page has a ""download the textbook"" link, but its Google Drive folder returns 404 (1 Oct 2026)"
294,7,Kyrgyz-medium,Кыргыз адабияты,"Алымов Б., Муратов А.",our reader (el-kitep),https://rinatius.github.io/el-kitep/#/read/kg-adabiyat-7,Our reader: AI-proofread text,approved edition,yes,
294,7,Kyrgyz-medium,Кыргыз адабияты,"Алымов Б., Муратов А.",kitep.edu.kg (ministry),https://kitep.edu.kg/book/91/read,PDF with text,approved edition,yes,400 pages; listed as «Кыргыз адабияты»
294,7,Kyrgyz-medium,Кыргыз адабияты,"Алымов Б., Муратов А.",new.bizdin.kg,https://new.bizdin.kg/kniga/uchebnik-kyrgyzskaya-literatura-7-klass-ksh,PDF (form not checked),approved edition,yes,"not opened: the site's security certificate has expired (1 Oct 2026), so browsers show a warning first; listed as «Учебник. Кыргызская литература. 7 класс. КШ»"
294,7,Kyrgyz-medium,Кыргыз адабияты,"Алымов Б., Муратов А.",kitep.edu.kg (ministry),https://kitep.edu.kg/book/501/read,PDF with text (OCR or old font),other year (2013),yes,"256 pages, old 8-bit font: copied text is garbled; listed as «Адабият»"
294,7,Kyrgyz-medium,Кыргыз адабияты,"Алымов Б., Муратов А.",okuma.kg,https://okuma.kg/books.php?id=578,PDF with text (OCR or old font),other year (2013),yes,"256 pages, old 8-bit font: copied text is garbled; listed as «Адабият»"
297,7,Kyrgyz-medium,Русский язык,"Тагаев М., Симонова О. ж.б.",our reader (el-kitep),https://rinatius.github.io/el-kitep/#/read/kg-russkiy-yazyk-7,Our reader: AI-proofread text,approved edition,yes,
297,7,Kyrgyz-medium,Русский язык,"Тагаев М., Симонова О. ж.б.",kitep.edu.kg (ministry),https://kitep.edu.kg/book/84/read,PDF without text (scan),approved edition,yes,90 pages; listed as «Орус тили»
297,7,Kyrgyz-medium,Русский язык,"Тагаев М., Симонова О. ж.б.",okuma.kg,https://okuma.kg/books.php?id=157,PDF without text (scan),approved edition,yes,174 pages; listed as «Русский язык 7 класс»
297,7,Kyrgyz-medium,Русский язык,"Тагаев М., Симонова О. ж.б.",bilim.akipress.org,https://bilim.akipress.org/lib/book:40/,PDF without text (scan),year unknown,yes,"91 pages; listed as «Русский язык 7 класс М. Дж. Тагаев, О. Г. Симонова»"
297,7,Kyrgyz-medium,Русский язык,"Тагаев М., Симонова О. ж.б.",mektep.o.kg,https://mektep.o.kg/books/17/?grade=7,PDF without text (scan),year unknown,yes,174 pages; listed as «Русский язык 7 кл.»
297,7,Kyrgyz-medium,Русский язык,"Тагаев М., Симонова О. ж.б.",bizdin.kg app,https://bizdin.kg/uchebnik/russkii-iazyk-7-klass/,View online only,year unknown,yes,"read in the app or site, no download"
299,7,Kyrgyz-medium,Литературное чтение,Мейманалиев Т.,our reader (el-kitep),https://rinatius.github.io/el-kitep/#/read/kg-literaturnoe-chtenie-7,Our reader: AI-proofread text,approved edition,yes,
299,7,Kyrgyz-medium,Литературное чтение,Мейманалиев Т.,kitep.edu.kg (ministry),https://kitep.edu.kg/book/79/read,PDF without text (scan),approved edition,yes,187 pages; listed as «Литературное чтение»
299,7,Kyrgyz-medium,Литературное чтение,Мейманалиев Т.,okuma.kg,https://okuma.kg/books.php?id=183,PDF without text (scan),approved edition,yes,188 pages; listed as «Литературное чтение  7 класс»
300,7,Kyrgyz-medium,Take Off with English,"Фрэнсис Трелоар, Стив Томпсон, Джейн Томпсон",kitep.edu.kg (ministry),https://kitep.edu.kg/book/13/read,PDF with text,approved edition,yes,33 pages; listed as «Take off with English Pupil's Book»
300,7,Kyrgyz-medium,Take Off with English,"Фрэнсис Трелоар, Стив Томпсон, Джейн Томпсон",kitep.edu.kg (ministry),https://kitep.edu.kg/book/287/read,PDF with text,approved edition,yes,28 pages; listed as «Take off with English Pupil's Book 34-61 pages»
300,7,Kyrgyz-medium,Take Off with English,"Фрэнсис Трелоар, Стив Томпсон, Джейн Томпсон",kitep.edu.kg (ministry),https://kitep.edu.kg/book/414/read,PDF with text,approved edition,yes,40 pages; listed as «Take off with English Pupil's Book 62-101 pages»
302,7,Kyrgyz-medium,Англис тили,"Абдышева Ч., Балута О.",arcus.kg,https://arcus.kg/ru/uchebnaya-literatura/srednyaya-shkola-5-9-klassy/kyrgyzskij/191-u-anglis-tili-7-klass,Part or sample only,other year (2019),no,"deep search: Publisher flipbook of 'Англис тили. 7-класс' (Kyrgyz-school edition), 15 pages; a 28-page extract (units 1-2) of the 2019 Аркус edition uploaded to multiurok (InDesign CC 2019 PDF, text converted to outlines, no text layer)"
303,7,Kyrgyz-medium,Англис тили,Юсупова А. ж.б.,kitep.edu.kg (ministry),https://kitep.edu.kg/book/82/read,PDF without text (scan),approved edition,yes,168 pages; listed as «Англис тили»
303,7,Kyrgyz-medium,Англис тили,Юсупова А. ж.б.,bizdin.kg app,https://bizdin.kg/uchebnik/anglis-tili-7-klass-2012/,View online only,approved edition,yes,"read in the app or site, no download"
303,7,Kyrgyz-medium,Англис тили,Юсупова А. ж.б.,mektep.o.kg,https://mektep.o.kg/books/17/?grade=7,PDF without text (scan),year unknown,yes,168 pages; listed as «English 7кл»
304,7,Kyrgyz-medium,Кыргызстан тарыхы,"Өмүрбеков Т., Чоротегин Т.",our reader (el-kitep),https://rinatius.github.io/el-kitep/#/read/kg-kyrgyzstan-taryhy-7,Our reader: AI-proofread text,other year (2002),yes,
304,7,Kyrgyz-medium,Кыргызстан тарыхы,"Өмүрбеков Т., Чоротегин Т.",okuma.kg,https://okuma.kg/books.php?id=188,PDF without text (scan),other year (2002),yes,204 pages; listed as «КЫРГЫЗСТАН ТАРЫХЫ 7 класс»
305,7,Kyrgyz-medium,Орто кылымдын тарыхы,Осмонов Ө. ж.б.,our reader (el-kitep),https://rinatius.github.io/el-kitep/#/read/kg-orto-kylym-taryhy-7,Our reader: AI-proofread text,other year (2007),yes,
305,7,Kyrgyz-medium,Орто кылымдын тарыхы,Осмонов Ө. ж.б.,mektep.o.kg,https://mektep.o.kg/books/17/?grade=7,PDF without text (scan),year unknown,yes,294 pages; listed as «Орто кылымдар тарыхы 7 кл.»
305,7,Kyrgyz-medium,Орто кылымдын тарыхы,Осмонов Ө. ж.б.,bizdin.kg app,https://bizdin.kg/uchebnik/orto-kylymdyn-tarykhy-7-klass-kyrgyzcha/,View online only,year unknown,yes,"read in the app or site, no download"
307,7,Kyrgyz-medium,Адам жана коом,"Азимова М., Арунова А., Маслова И.",our reader (el-kitep),https://rinatius.github.io/el-kitep/#/read/kg-adam-jana-koom-7,Our reader: AI-proofread text,other year (2025),yes,
307,7,Kyrgyz-medium,Адам жана коом,"Азимова М., Арунова А., Маслова И.",kitep.edu.kg (ministry),https://kitep.edu.kg/book/347/read,PDF without text (scan),other year (2025),yes,195 pages; listed as «Адам жана коом»
307,7,Kyrgyz-medium,Адам жана коом,"Азимова М., Арунова А., Маслова И.",bizdin.kg app,https://bizdin.kg/uchebnik/adam-zhana-koom-7-klass-2025/,View online only,other year (2025),yes,"read in the app or site, no download"
309,7,Kyrgyz-medium,Математика,"Raihan Sudirman, Jasmine Chung, Ayassa Chua Lihong and Joyce Ng",kitep.edu.kg (ministry),https://kitep.edu.kg/book/150/read,PDF without text (scan),approved edition,yes,"400 pages; listed as «Математика, Окуу китеби»"
309,7,Kyrgyz-medium,Математика,"Raihan Sudirman, Jasmine Chung, Ayassa Chua Lihong and Joyce Ng",stem.edu.gov.kg (ministry),https://stem.edu.gov.kg/api/books/542,PDF with text,approved edition,yes,"deep search: Full Kyrgyz student book «Математика. Окуу китеби 7», 400 pp, born-digital InDesign PDF (created 2025-08-27), 121.7 MB; no kitep watermark"
310,7,Kyrgyz-medium,Алгебра,"Ибраева Н., Касымов А.",kitep.edu.kg (ministry),https://kitep.edu.kg/book/92/read,PDF without text (scan),approved edition,yes,172 pages; listed as «Алгебра»
310,7,Kyrgyz-medium,Алгебра,"Ибраева Н., Касымов А.",okuma.kg,https://okuma.kg/books.php?id=220,PDF without text (scan),approved edition,yes,172 pages; listed as «Алгебра 7 класс»
310,7,Kyrgyz-medium,Алгебра,"Ибраева Н., Касымов А.",bizdin.kg app,https://bizdin.kg/uchebnik/algebra-7-klass-2009/,View online only,approved edition,yes,"read in the app or site, no download"
310,7,Kyrgyz-medium,Алгебра,"Ибраева Н., Касымов А.",new.bizdin.kg,https://new.bizdin.kg/kniga/uchebnik-algebra-7-klass-ksh,PDF (form not checked),approved edition,yes,"not opened: the site's security certificate has expired (1 Oct 2026), so browsers show a warning first; listed as «Учебник. Алгебра. 7 класс. КШ»"
310,7,Kyrgyz-medium,Алгебра,"Ибраева Н., Касымов А.",mektep.o.kg,https://mektep.o.kg/books/17/?grade=7,PDF without text (scan),year unknown,yes,172 pages; listed as «Алгебра 7кл»
311,7,Kyrgyz-medium,Алгебра,"Макарычев Ю., Миндюк Н. ж.б.",kitep.edu.kg (ministry),https://kitep.edu.kg/book/94/read,PDF without text (scan),approved edition,yes,306 pages; listed as «Алгебра»
311,7,Kyrgyz-medium,Алгебра,"Макарычев Ю., Миндюк Н. ж.б.",mektep.o.kg,https://mektep.o.kg/books/17/?grade=7,PDF without text (scan),year unknown,yes,306 pages; listed as «Алгебра_7_кл.pdf»
312,7,Kyrgyz-medium,Геометрия 7 – 9-кл.,"Бекбоев И., Бөрүбаев А., Айылчиев А.",kitep.edu.kg (ministry),https://kitep.edu.kg/book/102/read,PDF without text (scan),approved edition,yes,294 pages; listed as «Геометрия»
312,7,Kyrgyz-medium,Геометрия 7 – 9-кл.,"Бекбоев И., Бөрүбаев А., Айылчиев А.",okuma.kg,https://okuma.kg/books.php?id=214,PDF without text (scan),approved edition,yes,294 pages; listed as «Геометрия 7-9 класс»
312,7,Kyrgyz-medium,Геометрия 7 – 9-кл.,"Бекбоев И., Бөрүбаев А., Айылчиев А.",bizdin.kg app,https://bizdin.kg/uchebnik/geometriia-7-klass-2015/,View online only,approved edition,yes,"read in the app or site, no download"
312,7,Kyrgyz-medium,Геометрия 7 – 9-кл.,"Бекбоев И., Бөрүбаев А., Айылчиев А.",bizdin.kg app,https://bizdin.kg/uchebnik/geometriia-7-9-klasstar-2000-zh/,View online only,other year (2000),yes,"read in the app or site, no download"
312,7,Kyrgyz-medium,Геометрия 7 – 9-кл.,"Бекбоев И., Бөрүбаев А., Айылчиев А.",bilim.akipress.org,https://bilim.akipress.org/lib/book:161/,PDF with text,approved edition,yes,"deep search: Approved edition: 3rd revised ed., Билим-компьютер 2015, ISBN 978-9967-31-302-6, 288 pp, born-digital PDF (PDFCreator/Ghostscript), 3.6 MB"
313,7,Kyrgyz-medium,Информатика 7 – 9-кл.,"Цыбуля И., Самыкбаева Л., Беляев А. ж.б.",our reader (el-kitep),https://rinatius.github.io/el-kitep/#/read/kg-informatika-7-9,Our reader: exact text,other year (2019),yes,
313,7,Kyrgyz-medium,Информатика 7 – 9-кл.,"Цыбуля И., Самыкбаева Л., Беляев А. ж.б.",okuma.kg,https://okuma.kg/books.php?id=947,PDF with text,approved edition,yes,208 pages; listed as «Информатика 7-9 - класс»
314,7,Kyrgyz-medium,Информатика 7 – 9-кл.,"Орускулов Т., Касымалиев М.",our reader (el-kitep),https://rinatius.github.io/el-kitep/#/read/kg-informatika-bazalyk-7-9,Our reader: exact text,other year (2020),yes,
314,7,Kyrgyz-medium,Информатика 7 – 9-кл.,"Орускулов Т., Касымалиев М.",new.bizdin.kg,https://new.bizdin.kg/kniga/uchebnik-informatika-7-9-klass-ksh,PDF (form not checked),approved edition,yes,"not opened: the site's security certificate has expired (1 Oct 2026), so browsers show a warning first; listed as «Учебник. Информатика. 7-9 класс. КШ»"
314,7,Kyrgyz-medium,Информатика 7 – 9-кл.,"Орускулов Т., Касымалиев М.",new.bizdin.kg,https://new.bizdin.kg/kniga/uchebnik-informatika-nachalnyy-kurs-7-9-klass-ksh,PDF (form not checked),approved edition,yes,"not opened: the site's security certificate has expired (1 Oct 2026), so browsers show a warning first; listed as «Учебник. Информатика начальный курс. 7-9 класс. КШ»"
314,7,Kyrgyz-medium,Информатика 7 – 9-кл.,"Орускулов Т., Касымалиев М.",mektep.o.kg,https://mektep.o.kg/books/17/?grade=7,PDF with text (OCR or old font),year unknown,yes,"384 pages, old 8-bit font: copied text is garbled; listed as «Информатика 7-9»"
314,7,Kyrgyz-medium,Информатика 7 – 9-кл.,"Орускулов Т., Касымалиев М.",okuma.kg,https://okuma.kg/books.php?id=35,PDF without text (scan),other year (2006),yes,386 pages; listed as «Информатика базалык курс»
314,7,Kyrgyz-medium,Информатика 7 – 9-кл.,"Орускулов Т., Касымалиев М.",okuma.kg,https://okuma.kg/books.php?id=203,PDF without text (scan),other year (2006),yes,"384 pages; listed as «ИНФОРМАТИКА базалык курс, 7-9 класс»"
314,7,Kyrgyz-medium,Информатика 7 – 9-кл.,"Орускулов Т., Касымалиев М.",okuma.kg,https://okuma.kg/books.php?id=204,PDF without text (scan),other year (2006),yes,"224 pages; listed as «ИНФОРМАТИКА базалык курс боюнча практикалык иштер , 7-9 класс»"
315,7,Kyrgyz-medium,Информатика 7 – 9-кл. (практикум маселелери),"Касымалиев М., Орускулов Т.",new.bizdin.kg,https://new.bizdin.kg/kniga/uchebnik-informatika-7-9-klass-ksh,PDF (form not checked),approved edition,yes,"not opened: the site's security certificate has expired (1 Oct 2026), so browsers show a warning first; listed as «Учебник. Информатика. 7-9 класс. КШ»"
315,7,Kyrgyz-medium,Информатика 7 – 9-кл. (практикум маселелери),"Касымалиев М., Орускулов Т.",new.bizdin.kg,https://new.bizdin.kg/kniga/uchebnik-informatika-nachalnyy-kurs-7-9-klass-ksh,PDF (form not checked),approved edition,yes,"not opened: the site's security certificate has expired (1 Oct 2026), so browsers show a warning first; listed as «Учебник. Информатика начальный курс. 7-9 класс. КШ»"
315,7,Kyrgyz-medium,Информатика 7 – 9-кл. (практикум маселелери),"Касымалиев М., Орускулов Т.",mektep.o.kg,https://mektep.o.kg/books/17/?grade=7,PDF with text (OCR or old font),year unknown,yes,"384 pages, old 8-bit font: copied text is garbled; listed as «Информатика 7-9»"
315,7,Kyrgyz-medium,Информатика 7 – 9-кл. (практикум маселелери),"Касымалиев М., Орускулов Т.",okuma.kg,https://okuma.kg/books.php?id=204,PDF without text (scan),other year (2006),yes,"224 pages; listed as «ИНФОРМАТИКА базалык курс боюнча практикалык иштер , 7-9 класс»"
315,7,Kyrgyz-medium,Информатика 7 – 9-кл. (практикум маселелери),"Касымалиев М., Орускулов Т.",bilim.akipress.org,https://bilim.akipress.org/lib/book:155/,PDF with text (OCR or old font),approved edition,yes,"deep search: Approved edition: «Информатика: Базалык курс боюнча практикалык иштер 7-9», 3rd corrected ed., Билим-компьютер 2015, ISBN 978-9967-31-258-6, 192 pp, ABBYY FineReader 12 PDF (page images 1773 px + hidden OCR text), 76 MB"
316,7,Kyrgyz-medium,Табигый илимдер,Robert Moody,kitep.edu.kg (ministry),https://kitep.edu.kg/book/429/read,PDF without text (scan),approved edition,yes,352 pages; listed as «Табигый илимдер. Окуу китеби»
316,7,Kyrgyz-medium,Табигый илимдер,Robert Moody,stem.edu.gov.kg (ministry),https://stem.edu.gov.kg/api/books/527,PDF with text,approved edition,yes,"deep search: Full Kyrgyz student book «Табигый илимдер 7» (Роберт Муди), 348 pp (chapters 1-14, pages numbered to 349), born-digital InDesign PDF (2025-08-26), 223.8 MB"
317,7,Kyrgyz-medium,Физика,"Мамбетакунов Э., Мурзаибраимова Б.",mektep.o.kg,https://mektep.o.kg/books/17/?grade=7,PDF without text (scan),year unknown,yes,91 pages; listed as «Физика_7_кл..pdf»
317,7,Kyrgyz-medium,Физика,"Мамбетакунов Э., Мурзаибраимова Б.",bizdin.kg app,https://bizdin.kg/uchebnik/fizika-7-klass/,View online only,year unknown,yes,"read in the app or site, no download"
318,7,Kyrgyz-medium,Биология,"Токтосунов А., Бейшебаев К., Мамытова Б., Кыдыралиева Д.",our reader (el-kitep),https://rinatius.github.io/el-kitep/#/read/kg-biologiya-7,Our reader: AI-proofread text,approved edition,yes,
318,7,Kyrgyz-medium,Биология,"Токтосунов А., Бейшебаев К., Мамытова Б., Кыдыралиева Д.",okuma.kg,https://okuma.kg/books.php?id=215,PDF without text (scan),approved edition,yes,212 pages; listed as «БИОЛОГИЯ жаныбарлар 7 класс»
318,7,Kyrgyz-medium,Биология,"Токтосунов А., Бейшебаев К., Мамытова Б., Кыдыралиева Д.",new.bizdin.kg,https://new.bizdin.kg/kniga/uchebnik-biologiya-7-8-klass-ksh,PDF (form not checked),other year (2006),yes,"not opened: the site's security certificate has expired (1 Oct 2026), so browsers show a warning first; listed as «Учебник. Биология. 7-8 класс. КШ»"
318,7,Kyrgyz-medium,Биология,"Токтосунов А., Бейшебаев К., Мамытова Б., Кыдыралиева Д.",bizdin.kg app,https://bizdin.kg/uchebnik/biologiia-okuu-kitebi-zhanybarlar-7-8-klasstar-uchebnik-po-biologii-zhivotnye-7-8-klassy-na-kyrgyzskom/,View online only,year unknown,yes,"read in the app or site, no download"
92,7,Russian-medium,Русский язык (в 2-х частях),"Баранов М.Т., Ладыженская Т.А., Тростенцова Л.А. и др. Учебник адаптирован: Баган Е.В., Бреусенко Л.М.",lib.uchebnik.academy,https://lib.uchebnik.academy/book/russkii-iazyk-7-klass-v-2-kh-chastiakh-ladyzhenskaia-t-a-baranov-m-t-i-dr-ladyzhenskaia-t-a-7-klass-2023/,PDF without text (scan),other edition,yes,"both parts; Russian Federation original (Просвещение 2023), not the Kyrgyzstan adaptation on the list; unofficial copy of a copyrighted Просвещение (Russia) book"
93,7,Russian-medium,Русский язык,"Бреусенко Л., Матохина Т.",arcus.kg (publisher),https://arcus.kg/ru/metodicheskaya-podderzhka-uchitelej,Part or sample only,,no,"publisher teacher folder: first quarter only, 41 pages"
93,7,Russian-medium,Русский язык,"Бреусенко Л., Матохина Т.",arcus.kg (publisher),https://arcus.kg/ru/uchebnaya-literatura/srednyaya-shkola-5-9-klassy/russkij/213-russkij-yazyk-7-klass,Not online,,no,"shop page, print copy only"
94,7,Russian-medium,Русская литература (в 2-х частях),"Коровина В.Я., Журавлев В.П., Коровин В.И., Низовская И.А., Ешенова Н.А.",lib.uchebnik.academy,https://lib.uchebnik.academy/book/literatura-7-klass-uchebnik-v-2-chastiakh-korovina-v-ia-korovina-v-ia-7-klass-2024/,PDF without text (scan),other edition,yes,"both parts; Russian Federation original (Просвещение 2023), not the Kyrgyzstan adaptation on the list; unofficial copy of a copyrighted Просвещение (Russia) book"
95,7,Russian-medium,Кыргыз тили,"Оморова А., Осмонова П., Абылкасымова Т., Узекеева А.",arcus.kg (publisher),https://arcus.kg/ru/metodicheskaya-podderzhka-uchitelej,Part or sample only,,no,"publisher teacher folder: first quarter only, 46 pages"
95,7,Russian-medium,Кыргыз тили,"Оморова А., Осмонова П., Абылкасымова Т., Узекеева А.",arcus.kg (publisher),https://arcus.kg/ru/uchebnaya-literatura/srednyaya-shkola-5-9-klassy/russkij/276-kyrgyz-tili-7-klass,Not online,,no,"shop page, print copy only"
96,7,Russian-medium,Кыргыз тили,"Сыдыкова Б., Мамытов Ж. и др.",our reader (el-kitep),https://rinatius.github.io/el-kitep/#/read/ru-kyrgyz-tili-7,Our reader: AI-proofread text,approved edition,yes,
96,7,Russian-medium,Кыргыз тили,"Сыдыкова Б., Мамытов Ж. и др.",mektep.o.kg,https://mektep.o.kg/books/6/?grade=7,PDF without text (scan),year unknown,yes,76 pages; listed as «Кыргыз тили 7й класс»
97,7,Russian-medium,Кыргыз адабияты,Оморова А. и др.,our reader (el-kitep),https://rinatius.github.io/el-kitep/#/read/ru-kyrgyz-adabiyaty-7,Our reader: AI-proofread text,approved edition,yes,
97,7,Russian-medium,Кыргыз адабияты,Оморова А. и др.,kitep.edu.kg (ministry),https://kitep.edu.kg/book/195/read,PDF with text,approved edition,yes,65 pages; listed as «Кыргыз адабияты»
97,7,Russian-medium,Кыргыз адабияты,Оморова А. и др.,mektep.o.kg,https://mektep.o.kg/books/6/?grade=7,PDF with text,year unknown,yes,64 pages; listed as «Кыргыз адабияты 7»
98,7,Russian-medium,Take Off with English,"Фрэнсис Трелоар, Стив Томпсон, Джейн Томпсон",kitep.edu.kg (ministry),https://kitep.edu.kg/book/14/read,PDF with text,approved edition,yes,33 pages; listed as «Take off with English Pupil's Book»
98,7,Russian-medium,Take Off with English,"Фрэнсис Трелоар, Стив Томпсон, Джейн Томпсон",kitep.edu.kg (ministry),https://kitep.edu.kg/book/286/read,PDF with text,approved edition,yes,28 pages; listed as «Take off with English Pupil's Book 34-61 pages»
98,7,Russian-medium,Take Off with English,"Фрэнсис Трелоар, Стив Томпсон, Джейн Томпсон",kitep.edu.kg (ministry),https://kitep.edu.kg/book/413/read,PDF with text,approved edition,yes,40 pages; listed as «Take off with English Pupil's Book 62-101 pages»
100,7,Russian-medium,Английский язык,"Абдышева Ч., Балута О.",arcus.kg,https://arcus.kg/ru/uchebnaya-literatura/srednyaya-shkola-5-9-klassy/kyrgyzskij/191-u-anglis-tili-7-klass,Part or sample only,other year (2019),no,"deep search: Publisher flipbook of 'Англис тили. 7-класс' (Kyrgyz-school edition), 15 pages; a 28-page extract (units 1-2) of the 2019 Аркус edition uploaded to multiurok (InDesign CC 2019 PDF, text converted to outlines, no text layer)"
100,7,Russian-medium,Английский язык,"Абдышева Ч., Балута О.",arcus.kg (publisher),https://arcus.kg/ru/uchebnaya-literatura/dlya-uchashchikhsya-vuz-ov/russkij/192-uchebnik-anglijskij-yazyk-7-klass-dlya-shkol-s-russkim-yazykom-obucheniya,Not online,,no,"shop page, print copy only"
101,7,Russian-medium,Английский язык,Юсупова А. и др.,kitep.edu.kg (ministry),https://kitep.edu.kg/book/86/read,PDF without text (scan),approved edition,yes,168 pages; listed as «Английский язык»
101,7,Russian-medium,Английский язык,Юсупова А. и др.,new.bizdin.kg,https://new.bizdin.kg/kniga/uchebnik-angliyskiy-yazyk-7-klass-rsh,PDF (form not checked),approved edition,yes,"not opened: the site's security certificate has expired (1 Oct 2026), so browsers show a warning first; listed as «Учебник. Английский язык. 7-класс. РШ»"
102,7,Russian-medium,История Кыргызстана,Чоротегин Т. и др.,our reader (el-kitep),https://rinatius.github.io/el-kitep/#/read/ru-istoriya-kyrgyzstana-7,Our reader: AI-proofread text,approved edition,yes,
102,7,Russian-medium,История Кыргызстана,Чоротегин Т. и др.,kitep.edu.kg (ministry),https://kitep.edu.kg/book/194/read,PDF with text,approved edition,yes,186 pages; listed as «История Кыргызстана»
102,7,Russian-medium,История Кыргызстана,Чоротегин Т. и др.,bizdin.kg app,https://bizdin.kg/uchebnik/istoriia-kyrgyzstana-7-klass-2012-oruscha/,View online only,approved edition,yes,"read in the app or site, no download"
102,7,Russian-medium,История Кыргызстана,Чоротегин Т. и др.,mektep.o.kg,https://mektep.o.kg/books/6/?grade=7,PDF with text,year unknown,yes,186 pages; listed as «История Кыргызстана»
104,7,Russian-medium,Человек и общество,"Азимова М., Арунова А., Маслова И.",our reader (el-kitep),https://rinatius.github.io/el-kitep/#/read/ru-chelovek-obshchestvo-7,Our reader: exact text,approved edition,yes,
104,7,Russian-medium,Человек и общество,"Азимова М., Арунова А., Маслова И.",kitep.edu.kg (ministry),https://kitep.edu.kg/book/192/read,PDF with text,approved edition,yes,192 pages; listed as «Человек  и общество»
104,7,Russian-medium,Человек и общество,"Азимова М., Арунова А., Маслова И.",bizdin.kg app,https://bizdin.kg/uchebnik/chelovek-i-obshchestvo-7-klass-2024-oruscha/,View online only,approved edition,yes,"read in the app or site, no download"
106,7,Russian-medium,Математика,"Raihan Sudirman, Jasmine Chung, Ayassa Chua Lihong and Joyce Ng",our reader (el-kitep),https://rinatius.github.io/el-kitep/#/read/ru-matematika-7-1-v3,Part or sample only,approved edition,no,"7 класс. Часть 1 (главы 1–5). Вариант 3: страницы, набранные заново"
106,7,Russian-medium,Математика,"Raihan Sudirman, Jasmine Chung, Ayassa Chua Lihong and Joyce Ng",kitep.edu.kg (ministry),https://kitep.edu.kg/book/151/read,PDF without text (scan),approved edition,yes,"400 pages; listed as «Математика, Окуу китеби»"
106,7,Russian-medium,Математика,"Raihan Sudirman, Jasmine Chung, Ayassa Chua Lihong and Joyce Ng",bizdin.kg app,https://bizdin.kg/uchebnik/matematika-okuu-kitebi-7-klass-2025-oruscha/,View online only,approved edition,yes,"read in the app or site, no download"
106,7,Russian-medium,Математика,"Raihan Sudirman, Jasmine Chung, Ayassa Chua Lihong and Joyce Ng",stem.edu.gov.kg (ministry),https://stem.edu.gov.kg/api/books/353,Part or sample only,,no,"deep search: Russian «Математика. Учебник 7» (Тох Тин Лам), chapters 1-3 only, 110 of ~400 pp, born-digital InDesign PDF with kitep.edu.kg watermark text"
107,7,Russian-medium,Алгебра,"Макарычев Ю.А., Миндюк Н.Г., Нешков К.И. и др.",prosv.ru (publisher),https://prosv.ru/product/matematika-algebra-7-klass-bazovii-uroven-elektronnaya-forma-uchebnika184098802/,"Login, paywall or library only",,no,"official paid e-version from Просвещение (1-year licence, about 311-377 roubles); free unofficial copies circulate widely"
107,7,Russian-medium,Алгебра,"Макарычев Ю.А., Миндюк Н.Г., Нешков К.И. и др.",lib.uchebnik.academy,https://lib.uchebnik.academy/book/algebra-7-klass-uchebnik-makarychev-iu-n-mindiuk-n-g-i-dr-makarychev-iu-n-7-klass-2024/,PDF with text,any (list says latest edition),yes,"2024 edition, 257 pages; unofficial copy of a copyrighted Просвещение (Russia) book"
107,7,Russian-medium,Алгебра,"Макарычев Ю.А., Миндюк Н.Г., Нешков К.И. и др.",stem.edu.gov.kg (ministry),https://stem.edu.gov.kg/api/books/63,PDF without text (scan),other year (2013),yes,"2013 edition, 259 pages"
108,7,Russian-medium,Геометрия 7 – 9-кл.,"Бекбоев И., Борубаев А., Айылчиев А.",kitep.edu.kg (ministry),https://kitep.edu.kg/book/102/read,Other language only,,no,only the Kyrgyz-language edition of this book is online
109,7,Russian-medium,Геометрия 7 – 9 кл.,Погорелов А.В.,prosv.ru (publisher),https://prosv.ru/product/geometriya-7-9-klass-elektronnaya-forma-uchebnika02/,"Login, paywall or library only",,no,"official paid e-version from Просвещение (1-year licence, about 311-377 roubles); free unofficial copies circulate widely"
109,7,Russian-medium,Геометрия 7 – 9 кл.,Погорелов А.В.,lib.uchebnik.academy,https://lib.uchebnik.academy/book/geometriia-7-9-klass-uchebnik-pogorelov-a-v-pogorelov-a-v-9-klass-2022/,PDF with text,any (list says latest edition),yes,"2022 edition (11th), 241 pages; unofficial copy of a copyrighted Просвещение (Russia) book"
110,7,Russian-medium,Геометрия 7 – 9 кл.,"Атанасян Л.С., Бутузов В.Ф., Кадомцев С.Б. и др.",prosv.ru (publisher),https://prosv.ru/product/geometriya-7-9-klass-elektronnaya-forma-uchebnika102/,"Login, paywall or library only",,no,"official paid e-version from Просвещение (1-year licence, about 311-377 roubles); free unofficial copies circulate widely"
110,7,Russian-medium,Геометрия 7 – 9 кл.,"Атанасян Л.С., Бутузов В.Ф., Кадомцев С.Б. и др.",lib.uchebnik.academy,"https://lib.uchebnik.academy/uchebnik/image/catalog/books/Geometriya.%207-9%20klass.%20Uchebnik%20-%20Atanasyan%20L.S.,%20Butuzov%20V.F.,%20Kadomtsev%20S.B.%20i%20dr/pdf/geometrija_-uchebnik_-7-9-kl_-atanasjan_compressed.pdf",PDF without text (scan),any (list says latest edition),yes,"2023 edition (14th), 417 pages; unofficial copy of a copyrighted Просвещение (Russia) book"
111,7,Russian-medium,Информатика 7 – 9 кл.,"Цыбуля И., Самыкбаева Л., Беляев А. и др.",our reader (el-kitep),https://rinatius.github.io/el-kitep/#/read/ru-informatika-7-9,Our reader: exact text,other year (2019),yes,
111,7,Russian-medium,Информатика 7 – 9 кл.,"Цыбуля И., Самыкбаева Л., Беляев А. и др.",kitep.edu.kg (ministry),https://kitep.edu.kg/book/191/read,PDF with text,approved edition,yes,208 pages; listed as «Информатика»
111,7,Russian-medium,Информатика 7 – 9 кл.,"Цыбуля И., Самыкбаева Л., Беляев А. и др.",bizdin.kg app,https://bizdin.kg/uchebnik/informatika-7-klass-2020-oruscha/,View online only,approved edition,yes,"read in the app or site, no download"
112,7,Russian-medium,Информатика 7 – 9 кл.,"Орускулов Т., Касымалиев М.",okuma.kg,https://okuma.kg/books.php?id=35,Other language only,,no,only the Kyrgyz-language edition of this book is online
113,7,Russian-medium,Информатика 7 – 9 кл. (вопросы практикума),"Касымалиев М., Орускулов Т.",okuma.kg,https://okuma.kg/books.php?id=35,Other language only,,no,only the Kyrgyz-language edition of this book is online
114,7,Russian-medium,Естественные науки,Robert Moody,kitep.edu.kg (ministry),https://kitep.edu.kg/book/154/read,PDF without text (scan),approved edition,yes,352 pages; listed as «Табигый илимдер. Окуу китеби»
114,7,Russian-medium,Естественные науки,Robert Moody,stem.edu.gov.kg (ministry),https://stem.edu.gov.kg/api/books/151,Part or sample only,,no,"deep search: Russian «Естественные науки. Учебник 7» (Роберт Муди), chapters 1-3 only, 80 of ~350 pp, born-digital InDesign PDF with kitep.edu.kg watermark text"
115,7,Russian-medium,Физика,Мамбетакунов Э. и др.,kitep.edu.kg (ministry),https://kitep.edu.kg/book/190/read,PDF with text,approved edition,yes,272 pages; listed as «Физика»
321,8,Kyrgyz-medium,Кыргыз тили,"Иманов А., Кайбылдаев А., Сапарбаев А., Усубалиев Б.",our reader (el-kitep),https://rinatius.github.io/el-kitep/#/read/kg-kyrgyz-tili-8,Our reader: AI-proofread text,other year (2015),yes,
321,8,Kyrgyz-medium,Кыргыз тили,"Иманов А., Кайбылдаев А., Сапарбаев А., Усубалиев Б.",kitep.edu.kg (ministry),https://kitep.edu.kg/book/105/read,PDF without text (scan),other year (2015),yes,139 pages; listed as «Кыргыз тили»
322,8,Kyrgyz-medium,Кыргыз тили 7 – 9-кл.,Исаков Б. ж.б.,our reader (el-kitep),https://rinatius.github.io/el-kitep/#/read/kg-kyrgyz-tili-7-9,Our reader: AI-proofread text,other year (2012),yes,
322,8,Kyrgyz-medium,Кыргыз тили 7 – 9-кл.,Исаков Б. ж.б.,mektep.o.kg,https://mektep.o.kg/books/18/?grade=8,PDF without text (scan),year unknown,yes,355 pages; listed as «Кыргыз тили 7-9й класс»
325,8,Kyrgyz-medium,Кыргыз адабияты,Исаков Б.,our reader (el-kitep),https://rinatius.github.io/el-kitep/#/read/kg-kyrgyz-adabiyaty-8,Our reader: AI-proofread text,approved edition,yes,
325,8,Kyrgyz-medium,Кыргыз адабияты,Исаков Б.,kitep.edu.kg (ministry),https://kitep.edu.kg/book/108/read,PDF without text (scan),approved edition,yes,189 pages; listed as «Кыргыз адабияты»
325,8,Kyrgyz-medium,Кыргыз адабияты,Исаков Б.,bizdin.kg app,https://bizdin.kg/uchebnik/kyrgyz-adabiiaty-8-klass-2012/,View online only,approved edition,yes,"read in the app or site, no download"
325,8,Kyrgyz-medium,Кыргыз адабияты,Исаков Б.,bilim.akipress.org,https://bilim.akipress.org/lib/book:208/,PDF without text (scan),year unknown,yes,"193 pages; listed as «Кыргыз адабияты 8-класс Б. С. ИСАКОВ, Ч. Б. ИСАКОВА»"
325,8,Kyrgyz-medium,Кыргыз адабияты,Исаков Б.,bizdin.kg app,https://bizdin.kg/uchebnik/kyrgyz-adabiiaty-8-klass/,View online only,year unknown,yes,"read in the app or site, no download"
327,8,Kyrgyz-medium,Русский язык 8 – 9-кл.,"Супрун А., Скирдов В., Акматов Т.",our reader (el-kitep),https://rinatius.github.io/el-kitep/#/read/kg-russkiy-yazyk-8-9,Our reader: AI-proofread text,approved edition,yes,
327,8,Kyrgyz-medium,Русский язык 8 – 9-кл.,"Супрун А., Скирдов В., Акматов Т.",okuma.kg,https://okuma.kg/books.php?id=211,PDF without text (scan),other year (2002),yes,252 pages; listed as «Грамматика Русского языка 8-9 класс»
327,8,Kyrgyz-medium,Русский язык 8 – 9-кл.,"Супрун А., Скирдов В., Акматов Т.",mektep.o.kg,https://mektep.o.kg/books/18/?grade=8,PDF without text (scan),year unknown,yes,285 pages; listed as «Русский язык 8-9й класс»
328,8,Kyrgyz-medium,Грамматика русского языка (синтаксис) 8 – 9-кл.,"Супрун А., Скирдов В., Акматов Т.",okuma.kg,https://okuma.kg/books.php?id=211,PDF without text (scan),other year (2002),yes,252 pages; listed as «Грамматика Русского языка 8-9 класс»
328,8,Kyrgyz-medium,Грамматика русского языка (синтаксис) 8 – 9-кл.,"Супрун А., Скирдов В., Акматов Т.",mektep.o.kg,https://mektep.o.kg/books/18/?grade=8,PDF without text (scan),year unknown,yes,285 pages; listed as «Русский язык 8-9й класс»
329,8,Kyrgyz-medium,Литературное чтение,"Сооронкулов Г., Ешенова Н.",our reader (el-kitep),https://rinatius.github.io/el-kitep/#/read/kg-literaturnoe-chtenie-8,Our reader: exact text,approved edition,yes,
330,8,Kyrgyz-medium,Take Off with English,"Фрэнсис Трелоар, Стив Томпсон, Джейн Томпсон",kitep.edu.kg (ministry),https://kitep.edu.kg/book/17/read,PDF with text,approved edition,yes,33 pages; listed as «Take off with English Pupil's Book»
330,8,Kyrgyz-medium,Take Off with English,"Фрэнсис Трелоар, Стив Томпсон, Джейн Томпсон",kitep.edu.kg (ministry),https://kitep.edu.kg/book/290/read,PDF with text,approved edition,yes,28 pages; listed as «Take off with English Pupil's Book 34-61 pages»
330,8,Kyrgyz-medium,Take Off with English,"Фрэнсис Трелоар, Стив Томпсон, Джейн Томпсон",kitep.edu.kg (ministry),https://kitep.edu.kg/book/420/read,PDF with text,approved edition,yes,40 pages; listed as «Take off with English Pupil's Book 62-101 pages»
331,8,Kyrgyz-medium,Англис тили,"Балута О., Абдышева Ч.",arcus.kg,https://arcus.kg/modules/mod_flipbook_100/tmpl/book.html,Part or sample only,,no,"deep search: Publisher flipbooks of 'Англис тили. 8-класс' (Kyrgyz-school, 15 pp) and 'Английский язык. 8 класс' (Russian-school, 15 pp); teacher's guide flipbook (15 pp)"
333,8,Kyrgyz-medium,Англис тили,Юсупова А. ж.б.,okuma.kg,https://okuma.kg/books.php?id=31,PDF without text (scan),approved edition,yes,156 pages; listed as «Англис тили 8-класс»
333,8,Kyrgyz-medium,Англис тили,Юсупова А. ж.б.,new.bizdin.kg,https://new.bizdin.kg/kniga/uchebnik-angliyskiy-yazyk-8-klass-ksh,PDF (form not checked),approved edition,yes,"not opened: the site's security certificate has expired (1 Oct 2026), so browsers show a warning first; listed as «Учебник. Английский язык. 8 класс. КШ»"
333,8,Kyrgyz-medium,Англис тили,Юсупова А. ж.б.,mektep.o.kg,https://mektep.o.kg/books/18/?grade=8,PDF without text (scan),year unknown,yes,80 pages; listed as «ENGLISH 8й класс»
334,8,Kyrgyz-medium,Кыргызстан тарыхы,"Чоротегин Т., Өмүрбеков Т.",our reader (el-kitep),https://rinatius.github.io/el-kitep/#/read/kg-kyrgyzstan-taryhy-8,Our reader: AI-proofread text,approved edition,yes,
334,8,Kyrgyz-medium,Кыргызстан тарыхы,"Чоротегин Т., Өмүрбеков Т.",kitep.edu.kg (ministry),https://kitep.edu.kg/book/104/read,PDF without text (scan),approved edition,yes,179 pages; listed as «Кыргызстан тарыхы»
334,8,Kyrgyz-medium,Кыргызстан тарыхы,"Чоротегин Т., Өмүрбеков Т.",bizdin.kg app,https://bizdin.kg/uchebnik/kyrgyzstan-tarykhy-8-klass-2010/,View online only,approved edition,yes,"read in the app or site, no download"
334,8,Kyrgyz-medium,Кыргызстан тарыхы,"Чоротегин Т., Өмүрбеков Т.",okuma.kg,https://okuma.kg/books.php?id=36,PDF without text (scan),other year (2009),yes,179 pages; listed as «Кыргызстан тарыхы 8-класс»
334,8,Kyrgyz-medium,Кыргызстан тарыхы,"Чоротегин Т., Өмүрбеков Т.",mektep.o.kg,https://mektep.o.kg/books/18/?grade=8,PDF without text (scan),year unknown,yes,179 pages; listed as «Кыргызстан тарыхы 8й класс»
335,8,Kyrgyz-medium,Жаңы тарых,Доталиев А. ж.б.,our reader (el-kitep),https://rinatius.github.io/el-kitep/#/read/kg-janyy-taryh-8,Our reader: exact text,approved edition,yes,
335,8,Kyrgyz-medium,Жаңы тарых,Доталиев А. ж.б.,mektep.o.kg,https://mektep.o.kg/books/18/?grade=8,PDF with text (OCR or old font),year unknown,yes,"192 pages, old 8-bit font: copied text is garbled; listed as «Жаны тарых 8й класс»"
336,8,Kyrgyz-medium,Диндердин өнүгүү тарыхы,"Бектемирова А., Карасартова Ч., Жумабаев М., Бекбоева А., Иманкулов М.",our reader (el-kitep),https://rinatius.github.io/el-kitep/#/read/kg-dinder-taryhy-8,Our reader: exact text,approved edition,yes,
336,8,Kyrgyz-medium,Диндердин өнүгүү тарыхы,"Бектемирова А., Карасартова Ч., Жумабаев М., Бекбоева А., Иманкулов М.",kitep.edu.kg (ministry),https://kitep.edu.kg/book/101/read,PDF with text,approved edition,yes,160 pages; listed as «Диндердин өнүгүү тарыхы»
337,8,Kyrgyz-medium,Адам жана коом,"Азимова М., Арунова А., Маслова И.",our reader (el-kitep),https://rinatius.github.io/el-kitep/#/read/kg-adam-jana-koom-8,Our reader: exact text,approved edition,yes,
337,8,Kyrgyz-medium,Адам жана коом,"Азимова М., Арунова А., Маслова И.",kitep.edu.kg (ministry),https://kitep.edu.kg/book/348/read,PDF with text,approved edition,yes,192 pages; listed as «Адам жана коом»
337,8,Kyrgyz-medium,Адам жана коом,"Азимова М., Арунова А., Маслова И.",bizdin.kg app,https://bizdin.kg/uchebnik/adam-zhana-koom-8-klass-2024/,View online only,approved edition,yes,"read in the app or site, no download"
339,8,Kyrgyz-medium,Алгебра,"Байзаков А., Саадабаева А., Ыбыкеев Ж.",okuma.kg,https://okuma.kg/books.php?id=32,PDF without text (scan),approved edition,yes,211 pages; listed as «Алгебра 8-класс»
339,8,Kyrgyz-medium,Алгебра,"Байзаков А., Саадабаева А., Ыбыкеев Ж.",kitep.edu.kg (ministry),https://kitep.edu.kg/book/96/read,PDF without text (scan),other year (2025),yes,106 pages; listed as «Алгебра»
339,8,Kyrgyz-medium,Алгебра,"Байзаков А., Саадабаева А., Ыбыкеев Ж.",mektep.o.kg,https://mektep.o.kg/books/18/?grade=8,PDF without text (scan),year unknown,yes,106 pages; listed as «Алгебра 8й класс»
340,8,Kyrgyz-medium,Геометрия 7 – 9-кл.,"Бекбоев И., Бөрүбаев А., Айылчиев А.",kitep.edu.kg (ministry),https://kitep.edu.kg/book/99/read,PDF without text (scan),approved edition,yes,294 pages; listed as «Геометрия»
340,8,Kyrgyz-medium,Геометрия 7 – 9-кл.,"Бекбоев И., Бөрүбаев А., Айылчиев А.",okuma.kg,https://okuma.kg/books.php?id=214,PDF without text (scan),approved edition,yes,294 pages; listed as «Геометрия 7-9 класс»
340,8,Kyrgyz-medium,Геометрия 7 – 9-кл.,"Бекбоев И., Бөрүбаев А., Айылчиев А.",bilim.akipress.org,https://bilim.akipress.org/lib/book:161/,PDF with text,approved edition,yes,"deep search: Approved edition: 3rd revised ed., Билим-компьютер 2015, ISBN 978-9967-31-302-6, 288 pp, born-digital PDF (PDFCreator/Ghostscript), 3.6 MB"
341,8,Kyrgyz-medium,Информатика 7 – 9-кл.,"Цыбуля И., Самыкбаева Л., Беляев А. ж.б.",our reader (el-kitep),https://rinatius.github.io/el-kitep/#/read/kg-informatika-7-9,Our reader: exact text,other year (2019),yes,
341,8,Kyrgyz-medium,Информатика 7 – 9-кл.,"Цыбуля И., Самыкбаева Л., Беляев А. ж.б.",kitep.edu.kg (ministry),https://kitep.edu.kg/book/119/read,PDF with text,approved edition,yes,205 pages; listed as «. Информатика.7-9»
341,8,Kyrgyz-medium,Информатика 7 – 9-кл.,"Цыбуля И., Самыкбаева Л., Беляев А. ж.б.",okuma.kg,https://okuma.kg/books.php?id=947,PDF with text,approved edition,yes,208 pages; listed as «Информатика 7-9 - класс»
342,8,Kyrgyz-medium,Информатика 7 – 9-кл.,"Орускулов Т., Касымалиев М.",our reader (el-kitep),https://rinatius.github.io/el-kitep/#/read/kg-informatika-bazalyk-7-9,Our reader: exact text,other year (2020),yes,
342,8,Kyrgyz-medium,Информатика 7 – 9-кл.,"Орускулов Т., Касымалиев М.",new.bizdin.kg,https://new.bizdin.kg/kniga/uchebnik-informatika-7-9-klass-ksh,PDF (form not checked),approved edition,yes,"not opened: the site's security certificate has expired (1 Oct 2026), so browsers show a warning first; listed as «Учебник. Информатика. 7-9 класс. КШ»"
342,8,Kyrgyz-medium,Информатика 7 – 9-кл.,"Орускулов Т., Касымалиев М.",new.bizdin.kg,https://new.bizdin.kg/kniga/uchebnik-informatika-nachalnyy-kurs-7-9-klass-ksh,PDF (form not checked),approved edition,yes,"not opened: the site's security certificate has expired (1 Oct 2026), so browsers show a warning first; listed as «Учебник. Информатика начальный курс. 7-9 класс. КШ»"
342,8,Kyrgyz-medium,Информатика 7 – 9-кл.,"Орускулов Т., Касымалиев М.",mektep.o.kg,https://mektep.o.kg/books/18/?grade=8,PDF with text (OCR or old font),year unknown,yes,"384 pages, old 8-bit font: copied text is garbled; listed as «Информатика 8й класс»"
342,8,Kyrgyz-medium,Информатика 7 – 9-кл.,"Орускулов Т., Касымалиев М.",okuma.kg,https://okuma.kg/books.php?id=35,PDF without text (scan),other year (2006),yes,386 pages; listed as «Информатика базалык курс»
342,8,Kyrgyz-medium,Информатика 7 – 9-кл.,"Орускулов Т., Касымалиев М.",okuma.kg,https://okuma.kg/books.php?id=203,PDF without text (scan),other year (2006),yes,"384 pages; listed as «ИНФОРМАТИКА базалык курс, 7-9 класс»"
342,8,Kyrgyz-medium,Информатика 7 – 9-кл.,"Орускулов Т., Касымалиев М.",okuma.kg,https://okuma.kg/books.php?id=204,PDF without text (scan),other year (2006),yes,"224 pages; listed as «ИНФОРМАТИКА базалык курс боюнча практикалык иштер , 7-9 класс»"
343,8,Kyrgyz-medium,Информатика 7 – 9-кл. (практикум маселелери),"Касымалиев М., Орускулов Т.",new.bizdin.kg,https://new.bizdin.kg/kniga/uchebnik-informatika-7-9-klass-ksh,PDF (form not checked),approved edition,yes,"not opened: the site's security certificate has expired (1 Oct 2026), so browsers show a warning first; listed as «Учебник. Информатика. 7-9 класс. КШ»"
343,8,Kyrgyz-medium,Информатика 7 – 9-кл. (практикум маселелери),"Касымалиев М., Орускулов Т.",new.bizdin.kg,https://new.bizdin.kg/kniga/uchebnik-informatika-nachalnyy-kurs-7-9-klass-ksh,PDF (form not checked),approved edition,yes,"not opened: the site's security certificate has expired (1 Oct 2026), so browsers show a warning first; listed as «Учебник. Информатика начальный курс. 7-9 класс. КШ»"
343,8,Kyrgyz-medium,Информатика 7 – 9-кл. (практикум маселелери),"Касымалиев М., Орускулов Т.",mektep.o.kg,https://mektep.o.kg/books/18/?grade=8,PDF with text (OCR or old font),year unknown,yes,"384 pages, old 8-bit font: copied text is garbled; listed as «Информатика 8й класс»"
343,8,Kyrgyz-medium,Информатика 7 – 9-кл. (практикум маселелери),"Касымалиев М., Орускулов Т.",okuma.kg,https://okuma.kg/books.php?id=204,PDF without text (scan),other year (2006),yes,"224 pages; listed as «ИНФОРМАТИКА базалык курс боюнча практикалык иштер , 7-9 класс»"
343,8,Kyrgyz-medium,Информатика 7 – 9-кл. (практикум маселелери),"Касымалиев М., Орускулов Т.",bilim.akipress.org,https://bilim.akipress.org/lib/book:155/,PDF with text (OCR or old font),approved edition,yes,"deep search: Approved edition: «Информатика: Базалык курс боюнча практикалык иштер 7-9», 3rd corrected ed., Билим-компьютер 2015, ISBN 978-9967-31-258-6, 192 pp, ABBYY FineReader 12 PDF (page images 1773 px + hidden OCR text), 76 MB"
344,8,Kyrgyz-medium,Физика,"Мамбетакунов Э., Мурзаибраимова Б., Мамбетакунов У.",mektep.o.kg,https://mektep.o.kg/books/18/?grade=8,PDF without text (scan),year unknown,yes,163 pages; listed as «Физика 8й кл»
347,8,Kyrgyz-medium,Чийүү 8 – 9-кл.,Ботвинников А. ж.б.,kitep.edu.kg (ministry),https://kitep.edu.kg/book/97/read,PDF without text (scan),approved edition,yes,116 pages; listed as «Черчение»
347,8,Kyrgyz-medium,Чийүү 8 – 9-кл.,Ботвинников А. ж.б.,mektep.o.kg,https://mektep.o.kg/books/18/?grade=8,PDF without text (scan),year unknown,yes,116 pages; listed as «ЧЕРЧЕНИЕ 8-9й класс»
347,8,Kyrgyz-medium,Чийүү 8 – 9-кл.,Ботвинников А. ж.б.,new.bizdin.kg,https://new.bizdin.kg/kniga/uchebnik-cherchenie-8-9-klass-ksh,PDF (form not checked),other year (2011),yes,"not opened: the site's security certificate has expired (1 Oct 2026), so browsers show a warning first; listed as «Учебник. Черчение. 8-9 класс. КШ»"
347,8,Kyrgyz-medium,Чийүү 8 – 9-кл.,Ботвинников А. ж.б.,bizdin.kg app,https://bizdin.kg/uchebnik/uchebnik-po-chercheniiu-8-9-klassy-na-kyrgyzskom/,View online only,year unknown,yes,"read in the app or site, no download"
119,8,Russian-medium,Русский язык,"Л.М. Бреусенко, Т.А. Матохина",arcus.kg,https://arcus.kg/ru/uchebnaya-literatura/srednyaya-shkola-5-9-klassy/russkij/417-russkij-yazyk-8-klass,Part or sample only,,no,"deep search: Same as known: 30-page extract of the approved Аркус edition in the Arcus teacher Drive folder (re-listed today, unchanged) plus the full teacher's guide"
122,8,Russian-medium,Кыргыз тили,Ибрагимов С.,our reader (el-kitep),https://rinatius.github.io/el-kitep/#/read/ru-kyrgyz-tili-8,Our reader: AI-proofread text,other year (2007),yes,
122,8,Russian-medium,Кыргыз тили,Ибрагимов С.,mektep.o.kg,https://mektep.o.kg/books/7/?grade=8,PDF without text (scan),year unknown,yes,136 pages; listed as «Кыргыз Тили 8кл.»
123,8,Russian-medium,Кыргыз адабияты,Искакова Д. и др.,our reader (el-kitep),https://rinatius.github.io/el-kitep/#/read/ru-kyrgyz-adabiyaty-8,Our reader: AI-proofread text,approved edition,yes,
123,8,Russian-medium,Кыргыз адабияты,Искакова Д. и др.,mektep.o.kg,https://mektep.o.kg/books/7/?grade=8,PDF without text (scan),year unknown,yes,82 pages; listed as «Кыргыз адабияты»
124,8,Russian-medium,Take Off with English,"Фрэнсис Трелоар, Стив Томпсон, Джейн Томпсон",kitep.edu.kg (ministry),https://kitep.edu.kg/book/18/read,PDF with text,approved edition,yes,33 pages; listed as «Take off with English Pupil's Book»
124,8,Russian-medium,Take Off with English,"Фрэнсис Трелоар, Стив Томпсон, Джейн Томпсон",kitep.edu.kg (ministry),https://kitep.edu.kg/book/291/read,PDF with text,approved edition,yes,28 pages; listed as «Take off with English Pupil's Book 34-61 pages»
124,8,Russian-medium,Take Off with English,"Фрэнсис Трелоар, Стив Томпсон, Джейн Томпсон",kitep.edu.kg (ministry),https://kitep.edu.kg/book/419/read,PDF with text,approved edition,yes,40 pages; listed as «Take off with English Pupil's Book 62-101 pages»
125,8,Russian-medium,Английский язык,"Балута О., Абдышева Ч.",arcus.kg,https://arcus.kg/modules/mod_flipbook_100/tmpl/book.html,Part or sample only,,no,"deep search: Publisher flipbooks of 'Англис тили. 8-класс' (Kyrgyz-school, 15 pp) and 'Английский язык. 8 класс' (Russian-school, 15 pp); teacher's guide flipbook (15 pp)"
127,8,Russian-medium,Английский язык,Юсупова А. и др.,okuma.kg,https://okuma.kg/books.php?id=31,PDF without text (scan),approved edition,yes,156 pages; listed as «Англис тили 8-класс»
127,8,Russian-medium,Английский язык,Юсупова А. и др.,mektep.o.kg,https://mektep.o.kg/books/7/?grade=8,PDF without text (scan),year unknown,yes,80 pages; listed as «Английский язык»
128,8,Russian-medium,История Кыргызстана,Омурбеков Т. и др.,our reader (el-kitep),https://rinatius.github.io/el-kitep/#/read/ru-istoriya-kyrgyzstana-8,Our reader: exact text,approved edition,yes,
128,8,Russian-medium,История Кыргызстана,Омурбеков Т. и др.,bilim.akipress.org,https://bilim.akipress.org/lib/book:157/,PDF with text (OCR or old font),approved edition,yes,"176 pages, old 8-bit font: copied text is garbled; listed as «История Кыргызстана 19 век, 8 класс, Омурбекова Т.Н. 2014»"
128,8,Russian-medium,История Кыргызстана,Омурбеков Т. и др.,kitep.edu.kg (ministry),https://kitep.edu.kg/book/139/read,PDF without text (scan),other year (2012),yes,88 pages; listed as «История Кыргызстана»
130,8,Russian-medium,Человек и общество,"Азимова М., Арунова А., Маслова И.",our reader (el-kitep),https://rinatius.github.io/el-kitep/#/read/ru-chelovek-obshchestvo-8,Our reader: exact text,approved edition,yes,
130,8,Russian-medium,Человек и общество,"Азимова М., Арунова А., Маслова И.",kitep.edu.kg (ministry),https://kitep.edu.kg/book/140/read,PDF with text,approved edition,yes,192 pages; listed as «Адам жана коом»
130,8,Russian-medium,Человек и общество,"Азимова М., Арунова А., Маслова И.",bizdin.kg app,https://bizdin.kg/uchebnik/adam-zhana-koom-8-klass-2023-oruscha/,View online only,approved edition,yes,"read in the app or site, no download"
132,8,Russian-medium,Алгебра,"Байзаков А., Саадабаева А., Ыбыкеев Ж.",kitep.edu.kg (ministry),https://kitep.edu.kg/book/96/read,Other language only,,no,only the Kyrgyz-language edition of this book is online
133,8,Russian-medium,Геометрия 7 – 9-кл.,"Бекбоев И., Борубаев А., Айылчиев А.",kitep.edu.kg (ministry),https://kitep.edu.kg/book/99/read,Other language only,,no,only the Kyrgyz-language edition of this book is online
134,8,Russian-medium,Информатика 7 – 9 кл.,"Цыбуля И., Самыкбаева Л., Беляев А. и др.",our reader (el-kitep),https://rinatius.github.io/el-kitep/#/read/ru-informatika-7-9,Our reader: exact text,other year (2019),yes,
134,8,Russian-medium,Информатика 7 – 9 кл.,"Цыбуля И., Самыкбаева Л., Беляев А. и др.",kitep.edu.kg (ministry),https://kitep.edu.kg/book/117/read,PDF with text,approved edition,yes,205 pages; listed as «Информатика.7-9 класс.»
135,8,Russian-medium,Информатика 7 – 9 кл.,"Орускулов Т., Касымалиев М.",okuma.kg,https://okuma.kg/books.php?id=35,Other language only,,no,only the Kyrgyz-language edition of this book is online
136,8,Russian-medium,Информатика 7 – 9 кл. (вопросы практикума),"Касымалиев М., Орускулов Т.",okuma.kg,https://okuma.kg/books.php?id=35,Other language only,,no,only the Kyrgyz-language edition of this book is online
137,8,Russian-medium,Физика,"Мамбетакунов Э., Мурзаибраимова Б., Мамбетакунов У.",kitep.edu.kg (ministry),https://kitep.edu.kg/book/141/read,Wrong file,other year (2022),no,the file is the Kyrgyz-language text
137,8,Russian-medium,Физика,"Мамбетакунов Э., Мурзаибраимова Б., Мамбетакунов У.",bizdin.kg app,https://bizdin.kg/uchebnik/fizika-8-klass-2022-oruscha/,View online only,other year (2022),yes,"read in the app or site, no download"
137,8,Russian-medium,Физика,"Мамбетакунов Э., Мурзаибраимова Б., Мамбетакунов У.",bizdin.kg,https://bizdin.kg/uchebnik/fizika-8-klass-2022-oruscha/okuu/,"Login, paywall or library only",other year (2022),no,"deep search: Russian edition (Физика 8 класс, 2022 'орусча', 240 pages) exists only in the bizdin.kg reader; guests get 2 preview images, full PDF needs an account"
138,8,Russian-medium,Химия,"Рыспаева Б., Молдогазиева С., Байдинов Т.",stem.edu.gov.kg (ministry),https://stem.edu.gov.kg/api/books/20,PDF with text,approved edition,yes,"deep search: Рыспаева Б., Молдогазиева С., Байдинов Т. «Химия. 8 класс. Учебник для общеобразовательных организаций», Бишкек: ОАО «Учкун» 2023 (перевод с кыргызского Т. Байдинова), ISBN 978-9967-17-147-3, 264 pages, born-digital InDesign 17.3 PDF, complete (cover to imprint, contents on p.262-263)"
140,8,Russian-medium,Черчение 8 – 9 кл.,Ботвинников А. ж.б.,obuchalka.org,https://obuchalka.org/tag/botvinnikov/,PDF without text (scan),other edition,yes,"deep search: Ботвинников А.Д., Виноградов В.Н., Вышнепольский И.С. «Черчение» 8-9 / 9 класс, Russian Federation editions (Астрель/АСТ 2008-2009, Просвещение 2019+), PDFs on many Russian sites"
348,9,Kyrgyz-medium,Кыргыз тили,"Иманов А., Кайбылдаев А., Сапарбаев А., Усубалиев Б.",bizdin.kg app,https://bizdin.kg/uchebnik/kyrgyz-tili-8-9-klasstar-kyrgyzskii-iazyk-8-9-klassy-na-kyrgyzskom/okuu/,View online only,other year (2002),yes,"combined 8-9 book, 2nd edition, Мектеп 2002, 489 pages; read on the site, no login; bizdin.kg says guests get the full version for 14 days, then it asks to pay"
349,9,Kyrgyz-medium,Кыргыз тили,Өмүралиев Б. ж.б.,our reader (el-kitep),https://rinatius.github.io/el-kitep/#/read/kg-kyrgyz-tili-9,Our reader: AI-proofread text,other year (2012),yes,
349,9,Kyrgyz-medium,Кыргыз тили,Өмүралиев Б. ж.б.,bilim.akipress.org,https://bilim.akipress.org/lib/book:202/,PDF without text (scan),year unknown,yes,84 pages; listed as «Кыргыз тили 9-класс Б.Өмүралиев»
349,9,Kyrgyz-medium,Кыргыз тили,Өмүралиев Б. ж.б.,bizdin.kg app,https://bizdin.kg/uchebnik/kyrgyz-tili-9-klass-1/,View online only,year unknown,yes,"read in the app or site, no download"
350,9,Kyrgyz-medium,Кыргыз тили 7 – 9-кл.,Исаков Б. ж.б.,our reader (el-kitep),https://rinatius.github.io/el-kitep/#/read/kg-kyrgyz-tili-7-9,Our reader: AI-proofread text,approved edition,yes,
350,9,Kyrgyz-medium,Кыргыз тили 7 – 9-кл.,Исаков Б. ж.б.,kitep.edu.kg (ministry),https://kitep.edu.kg/book/208/read,PDF without text (scan),approved edition,yes,355 pages; listed as «Кыргыз тили»
350,9,Kyrgyz-medium,Кыргыз тили 7 – 9-кл.,Исаков Б. ж.б.,new.bizdin.kg,https://new.bizdin.kg/kniga/uchebnik-kyrgyzskiy-yazyk-7-9-klass-ksh,PDF (form not checked),approved edition,yes,"not opened: the site's security certificate has expired (1 Oct 2026), so browsers show a warning first; listed as «Учебник. Кыргызский язык. 7-9 класс. КШ»"
350,9,Kyrgyz-medium,Кыргыз тили 7 – 9-кл.,Исаков Б. ж.б.,bizdin.kg app,https://bizdin.kg/uchebnik/kyrgyz-tili-9-klass-2012/,View online only,approved edition,yes,"read in the app or site, no download"
351,9,Kyrgyz-medium,Кыргыз адабияты,Алымов Б. ж.б.,our reader (el-kitep),https://rinatius.github.io/el-kitep/#/read/kg-kyrgyz-adabiyaty-9,Our reader: AI-proofread text,other year (2025),yes,
352,9,Kyrgyz-medium,Русский язык 8 – 9 кл.,Супрун А. ж.б.,our reader (el-kitep),https://rinatius.github.io/el-kitep/#/read/kg-russkiy-yazyk-8-9,Our reader: AI-proofread text,approved edition,yes,
353,9,Kyrgyz-medium,Грамматика русского языка 8 – 9 кл.,"Супрун А., Скирдов В., Акматов Т.",okuma.kg,https://okuma.kg/books.php?id=211,PDF without text (scan),other year (2002),yes,252 pages; listed as «Грамматика Русского языка 8-9 класс»
353,9,Kyrgyz-medium,Грамматика русского языка 8 – 9 кл.,"Супрун А., Скирдов В., Акматов Т.",mektep.o.kg,https://mektep.o.kg/books/18/?grade=8,PDF without text (scan),approved edition,yes,"deep search: Approved edition: «Русский язык. Грамматика русского языка. Учебник для 8-9 классов кыргызской школы», 6th revised ed., Инсанат 2012, 285 pp scan, 1022 px wide (ours: 2002 4th ed., 252 pp, 521 px); image-only"
354,9,Kyrgyz-medium,Русская литература,"Смелкова З., Жийдеева К.",our reader (el-kitep),https://rinatius.github.io/el-kitep/#/read/kg-russkaya-literatura-9,Our reader: AI-proofread text,approved edition,yes,
354,9,Kyrgyz-medium,Русская литература,"Смелкова З., Жийдеева К.",okuma.kg,https://okuma.kg/books.php?id=176,PDF without text (scan),approved edition,yes,290 pages; listed as «Русская литература 9 класс»
354,9,Kyrgyz-medium,Русская литература,"Смелкова З., Жийдеева К.",mektep.o.kg,https://mektep.o.kg/books/19/?grade=9,PDF without text (scan),year unknown,yes,290 pages; listed as «Русская литература 9 кл.»
355,9,Kyrgyz-medium,Take Off with English,"Фрэнсис Трелоар, Стив Томпсон, Джейн Томпсон",kitep.edu.kg (ministry),https://kitep.edu.kg/book/25/read,PDF with text,approved edition,yes,33 pages; listed as «Take off with English Pupil's Book»
355,9,Kyrgyz-medium,Take Off with English,"Фрэнсис Трелоар, Стив Томпсон, Джейн Томпсон",kitep.edu.kg (ministry),https://kitep.edu.kg/book/295/read,PDF with text,approved edition,yes,28 pages; listed as «Take off with English Pupil's Book 34-61 pages»
355,9,Kyrgyz-medium,Take Off with English,"Фрэнсис Трелоар, Стив Томпсон, Джейн Томпсон",kitep.edu.kg (ministry),https://kitep.edu.kg/book/426/read,PDF with text,approved edition,yes,40 pages; listed as «Take off with English Pupil's Book 62-100 pages»
357,9,Kyrgyz-medium,Англис тили,Юсупова А. ж.б.,new.bizdin.kg,https://new.bizdin.kg/kniga/uchebnik-angliyskiy-yazyk-9-klass-ksh,PDF without text (scan),approved edition,yes,94 pages; listed as «Учебник. Английский язык. 9 класс. КШ»
357,9,Kyrgyz-medium,Англис тили,Юсупова А. ж.б.,mektep.o.kg,https://mektep.o.kg/books/19/?grade=9,PDF without text (scan),year unknown,yes,94 pages; listed as «English 9 кл.»
358,9,Kyrgyz-medium,Кыргызстан тарыхы,Иманкулов М. ж.б.,our reader (el-kitep),https://rinatius.github.io/el-kitep/#/read/kg-kyrgyzstan-taryhy-9,Our reader: AI-proofread text,approved edition,yes,
358,9,Kyrgyz-medium,Кыргызстан тарыхы,Иманкулов М. ж.б.,okuma.kg,https://okuma.kg/books.php?id=184,PDF without text (scan),approved edition,yes,242 pages; listed as «КЫРГЫЗСТАНДЫН ТАРЫХЫ 9 класс XX - XXI кк.»
358,9,Kyrgyz-medium,Кыргызстан тарыхы,Иманкулов М. ж.б.,mektep.o.kg,https://mektep.o.kg/books/19/?grade=9,PDF without text (scan),year unknown,yes,242 pages; listed as «Кыргызстандын тарыхы 9кл. XX-XXI кк.»
359,9,Kyrgyz-medium,Эгемен Кыргызстан,Иманкулов М. ж.б.,mektep.o.kg,https://mektep.o.kg/books/19/?grade=9,PDF without text (scan),year unknown,yes,242 pages; listed as «Кыргызстандын тарыхы 9кл. XX-XXI кк.»
360,9,Kyrgyz-medium,Соңку тарых,Өмүрзакова Т.,our reader (el-kitep),https://rinatius.github.io/el-kitep/#/read/kg-sonku-taryh-9,Our reader: AI-proofread text,approved edition,yes,
360,9,Kyrgyz-medium,Соңку тарых,Өмүрзакова Т.,kitep.edu.kg (ministry),https://kitep.edu.kg/book/213/read,PDF without text (scan),approved edition,yes,316 pages; listed as «Сонку тарых»
360,9,Kyrgyz-medium,Соңку тарых,Өмүрзакова Т.,bizdin.kg app,https://bizdin.kg/uchebnik/sonku-tarykh-9-klass-2017/,View online only,approved edition,yes,"read in the app or site, no download"
360,9,Kyrgyz-medium,Соңку тарых,Өмүрзакова Т.,mektep.o.kg,https://mektep.o.kg/books/19/?grade=9,PDF without text (scan),year unknown,yes,316 pages; listed as «Соңку тарых XX кылым 9-кл.»
361,9,Kyrgyz-medium,Диндердин өнүгүү тарыхы,"Доталиев А., Исаева Г. ж.б.",our reader (el-kitep),https://rinatius.github.io/el-kitep/#/read/kg-dinder-taryhy-9,Our reader: exact text,approved edition,yes,
361,9,Kyrgyz-medium,Диндердин өнүгүү тарыхы,"Доталиев А., Исаева Г. ж.б.",kitep.edu.kg (ministry),https://kitep.edu.kg/book/204/read,PDF with text,approved edition,yes,128 pages; listed as «Диндердин өнүгүү тарыхы»
362,9,Kyrgyz-medium,Адам жана коом,Эсенканов К.,our reader (el-kitep),https://rinatius.github.io/el-kitep/#/read/kg-adam-jana-koom-9,Our reader: AI-proofread text,approved edition,yes,
362,9,Kyrgyz-medium,Адам жана коом,Эсенканов К.,okuma.kg,https://okuma.kg/books.php?id=223,PDF without text (scan),approved edition,yes,160 pages; listed as «Адам жана Коом 9 класс»
362,9,Kyrgyz-medium,Адам жана коом,Эсенканов К.,new.bizdin.kg,https://new.bizdin.kg/kniga/uchebnik-chelovek-i-obshchestvo-9-klass,PDF (form not checked),approved edition,yes,"not opened: the site's security certificate has expired (1 Oct 2026), so browsers show a warning first; listed as «Учебник. Человек и общество 9-класс»"
362,9,Kyrgyz-medium,Адам жана коом,Эсенканов К.,mektep.o.kg,https://mektep.o.kg/books/19/?grade=9,PDF (form not checked),year unknown,yes,"could not open the file: ('Connection broken: IncompleteRead(174753084 bytes read, 46; listed as «Человек и Общество»"
362,9,Kyrgyz-medium,Адам жана коом,Эсенканов К.,bizdin.kg app,https://bizdin.kg/uchebnik/adam-zhana-koom-9-klass/,View online only,year unknown,yes,"read in the app or site, no download"
363,9,Kyrgyz-medium,Мамлекет жана укук,Саалаев Ө.,our reader (el-kitep),https://rinatius.github.io/el-kitep/#/read/kg-mamleket-jana-ukuk-9,Our reader: AI-proofread text,approved edition,yes,
363,9,Kyrgyz-medium,Мамлекет жана укук,Саалаев Ө.,kitep.edu.kg (ministry),https://kitep.edu.kg/book/214/read,PDF without text (scan),approved edition,yes,164 pages; listed as «Мамлекет жана укук»
363,9,Kyrgyz-medium,Мамлекет жана укук,Саалаев Ө.,okuma.kg,https://okuma.kg/books.php?id=182,PDF without text (scan),approved edition,yes,160 pages; listed as «МАМЛЕКЕТ ЖАНА УКУК  9 класс»
363,9,Kyrgyz-medium,Мамлекет жана укук,Саалаев Ө.,mektep.o.kg,https://mektep.o.kg/books/19/?grade=9,PDF without text (scan),year unknown,yes,164 pages; listed as «Мамлекет жана укук 9кл.»
365,9,Kyrgyz-medium,Алгебра,"Иманалиев М., Асанов А., Жусупова К., Искандаров С.",okuma.kg,https://okuma.kg/books.php?id=42,PDF without text (scan),approved edition,yes,230 pages; listed as «Алгебра 9-класс»
365,9,Kyrgyz-medium,Алгебра,"Иманалиев М., Асанов А., Жусупова К., Искандаров С.",okuma.kg,https://okuma.kg/books.php?id=219,PDF without text (scan),approved edition,yes,224 pages; listed as «Алгебра 9 класс»
365,9,Kyrgyz-medium,Алгебра,"Иманалиев М., Асанов А., Жусупова К., Искандаров С.",mektep.o.kg,https://mektep.o.kg/books/19/?grade=9,PDF without text (scan),year unknown,yes,230 pages; listed as «Алгебра 9-кл.»
366,9,Kyrgyz-medium,Геометрия 7 – 9-кл.,"Бекбоев И., Бөрүбаев А., Айылчиев А.",okuma.kg,https://okuma.kg/books.php?id=214,PDF without text (scan),approved edition,yes,294 pages; listed as «Геометрия 7-9 класс»
366,9,Kyrgyz-medium,Геометрия 7 – 9-кл.,"Бекбоев И., Бөрүбаев А., Айылчиев А.",kitep.edu.kg (ministry),https://kitep.edu.kg/book/209/read,PDF without text (scan),other year (2012),yes,294 pages; listed as «Геометрия»
366,9,Kyrgyz-medium,Геометрия 7 – 9-кл.,"Бекбоев И., Бөрүбаев А., Айылчиев А.",bilim.akipress.org,https://bilim.akipress.org/lib/book:161/,PDF with text,approved edition,yes,"deep search: Approved edition: 3rd revised ed., Билим-компьютер 2015, ISBN 978-9967-31-302-6, 288 pp, born-digital PDF (PDFCreator/Ghostscript), 3.6 MB"
367,9,Kyrgyz-medium,Информатика 7 – 9-кл.,"Цыбуля И., Самыкбаева Л., Беляев А. ж.б.",our reader (el-kitep),https://rinatius.github.io/el-kitep/#/read/kg-informatika-7-9,Our reader: exact text,other year (2019),yes,
367,9,Kyrgyz-medium,Информатика 7 – 9-кл.,"Цыбуля И., Самыкбаева Л., Беляев А. ж.б.",kitep.edu.kg (ministry),https://kitep.edu.kg/book/210/read,PDF with text (OCR or old font),approved edition,yes,"383 pages, old 8-bit font: copied text is garbled; listed as «Информатика»"
367,9,Kyrgyz-medium,Информатика 7 – 9-кл.,"Цыбуля И., Самыкбаева Л., Беляев А. ж.б.",okuma.kg,https://okuma.kg/books.php?id=947,PDF with text,approved edition,yes,208 pages; listed as «Информатика 7-9 - класс»
368,9,Kyrgyz-medium,Информатика 7 – 9-кл.,"Орускулов Т., Касымалиев М.",our reader (el-kitep),https://rinatius.github.io/el-kitep/#/read/kg-informatika-bazalyk-7-9,Our reader: exact text,other year (2020),yes,
368,9,Kyrgyz-medium,Информатика 7 – 9-кл.,"Орускулов Т., Касымалиев М.",new.bizdin.kg,https://new.bizdin.kg/kniga/uchebnik-informatika-7-9-klass-ksh,PDF (form not checked),approved edition,yes,"not opened: the site's security certificate has expired (1 Oct 2026), so browsers show a warning first; listed as «Учебник. Информатика. 7-9 класс. КШ»"
368,9,Kyrgyz-medium,Информатика 7 – 9-кл.,"Орускулов Т., Касымалиев М.",new.bizdin.kg,https://new.bizdin.kg/kniga/uchebnik-informatika-nachalnyy-kurs-7-9-klass-ksh,PDF (form not checked),approved edition,yes,"not opened: the site's security certificate has expired (1 Oct 2026), so browsers show a warning first; listed as «Учебник. Информатика начальный курс. 7-9 класс. КШ»"
368,9,Kyrgyz-medium,Информатика 7 – 9-кл.,"Орускулов Т., Касымалиев М.",mektep.o.kg,https://mektep.o.kg/books/19/?grade=9,PDF with text (OCR or old font),year unknown,yes,"384 pages, old 8-bit font: copied text is garbled; listed as «Информатика 7-9кл.»"
368,9,Kyrgyz-medium,Информатика 7 – 9-кл.,"Орускулов Т., Касымалиев М.",okuma.kg,https://okuma.kg/books.php?id=35,PDF without text (scan),other year (2006),yes,386 pages; listed as «Информатика базалык курс»
368,9,Kyrgyz-medium,Информатика 7 – 9-кл.,"Орускулов Т., Касымалиев М.",okuma.kg,https://okuma.kg/books.php?id=203,PDF without text (scan),other year (2006),yes,"384 pages; listed as «ИНФОРМАТИКА базалык курс, 7-9 класс»"
368,9,Kyrgyz-medium,Информатика 7 – 9-кл.,"Орускулов Т., Касымалиев М.",okuma.kg,https://okuma.kg/books.php?id=204,PDF without text (scan),other year (2006),yes,"224 pages; listed as «ИНФОРМАТИКА базалык курс боюнча практикалык иштер , 7-9 класс»"
369,9,Kyrgyz-medium,Информатика 7 – 9-кл. (практикум маселелери),"Касымалиев М., Орускулов Т.",new.bizdin.kg,https://new.bizdin.kg/kniga/uchebnik-informatika-7-9-klass-ksh,PDF (form not checked),approved edition,yes,"not opened: the site's security certificate has expired (1 Oct 2026), so browsers show a warning first; listed as «Учебник. Информатика. 7-9 класс. КШ»"
369,9,Kyrgyz-medium,Информатика 7 – 9-кл. (практикум маселелери),"Касымалиев М., Орускулов Т.",new.bizdin.kg,https://new.bizdin.kg/kniga/uchebnik-informatika-nachalnyy-kurs-7-9-klass-ksh,PDF (form not checked),approved edition,yes,"not opened: the site's security certificate has expired (1 Oct 2026), so browsers show a warning first; listed as «Учебник. Информатика начальный курс. 7-9 класс. КШ»"
369,9,Kyrgyz-medium,Информатика 7 – 9-кл. (практикум маселелери),"Касымалиев М., Орускулов Т.",mektep.o.kg,https://mektep.o.kg/books/19/?grade=9,PDF with text (OCR or old font),year unknown,yes,"384 pages, old 8-bit font: copied text is garbled; listed as «Информатика 7-9кл.»"
369,9,Kyrgyz-medium,Информатика 7 – 9-кл. (практикум маселелери),"Касымалиев М., Орускулов Т.",okuma.kg,https://okuma.kg/books.php?id=204,PDF without text (scan),other year (2006),yes,"224 pages; listed as «ИНФОРМАТИКА базалык курс боюнча практикалык иштер , 7-9 класс»"
369,9,Kyrgyz-medium,Информатика 7 – 9-кл. (практикум маселелери),"Касымалиев М., Орускулов Т.",bilim.akipress.org,https://bilim.akipress.org/lib/book:155/,PDF with text (OCR or old font),approved edition,yes,"deep search: Approved edition: «Информатика: Базалык курс боюнча практикалык иштер 7-9», 3rd corrected ed., Билим-компьютер 2015, ISBN 978-9967-31-258-6, 192 pp, ABBYY FineReader 12 PDF (page images 1773 px + hidden OCR text), 76 MB"
370,9,Kyrgyz-medium,Физика,Мамбетакунов Э. ж.б.,mektep.o.kg,https://mektep.o.kg/books/19/?grade=9,PDF without text (scan),year unknown,yes,122 pages; listed as «Физика 9-кл.»
370,9,Kyrgyz-medium,Физика,Мамбетакунов Э. ж.б.,bizdin.kg app,https://bizdin.kg/uchebnik/fizika-9-klass-1/,View online only,year unknown,yes,"read in the app or site, no download"
371,9,Kyrgyz-medium,Физика,Токтогулов С. ж.б.,okuma.kg,https://okuma.kg/books.php?id=57,PDF without text (scan),approved edition,yes,178 pages; listed as «Физика 9-класс»
371,9,Kyrgyz-medium,Физика,Токтогулов С. ж.б.,mektep.o.kg,https://mektep.o.kg/books/19/?grade=9,PDF without text (scan),year unknown,yes,178 pages; listed as «Физика 9-кл.»
371,9,Kyrgyz-medium,Физика,Токтогулов С. ж.б.,bizdin.kg app,https://bizdin.kg/uchebnik/fizika-9-klass-1/,View online only,year unknown,yes,"read in the app or site, no download"
374,9,Kyrgyz-medium,Чийүү 8 – 9-кл.,Ботвинников А. ж.б.,kitep.edu.kg (ministry),https://kitep.edu.kg/book/211/read,PDF without text (scan),approved edition,yes,113 pages; listed as «Чийүү»
374,9,Kyrgyz-medium,Чийүү 8 – 9-кл.,Ботвинников А. ж.б.,bizdin.kg app,https://bizdin.kg/uchebnik/chiiuu-9-klass-2012/,View online only,approved edition,yes,"read in the app or site, no download"
374,9,Kyrgyz-medium,Чийүү 8 – 9-кл.,Ботвинников А. ж.б.,mektep.o.kg,https://mektep.o.kg/books/19/?grade=9,PDF without text (scan),year unknown,yes,116 pages; listed as «Черчение 8-9кл.»
374,9,Kyrgyz-medium,Чийүү 8 – 9-кл.,Ботвинников А. ж.б.,new.bizdin.kg,https://new.bizdin.kg/kniga/uchebnik-cherchenie-8-9-klass-ksh,PDF (form not checked),other year (2011),yes,"not opened: the site's security certificate has expired (1 Oct 2026), so browsers show a warning first; listed as «Учебник. Черчение. 8-9 класс. КШ»"
374,9,Kyrgyz-medium,Чийүү 8 – 9-кл.,Ботвинников А. ж.б.,kitep.edu.kg (ministry),https://kitep.edu.kg/book/97/read,PDF without text (scan),other year (2011),yes,"deep search: Same edition (Ботвинников, Виноградов, Вышнепольский «Черчение 8-9», Kyrgyz, 3rd ed., Энциклопедия борбору 2011), 116 two-page spreads at 1652x1220 px (ours kitep-211: 113 spreads at 826x610 px); ABBYY-produced but image-only"
143,9,Russian-medium,Кыргыз тили,Абдувалиев И. и др.,our reader (el-kitep),https://rinatius.github.io/el-kitep/#/read/ru-kyrgyz-tili-9,Our reader: AI-proofread text,approved edition,yes,
143,9,Russian-medium,Кыргыз тили,Абдувалиев И. и др.,kitep.edu.kg (ministry),https://kitep.edu.kg/book/198/read,PDF without text (scan),approved edition,yes,148 pages; listed as «Кыргыз тили»
143,9,Russian-medium,Кыргыз тили,Абдувалиев И. и др.,okuma.kg,https://okuma.kg/books.php?id=138,PDF without text (scan),approved edition,yes,126 pages; listed as «Кыргыз тили 9»
143,9,Russian-medium,Кыргыз тили,Абдувалиев И. и др.,mektep.o.kg,https://mektep.o.kg/books/8/?grade=9,PDF without text (scan),year unknown,yes,148 pages; listed as «Кыргыз тили 9кл.»
144,9,Russian-medium,Кыргыз адабияты,Оморова А. и др.,our reader (el-kitep),https://rinatius.github.io/el-kitep/#/read/ru-kyrgyz-adabiyaty-9,Our reader: AI-proofread text,other year (2013),yes,
144,9,Russian-medium,Кыргыз адабияты,Оморова А. и др.,kitep.edu.kg (ministry),https://kitep.edu.kg/book/199/read,PDF without text (scan),other year (2013),yes,68 pages; listed as «Кыргыз адабияты»
145,9,Russian-medium,Take Off with English,"Фрэнсис Трелоар, Стив Томпсон, Джейн Томпсон",kitep.edu.kg (ministry),https://kitep.edu.kg/book/24/read,PDF with text,approved edition,yes,33 pages; listed as «Take off with English Pupil's Book»
145,9,Russian-medium,Take Off with English,"Фрэнсис Трелоар, Стив Томпсон, Джейн Томпсон",kitep.edu.kg (ministry),https://kitep.edu.kg/book/294/read,PDF with text,approved edition,yes,28 pages; listed as «Take off with English Pupil's Book 34-61 pages»
145,9,Russian-medium,Take Off with English,"Фрэнсис Трелоар, Стив Томпсон, Джейн Томпсон",kitep.edu.kg (ministry),https://kitep.edu.kg/book/425/read,PDF with text,approved edition,yes,40 pages; listed as «Take off with English Pupil's Book 62-100 pages»
147,9,Russian-medium,Английский язык,Юсупова А. и др.,new.bizdin.kg,https://new.bizdin.kg/kniga/uchebnik-angliyskiy-yazyk-9-klass-ksh,Other language only,,no,only the Kyrgyz-language edition of this book is online
148,9,Russian-medium,История Кыргызстана,Иманкулов М.,our reader (el-kitep),https://rinatius.github.io/el-kitep/#/read/ru-istoriya-kyrgyzstana-9,Our reader: exact text,approved edition,yes,
148,9,Russian-medium,История Кыргызстана,Иманкулов М.,kitep.edu.kg (ministry),https://kitep.edu.kg/book/200/read,PDF without text (scan),approved edition,yes,122 pages; listed as «Кыргызстандын тарыхы»
148,9,Russian-medium,История Кыргызстана,Иманкулов М.,bizdin.kg app,https://bizdin.kg/uchebnik/kyrgyzstandyn-tarykhy-9-klass-2014-oruscha/,View online only,approved edition,yes,"read in the app or site, no download"
148,9,Russian-medium,История Кыргызстана,Иманкулов М.,mektep.o.kg,https://mektep.o.kg/books/8/?grade=9,PDF without text (scan),year unknown,yes,122 pages; listed as «История Кыргызстана 9 кл.»
149,9,Russian-medium,Суверенный Кыргызстан,Иманкулов М. и др.,mektep.o.kg,https://mektep.o.kg/books/8/?grade=9,PDF without text (scan),year unknown,yes,122 pages; listed as «История Кыргызстана 9 кл.»
149,9,Russian-medium,Суверенный Кыргызстан,Иманкулов М. и др.,kitep.edu.kg (ministry),https://kitep.edu.kg/book/200/read,PDF without text (scan),other year (2014),yes,122 pages; listed as «Кыргызстандын тарыхы»
150,9,Russian-medium,Новейшая история,Омурзакова Т.,bizdin.kg app,https://bizdin.kg/uchebnik/sonku-tarykh-9-klass-2017/okuu/,Other language only,,no,"only the Kyrgyz-language edition of this book is online («Соңку тарых», 2017)"
151,9,Russian-medium,История развития религий,Доталиев А. и др.,our reader (el-kitep),https://rinatius.github.io/el-kitep/#/read/ru-istoriya-religiy-9,Our reader: exact text,approved edition,yes,
151,9,Russian-medium,История развития религий,Доталиев А. и др.,kitep.edu.kg (ministry),https://kitep.edu.kg/book/196/read,PDF with text,approved edition,yes,124 pages; listed as «Диндердин өнүгүү тарыхы»
152,9,Russian-medium,Человек и общество,Эсенканов К.,bizdin.kg app,https://bizdin.kg/uchebnik/adam-zhana-koom-9-klass/okuu/,Other language only,,no,"only the Kyrgyz-language edition of this book is online («Адам жана коом», 2012)"
154,9,Russian-medium,Алгебра,"Иманалиев М., Асанов А., Жусупова К., Искандаров С.",kitep.edu.kg (ministry),https://kitep.edu.kg/book/202/read,Other language only,,no,only the Kyrgyz-language edition of this book is online
155,9,Russian-medium,Геометрия 7 – 9-кл.,"Бекбоев И., Борубаев А., Айылчиев А.",kitep.edu.kg (ministry),https://kitep.edu.kg/book/209/read,Other language only,,no,only the Kyrgyz-language edition of this book is online
156,9,Russian-medium,Информатика 7 – 9 кл.,"Цыбуля И., Самыкбаева Л., Беляев А. и др.",our reader (el-kitep),https://rinatius.github.io/el-kitep/#/read/ru-informatika-7-9,Our reader: exact text,other year (2019),yes,
157,9,Russian-medium,Информатика 7 – 9 кл.,"Орускулов Т., Касымалиев М.",okuma.kg,https://okuma.kg/books.php?id=35,Other language only,,no,only the Kyrgyz-language edition of this book is online
158,9,Russian-medium,Информатика 7 – 9 кл. (практикум маселелери),"Касымалиев М., Орускулов Т.",okuma.kg,https://okuma.kg/books.php?id=35,Other language only,,no,only the Kyrgyz-language edition of this book is online
162,9,Russian-medium,Черчение 8 – 9 кл.,Ботвинников А. и др.,obuchalka.org,https://obuchalka.org/tag/botvinnikov/,PDF without text (scan),other edition,yes,"deep search: Ботвинников А.Д., Виноградов В.Н., Вышнепольский И.С. «Черчение» 8-9 / 9 класс, Russian Federation editions (Астрель/АСТ 2008-2009, Просвещение 2019+), PDFs on many Russian sites"
375,10,Kyrgyz-medium,Кыргыз тили,"Өмүралиева С., Эгембердиев Р., Сапарбаев А., Мусаева В.",our reader (el-kitep),https://rinatius.github.io/el-kitep/#/read/kg-kyrgyz-tili-10,Our reader: AI-proofread text,approved edition,yes,
375,10,Kyrgyz-medium,Кыргыз тили,"Өмүралиева С., Эгембердиев Р., Сапарбаев А., Мусаева В.",okuma.kg,https://okuma.kg/books.php?id=193,PDF without text (scan),approved edition,yes,232 pages; listed as «Кыргыз тили 10 класс»
375,10,Kyrgyz-medium,Кыргыз тили,"Өмүралиева С., Эгембердиев Р., Сапарбаев А., Мусаева В.",mektep.o.kg,https://mektep.o.kg/books/20/?grade=10,PDF without text (scan),year unknown,yes,193 pages; listed as «Кыргыз тили 10-11-кл.»
376,10,Kyrgyz-medium,Кыргыз тили 10 – 11-кл.,Исаков Б.,our reader (el-kitep),https://rinatius.github.io/el-kitep/#/read/kg-kyrgyz-tili-10-11,Our reader: AI-proofread text,approved edition,yes,
376,10,Kyrgyz-medium,Кыргыз тили 10 – 11-кл.,Исаков Б.,kitep.edu.kg (ministry),https://kitep.edu.kg/book/218/read,PDF without text (scan),approved edition,yes,450 pages; listed as «Кыргыз тили»
376,10,Kyrgyz-medium,Кыргыз тили 10 – 11-кл.,Исаков Б.,mektep.o.kg,https://mektep.o.kg/books/20/?grade=10,PDF without text (scan),year unknown,yes,450 pages; listed as «Кыргыз тили 10-11 кл.»
376,10,Kyrgyz-medium,Кыргыз тили 10 – 11-кл.,Исаков Б.,okuma.kg,https://okuma.kg/books.php?id=192,PDF without text (scan),other year (2012),yes,448 pages; listed as «Кыргыз тили 10-11 класс»
376,10,Kyrgyz-medium,Кыргыз тили 10 – 11-кл.,Исаков Б.,new.bizdin.kg,https://new.bizdin.kg/kniga/uchebnik-kyrgyzskiy-yazyk-10-11-klass-ksh,PDF (form not checked),other year (2012),yes,"not opened: the site's security certificate has expired (1 Oct 2026), so browsers show a warning first; listed as «Учебник. Кыргызский язык. 10-11 класс. КШ»"
377,10,Kyrgyz-medium,Кыргыз адабияты,"Асаналиев К., Байгазиев С., Жигитов С., Иманалиев К.",our reader (el-kitep),https://rinatius.github.io/el-kitep/#/read/kg-kyrgyz-adabiyaty-10,Our reader: AI-proofread text,approved edition,yes,
377,10,Kyrgyz-medium,Кыргыз адабияты,"Асаналиев К., Байгазиев С., Жигитов С., Иманалиев К.",okuma.kg,https://okuma.kg/books.php?id=198,PDF without text (scan),approved edition,yes,362 pages; listed as «Кыргыз  адабияты 10 класс»
377,10,Kyrgyz-medium,Кыргыз адабияты,"Асаналиев К., Байгазиев С., Жигитов С., Иманалиев К.",bilim.akipress.org,https://bilim.akipress.org/lib/book:37/,PDF with text,year unknown,yes,"180 pages; listed as «Кыргыз адабияты 10-класс К. Асаналиев, С. Байгазиев, С. Жигитов, К. Им»"
377,10,Kyrgyz-medium,Кыргыз адабияты,"Асаналиев К., Байгазиев С., Жигитов С., Иманалиев К.",kitep.edu.kg (ministry),https://kitep.edu.kg/book/495/read,PDF without text (scan),other year (2026),yes,364 pages; listed as «Кыргыз адабияты»
377,10,Kyrgyz-medium,Кыргыз адабияты,"Асаналиев К., Байгазиев С., Жигитов С., Иманалиев К.",new.bizdin.kg,https://new.bizdin.kg/kniga/uchebnik-kyrgyzskaya-literatura-10-klass-ksh-,PDF (form not checked),other year (2003),yes,"not opened: the site's security certificate has expired (1 Oct 2026), so browsers show a warning first; listed as «Учебник. Кыргызская литература. 10 класс. КШ -»"
377,10,Kyrgyz-medium,Кыргыз адабияты,"Асаналиев К., Байгазиев С., Жигитов С., Иманалиев К.",bizdin.kg app,https://bizdin.kg/uchebnik/uchebnik-po-kyrgyzskoi-literature-10-klass-na-kyrgyzskom/,View online only,year unknown,yes,"read in the app or site, no download"
377,10,Kyrgyz-medium,Кыргыз адабияты,"Асаналиев К., Байгазиев С., Жигитов С., Иманалиев К.",mektep.o.kg,https://mektep.o.kg/books/20/?grade=10,PDF without text (scan),year unknown,yes,362 pages; listed as «Кыргыз адабияты 10-кл.»
377,10,Kyrgyz-medium,Кыргыз адабияты,"Асаналиев К., Байгазиев С., Жигитов С., Иманалиев К.",new.bizdin.kg,https://new.bizdin.kg/kniga/uchebnik-kyrgyzskaya-literatura-10-klass-ksh,PDF (form not checked),other year (2007),yes,"not opened: the site's security certificate has expired (1 Oct 2026), so browsers show a warning first; listed as «Учебник. Кыргызская литература. 10 класс. КШ»"
377,10,Kyrgyz-medium,Кыргыз адабияты,"Асаналиев К., Байгазиев С., Жигитов С., Иманалиев К.",bizdin.kg app,https://bizdin.kg/uchebnik/kyrgyz-adabiiaty-10-klass/,View online only,year unknown,yes,"read in the app or site, no download"
378,10,Kyrgyz-medium,Русский язык,Кундузакова С.,our reader (el-kitep),https://rinatius.github.io/el-kitep/#/read/kg-russkiy-yazyk-10,Our reader: AI-proofread text,approved edition,yes,
378,10,Kyrgyz-medium,Русский язык,Кундузакова С.,okuma.kg,https://okuma.kg/books.php?id=65,PDF without text (scan),approved edition,yes,228 pages; listed as «Русский язык  10-класс»
378,10,Kyrgyz-medium,Русский язык,Кундузакова С.,okuma.kg,https://okuma.kg/books.php?id=174,PDF without text (scan),approved edition,yes,224 pages; listed as «Русский язык 10 класс»
378,10,Kyrgyz-medium,Русский язык,Кундузакова С.,mektep.o.kg,https://mektep.o.kg/books/20/?grade=10,PDF without text (scan),year unknown,yes,228 pages; listed as «Русскии язык 10-кл.»
380,10,Kyrgyz-medium,Русская литература,"Шейман Л., Сооронкулов Г.",our reader (el-kitep),https://rinatius.github.io/el-kitep/#/read/kg-russkaya-literatura-10,Our reader: AI-proofread text,approved edition,yes,
380,10,Kyrgyz-medium,Русская литература,"Шейман Л., Сооронкулов Г.",kitep.edu.kg (ministry),https://kitep.edu.kg/book/172/read,PDF without text (scan),approved edition,yes,452 pages; listed as «Кыргыз адабияты»
381,10,Kyrgyz-medium,Англис тили,"Фатнева А., Цуканова Н.",arcus.kg,https://arcus.kg/modules/mod_flipbook_98/tmpl/book.html,Part or sample only,,no,"deep search: Publisher flipbooks 'Англис тили. 10 класс' (Kyrgyz-school, 17 pp) and 'Английский язык. 10 класс' (Russian-school, 17 pp)"
382,10,Kyrgyz-medium,Англис тили 10 – 11-кл.,Юсупова А. ж.б.,kitep.edu.kg (ministry),https://kitep.edu.kg/book/160/read,PDF with text,approved edition,yes,356 pages; listed as «Англис тили»
382,10,Kyrgyz-medium,Англис тили 10 – 11-кл.,Юсупова А. ж.б.,new.bizdin.kg,https://new.bizdin.kg/kniga/uchebnik-angliyskiy-yazyk-10-11-klass-ksh,PDF (form not checked),approved edition,yes,"not opened: the site's security certificate has expired (1 Oct 2026), so browsers show a warning first; listed as «Учебник. Английский язык. 10-11 класс. КШ»"
382,10,Kyrgyz-medium,Англис тили 10 – 11-кл.,Юсупова А. ж.б.,new.bizdin.kg,https://new.bizdin.kg/kniga/uchebnik-angliyskiy-yazyk-10-11-klass-ksh-,PDF (form not checked),approved edition,yes,"not opened: the site's security certificate has expired (1 Oct 2026), so browsers show a warning first; listed as «Учебник. Английский язык. 10-11 класс. КШ-»"
382,10,Kyrgyz-medium,Англис тили 10 – 11-кл.,Юсупова А. ж.б.,mektep.o.kg,https://mektep.o.kg/books/20/?grade=10,PDF with text,year unknown,yes,356 pages; listed as «ENGLISH 10-11кл»
383,10,Kyrgyz-medium,Кыргызстан тарыхы,Осмонов Ө. ж.б.,our reader (el-kitep),https://rinatius.github.io/el-kitep/#/read/kg-kyrgyzstan-taryhy-10,Our reader: AI-proofread text,approved edition,yes,
383,10,Kyrgyz-medium,Кыргызстан тарыхы,Осмонов Ө. ж.б.,kitep.edu.kg (ministry),https://kitep.edu.kg/book/164/read,PDF without text (scan),approved edition,yes,124 pages; listed as «Кыргызстан тарыхы»
383,10,Kyrgyz-medium,Кыргызстан тарыхы,Осмонов Ө. ж.б.,okuma.kg,https://okuma.kg/books.php?id=185,PDF without text (scan),approved edition,yes,242 pages; listed as «КЫРГЫЗСТАНДЫН ТАРЫХЫ 10 класс»
383,10,Kyrgyz-medium,Кыргызстан тарыхы,Осмонов Ө. ж.б.,new.bizdin.kg,https://new.bizdin.kg/kniga/uchebnik-istoriya-kyrgyzstana-10-klass-ksh,PDF (form not checked),approved edition,yes,"not opened: the site's security certificate has expired (1 Oct 2026), so browsers show a warning first; listed as «Учебник. История Кыргызстана. 10 класс. КШ»"
383,10,Kyrgyz-medium,Кыргызстан тарыхы,Осмонов Ө. ж.б.,bilim.akipress.org,https://bilim.akipress.org/lib/book:204/,PDF without text (scan),year unknown,yes,"124 pages; listed as «Кыргызстандын тарыхы 10-класс 0. Ж. Осмонов, А. С. Мырзакматова»"
383,10,Kyrgyz-medium,Кыргызстан тарыхы,Осмонов Ө. ж.б.,mektep.o.kg,https://mektep.o.kg/books/20/?grade=10,PDF without text (scan),year unknown,yes,250 pages; listed as «Дүинө тарыхы 10-кл.»
384,10,Kyrgyz-medium,Дүйнө тарыхы: урунттуу учурлар (байыркы доордон тартып 19-к. ортосуна чейин),"Осмонов Ө., Элебесова А.",our reader (el-kitep),https://rinatius.github.io/el-kitep/#/read/kg-duyno-taryhy-10,Our reader: AI-proofread text,approved edition,yes,
384,10,Kyrgyz-medium,Дүйнө тарыхы: урунттуу учурлар (байыркы доордон тартып 19-к. ортосуна чейин),"Осмонов Ө., Элебесова А.",kitep.edu.kg (ministry),https://kitep.edu.kg/book/162/read,PDF without text (scan),approved edition,yes,250 pages; listed as «Дүйнө тарыхы»
384,10,Kyrgyz-medium,Дүйнө тарыхы: урунттуу учурлар (байыркы доордон тартып 19-к. ортосуна чейин),"Осмонов Ө., Элебесова А.",okuma.kg,https://okuma.kg/books.php?id=62,PDF without text (scan),approved edition,yes,250 pages; listed as «Дүйнө тарыхы 10-класс»
384,10,Kyrgyz-medium,Дүйнө тарыхы: урунттуу учурлар (байыркы доордон тартып 19-к. ортосуна чейин),"Осмонов Ө., Элебесова А.",okuma.kg,https://okuma.kg/books.php?id=227,PDF without text (scan),approved edition,yes,246 pages; listed as «Дүйнө тарыхы 10 класс»
384,10,Kyrgyz-medium,Дүйнө тарыхы: урунттуу учурлар (байыркы доордон тартып 19-к. ортосуна чейин),"Осмонов Ө., Элебесова А.",bizdin.kg app,https://bizdin.kg/uchebnik/duino-tarykhy-10-klass-2012/,View online only,approved edition,yes,"read in the app or site, no download"
384,10,Kyrgyz-medium,Дүйнө тарыхы: урунттуу учурлар (байыркы доордон тартып 19-к. ортосуна чейин),"Осмонов Ө., Элебесова А.",mektep.o.kg,https://mektep.o.kg/books/20/?grade=10,PDF without text (scan),year unknown,yes,250 pages; listed as «Дүинө тарыхы 10-кл.»
385,10,Kyrgyz-medium,Жарандуулук жана башкарууга катышуу (1-бөлүк),Пилон Ж.,our reader (el-kitep),https://rinatius.github.io/el-kitep/#/read/kg-jarandyk-10,Our reader: AI-proofread text,approved edition,yes,
385,10,Kyrgyz-medium,Жарандуулук жана башкарууга катышуу (1-бөлүк),Пилон Ж.,kitep.edu.kg (ministry),https://kitep.edu.kg/book/161/read,PDF without text (scan),approved edition,yes,180 pages; listed as «Жарандык жана башкарууга катышуу»
385,10,Kyrgyz-medium,Жарандуулук жана башкарууга катышуу (1-бөлүк),Пилон Ж.,mektep.o.kg,https://mektep.o.kg/books/20/?grade=10,PDF without text (scan),year unknown,yes,180 pages; listed as «Жарандык жана мамлекетти башкарууга катышуу 10кл.»
385,10,Kyrgyz-medium,Жарандуулук жана башкарууга катышуу (1-бөлүк),Пилон Ж.,okuma.kg,https://okuma.kg/books.php?id=206,PDF without text (scan),other year (2005),yes,"178 pages; listed as «Жарандык жана Мамлекеттик башкарууга катышуу, 2 раздел 10 класс»"
386,10,Kyrgyz-medium,Дүйнөнүн экономикалык жана социалдык географиясы,"Осмонов А., Чодураев Т. ж.б.",our reader (el-kitep),https://rinatius.github.io/el-kitep/#/read/kg-geografiya-10,Our reader: AI-proofread text,approved edition,yes,
386,10,Kyrgyz-medium,Дүйнөнүн экономикалык жана социалдык географиясы,"Осмонов А., Чодураев Т. ж.б.",kitep.edu.kg (ministry),https://kitep.edu.kg/book/163/read,PDF without text (scan),approved edition,yes,290 pages; listed as «География»
386,10,Kyrgyz-medium,Дүйнөнүн экономикалык жана социалдык географиясы,"Осмонов А., Чодураев Т. ж.б.",okuma.kg,https://okuma.kg/books.php?id=61,PDF without text (scan),approved edition,yes,291 pages; listed as «Дүйнөнүн экономикалык жана социалдык географиясы 10-класс»
386,10,Kyrgyz-medium,Дүйнөнүн экономикалык жана социалдык географиясы,"Осмонов А., Чодураев Т. ж.б.",okuma.kg,https://okuma.kg/books.php?id=209,PDF without text (scan),approved edition,yes,"290 pages; listed as «Дүйөнүн экономикалык жана социалдык географиясы, 10 класс»"
386,10,Kyrgyz-medium,Дүйнөнүн экономикалык жана социалдык географиясы,"Осмонов А., Чодураев Т. ж.б.",bizdin.kg app,https://bizdin.kg/uchebnik/geografiia-10-klass-2011/,View online only,approved edition,yes,"read in the app or site, no download"
387,10,Kyrgyz-medium,Алгебра жана анализдин башталышы 10 – 11-кл.,"Колмогоров А., Иманалиев М., Асанов А.",kitep.edu.kg (ministry),https://kitep.edu.kg/book/216/read,PDF without text (scan),other year (2000),yes,177 pages; listed as «Алгебра»
388,10,Kyrgyz-medium,Алгебра жана анализдин башталышы 11-кл.,"Иманалиев М., Асанов А. ж.б.",kitep.edu.kg (ministry),https://kitep.edu.kg/book/216/read,PDF without text (scan),other year (2000),yes,177 pages; listed as «Алгебра»
388,10,Kyrgyz-medium,Алгебра жана анализдин башталышы 11-кл.,"Иманалиев М., Асанов А. ж.б.",jasulib.org.kg,https://jasulib.org.kg/?p=9226,PDF without text (scan),approved edition,yes,"deep search: Иманалиев М., Асанов А., Жусупов К., Искандаров С. «Алгебра жана анализдин башталышы», 11-класс, Б.: Мамлекеттик тил жана энциклопедия борбору 2009, printed by Continent Print (заказ K0906026), ISBN 978-9967-14-061-5, 288 pp; PDF 286 pages incl. both covers, scan (Ош МУ library copy)"
389,10,Kyrgyz-medium,Геометрия 10 – 11-кл.,"Бекбоев И., Бөрүбаев А., Айылчиев А.",kitep.edu.kg (ministry),https://kitep.edu.kg/book/220/read,PDF without text (scan),approved edition,yes,191 pages; listed as «Геометрия»
389,10,Kyrgyz-medium,Геометрия 10 – 11-кл.,"Бекбоев И., Бөрүбаев А., Айылчиев А.",mektep.o.kg,https://mektep.o.kg/books/20/?grade=10,PDF without text (scan),year unknown,yes,191 pages; listed as «Геометрий 10-11кл.»
389,10,Kyrgyz-medium,Геометрия 10 – 11-кл.,"Бекбоев И., Бөрүбаев А., Айылчиев А.",okuma.kg,https://okuma.kg/books.php?id=213,PDF without text (scan),other year (2009),yes,194 pages; listed as «Геометрия 10-11 класс»
389,10,Kyrgyz-medium,Геометрия 10 – 11-кл.,"Бекбоев И., Бөрүбаев А., Айылчиев А.",bizdin.kg app,https://bizdin.kg/uchebnik/geometriia-10-11-klass/,View online only,year unknown,yes,"read in the app or site, no download"
390,10,Kyrgyz-medium,Физика,Койчуманов М. ж.б.,kitep.edu.kg (ministry),https://kitep.edu.kg/book/165/read,PDF without text (scan),approved edition,yes,261 pages; listed as «Физика»
390,10,Kyrgyz-medium,Физика,Койчуманов М. ж.б.,okuma.kg,https://okuma.kg/books.php?id=66,PDF without text (scan),approved edition,yes,260 pages; listed as «Физика 10-класс»
390,10,Kyrgyz-medium,Физика,Койчуманов М. ж.б.,bilim.akipress.org,https://bilim.akipress.org/lib/book:213/,PDF without text (scan),year unknown,yes,"261 pages; listed as «Физика 10-класс М.Койчуманова, О.Сулайманова»"
390,10,Kyrgyz-medium,Физика,Койчуманов М. ж.б.,mektep.o.kg,https://mektep.o.kg/books/20/?grade=10,PDF without text (scan),year unknown,yes,261 pages; listed as «Физика 10-кл.»
391,10,Kyrgyz-medium,Органикалык химия,"Молдогазиева С., Иманкулова Г., Кособаева Б.",kitep.edu.kg (ministry),https://kitep.edu.kg/book/166/read,PDF without text (scan),approved edition,yes,225 pages; listed as «Химия»
391,10,Kyrgyz-medium,Органикалык химия,"Молдогазиева С., Иманкулова Г., Кособаева Б.",okuma.kg,https://okuma.kg/books.php?id=64,PDF without text (scan),approved edition,yes,231 pages; listed as «Органикалык химия 10-класс»
391,10,Kyrgyz-medium,Органикалык химия,"Молдогазиева С., Иманкулова Г., Кособаева Б.",bilim.akipress.org,https://bilim.akipress.org/lib/book:42/,PDF without text (scan),year unknown,yes,"225 pages; listed as «Органикалык химия 10-класс С. M. Молдогазиева, Г. И. Иманкулова, Б. М.»"
391,10,Kyrgyz-medium,Органикалык химия,"Молдогазиева С., Иманкулова Г., Кособаева Б.",new.bizdin.kg,https://new.bizdin.kg/kniga/uchebnik-organicheskaya-khimiya-10-klass-ksh,PDF (form not checked),approved edition,yes,"not opened: the site's security certificate has expired (1 Oct 2026), so browsers show a warning first; listed as «Учебник. Органическая химия. 10 класс. КШ»"
391,10,Kyrgyz-medium,Органикалык химия,"Молдогазиева С., Иманкулова Г., Кособаева Б.",mektep.o.kg,https://mektep.o.kg/books/20/?grade=10,PDF without text (scan),year unknown,yes,225 pages; listed as «Органикалык Химия»
165,10,Russian-medium,Кыргыз тили,"Оморова А., Самсалиева М. и др.",our reader (el-kitep),https://rinatius.github.io/el-kitep/#/read/ru-kyrgyz-tili-10-11,Our reader: exact text,approved edition,yes,
166,10,Russian-medium,Кыргыз тили,"Абылаева Н., Ибраимов С., Сарылбекова З.",our reader (el-kitep),https://rinatius.github.io/el-kitep/#/read/ru-kyrgyz-tili-10,Our reader: AI-proofread text,approved edition,yes,
166,10,Russian-medium,Кыргыз тили,"Абылаева Н., Ибраимов С., Сарылбекова З.",mektep.o.kg,https://mektep.o.kg/books/9/?grade=10,PDF without text (scan),year unknown,yes,259 pages; listed as «Кыргыз тили 10кл.»
167,10,Russian-medium,Кыргыз адабияты,"Жээнтаева К., Исаева В.",our reader (el-kitep),https://rinatius.github.io/el-kitep/#/read/ru-kyrgyz-adabiyaty-10,Our reader: AI-proofread text,approved edition,yes,
167,10,Russian-medium,Кыргыз адабияты,"Жээнтаева К., Исаева В.",kitep.edu.kg (ministry),https://kitep.edu.kg/book/159/read,Wrong file,approved edition,no,the file is the same file as История Кыргызстана 10
167,10,Russian-medium,Кыргыз адабияты,"Жээнтаева К., Исаева В.",new.bizdin.kg,https://new.bizdin.kg/kniga/uchebnik-kyrgyzskaya-literatura-10-klass-rsh,PDF (form not checked),approved edition,yes,"not opened: the site's security certificate has expired (1 Oct 2026), so browsers show a warning first; listed as «Учебник. Кыргызская литература. 10 класс. РШ»"
167,10,Russian-medium,Кыргыз адабияты,"Жээнтаева К., Исаева В.",mektep.o.kg,https://mektep.o.kg/books/9/?grade=10,PDF without text (scan),year unknown,yes,88 pages; listed as «Кыргыз Адабияты 10 кл.»
168,10,Russian-medium,Английский язык,"Фатнева А., Цуканова Н.",arcus.kg,https://arcus.kg/modules/mod_flipbook_98/tmpl/book.html,Part or sample only,,no,"deep search: Publisher flipbooks 'Англис тили. 10 класс' (Kyrgyz-school, 17 pp) and 'Английский язык. 10 класс' (Russian-school, 17 pp)"
169,10,Russian-medium,Английский язык,Юсупова А. и др.,kitep.edu.kg (ministry),https://kitep.edu.kg/book/157/read,PDF with text,approved edition,yes,356 pages; listed as «Англис тили»
169,10,Russian-medium,Английский язык,Юсупова А. и др.,mektep.o.kg,https://mektep.o.kg/books/9/?grade=10,PDF with text,year unknown,yes,353 pages; listed as «Английский язык»
170,10,Russian-medium,История Кыргызстана,Осмонов О. и др.,our reader (el-kitep),https://rinatius.github.io/el-kitep/#/read/ru-istoriya-kyrgyzstana-10,Our reader: AI-proofread text,approved edition,yes,
170,10,Russian-medium,История Кыргызстана,Осмонов О. и др.,kitep.edu.kg (ministry),https://kitep.edu.kg/book/158/read,PDF without text (scan),approved edition,yes,123 pages; listed as «Кыргызстан тарыхы»
170,10,Russian-medium,История Кыргызстана,Осмонов О. и др.,bilim.akipress.org,https://bilim.akipress.org/lib/book:204/,PDF without text (scan),year unknown,yes,"124 pages; listed as «Кыргызстандын тарыхы 10-класс 0. Ж. Осмонов, А. С. Мырзакматова»"
171,10,Russian-medium,Гражданственность и участие в управлении (1-я часть),Пилон Дж.,our reader (el-kitep),https://rinatius.github.io/el-kitep/#/read/ru-grazhdanstvennost-10,Our reader: AI-proofread text,approved edition,yes,
172,10,Russian-medium,Экономическая и социальная география мира,"Осмонов А., Чодураев Т. ж.б.",bizdin.kg app,https://bizdin.kg/uchebnik/geografiia-10-klass-2011/okuu/,Other language only,,no,only the Kyrgyz-language edition of this book is online (2011)
173,10,Russian-medium,Алгебра и начала анализа 10 – 11 кл.,"Колмогоров А., Иманалиев М., Асанов А.",jasulib.org.kg,https://jasulib.org.kg/?p=9251,PDF without text (scan),other edition,yes,"deep search: Колмогоров А.Н. (ред.) «Алгебра и начала математического анализа: учеб. для 10-11 кл.», 17-е изд., М.: Просвещение 2008, 386 с. (Russian Federation original; the Kyrgyz list credits Иманалиев/Асанов as adapters of the Kyrgyz edition)"
174,10,Russian-medium,Геометрия 10 – 11-кл.,"Бекбоев И., Борубаев А., Айылчиев А.",kitep.edu.kg (ministry),https://kitep.edu.kg/book/220/read,Other language only,,no,only the Kyrgyz-language edition of this book is online
394,11,Kyrgyz-medium,Кыргыз тили,"Эгембердиев Р., Өмүралиева С. ж.б.",our reader (el-kitep),https://rinatius.github.io/el-kitep/#/read/kg-kyrgyz-tili-11,Our reader: AI-proofread text,approved edition,yes,
394,11,Kyrgyz-medium,Кыргыз тили,"Эгембердиев Р., Өмүралиева С. ж.б.",kitep.edu.kg (ministry),https://kitep.edu.kg/book/225/read,PDF without text (scan),approved edition,yes,197 pages; listed as «Кыргыз тили»
394,11,Kyrgyz-medium,Кыргыз тили,"Эгембердиев Р., Өмүралиева С. ж.б.",okuma.kg,https://okuma.kg/books.php?id=75,PDF without text (scan),approved edition,yes,197 pages; listed as «Кыргыз тили 11-класс»
394,11,Kyrgyz-medium,Кыргыз тили,"Эгембердиев Р., Өмүралиева С. ж.б.",bilim.akipress.org,https://bilim.akipress.org/lib/book:38/,PDF without text (scan),year unknown,yes,"193 pages; listed as «Кыргыз тили 10-11-класс А. САПАРБАЕВ, С. ОМУРАЛИЕВА, Р. ЭГЕМБЕРДИЕВ, В»"
394,11,Kyrgyz-medium,Кыргыз тили,"Эгембердиев Р., Өмүралиева С. ж.б.",mektep.o.kg,https://mektep.o.kg/books/21/?grade=11,PDF without text (scan),year unknown,yes,197 pages; listed as «Кыргыз тили 11-кл.»
395,11,Kyrgyz-medium,Кыргыз тили 10 – 11-кл.,Исаков Б.,our reader (el-kitep),https://rinatius.github.io/el-kitep/#/read/kg-kyrgyz-tili-10-11,Our reader: AI-proofread text,other year (2013),yes,
395,11,Kyrgyz-medium,Кыргыз тили 10 – 11-кл.,Исаков Б.,okuma.kg,https://okuma.kg/books.php?id=192,PDF without text (scan),approved edition,yes,448 pages; listed as «Кыргыз тили 10-11 класс»
395,11,Kyrgyz-medium,Кыргыз тили 10 – 11-кл.,Исаков Б.,new.bizdin.kg,https://new.bizdin.kg/kniga/uchebnik-kyrgyzskiy-yazyk-10-11-klass-ksh,PDF (form not checked),approved edition,yes,"not opened: the site's security certificate has expired (1 Oct 2026), so browsers show a warning first; listed as «Учебник. Кыргызский язык. 10-11 класс. КШ»"
395,11,Kyrgyz-medium,Кыргыз тили 10 – 11-кл.,Исаков Б.,kitep.edu.kg (ministry),https://kitep.edu.kg/book/219/read,PDF without text (scan),other year (2013),yes,450 pages; listed as «Кыргыз тили»
395,11,Kyrgyz-medium,Кыргыз тили 10 – 11-кл.,Исаков Б.,mektep.o.kg,https://mektep.o.kg/books/21/?grade=11,PDF without text (scan),year unknown,yes,450 pages; listed as «Кыргыз тили 10-11_кл.»
396,11,Kyrgyz-medium,Кыргыз адабияты,Артыкбаев К. ж.б.,our reader (el-kitep),https://rinatius.github.io/el-kitep/#/read/kg-kyrgyz-adabiyaty-11,Our reader: AI-proofread text,approved edition,yes,
396,11,Kyrgyz-medium,Кыргыз адабияты,Артыкбаев К. ж.б.,kitep.edu.kg (ministry),https://kitep.edu.kg/book/230/read,PDF without text (scan),approved edition,yes,339 pages; listed as «Кыргыз адабияты»
396,11,Kyrgyz-medium,Кыргыз адабияты,Артыкбаев К. ж.б.,mektep.o.kg,https://mektep.o.kg/books/21/?grade=11,PDF without text (scan),year unknown,yes,339 pages; listed as «Кыргыз адабияты 11-кл.»
397,11,Kyrgyz-medium,Русский язык,"Задорожная Н., Идрисова Ж.",our reader (el-kitep),https://rinatius.github.io/el-kitep/#/read/kg-russkiy-yazyk-11,Our reader: AI-proofread text,approved edition,yes,
397,11,Kyrgyz-medium,Русский язык,"Задорожная Н., Идрисова Ж.",okuma.kg,https://okuma.kg/books.php?id=74,PDF without text (scan),approved edition,yes,244 pages; listed as «Русский язык  11-класс»
397,11,Kyrgyz-medium,Русский язык,"Задорожная Н., Идрисова Ж.",okuma.kg,https://okuma.kg/books.php?id=155,PDF without text (scan),approved edition,yes,240 pages; listed as «Русский язык 11 класс»
397,11,Kyrgyz-medium,Русский язык,"Задорожная Н., Идрисова Ж.",mektep.o.kg,https://mektep.o.kg/books/21/?grade=11,PDF without text (scan),year unknown,yes,123 pages; listed as «Русскии язык 11кл.»
399,11,Kyrgyz-medium,Русская литература,"Ешенова Н., Мурадымов Н.",our reader (el-kitep),https://rinatius.github.io/el-kitep/#/read/kg-russkaya-literatura-11,Our reader: AI-proofread text,approved edition,yes,
399,11,Kyrgyz-medium,Русская литература,"Ешенова Н., Мурадымов Н.",okuma.kg,https://okuma.kg/books.php?id=77,PDF without text (scan),approved edition,yes,326 pages; listed as «Русская литература XX века 11-класс»
399,11,Kyrgyz-medium,Русская литература,"Ешенова Н., Мурадымов Н.",okuma.kg,https://okuma.kg/books.php?id=175,PDF without text (scan),approved edition,yes,320 pages; listed as «Русская литература XX века 11 класс»
399,11,Kyrgyz-medium,Русская литература,"Ешенова Н., Мурадымов Н.",mektep.o.kg,https://mektep.o.kg/books/21/?grade=11,PDF without text (scan),year unknown,yes,318 pages; listed as «Русская литература 11-кл.»
400,11,Kyrgyz-medium,Англис тили 10 – 11-кл.,Юсупова А. ж.б.,kitep.edu.kg (ministry),https://kitep.edu.kg/book/232/read,PDF with text,approved edition,yes,353 pages; listed as «Англис тили»
400,11,Kyrgyz-medium,Англис тили 10 – 11-кл.,Юсупова А. ж.б.,new.bizdin.kg,https://new.bizdin.kg/kniga/uchebnik-angliyskiy-yazyk-10-11-klass-ksh,PDF (form not checked),approved edition,yes,"not opened: the site's security certificate has expired (1 Oct 2026), so browsers show a warning first; listed as «Учебник. Английский язык. 10-11 класс. КШ»"
400,11,Kyrgyz-medium,Англис тили 10 – 11-кл.,Юсупова А. ж.б.,new.bizdin.kg,https://new.bizdin.kg/kniga/uchebnik-angliyskiy-yazyk-10-11-klass-ksh-,PDF (form not checked),approved edition,yes,"not opened: the site's security certificate has expired (1 Oct 2026), so browsers show a warning first; listed as «Учебник. Английский язык. 10-11 класс. КШ-»"
400,11,Kyrgyz-medium,Англис тили 10 – 11-кл.,Юсупова А. ж.б.,mektep.o.kg,https://mektep.o.kg/books/21/?grade=11,PDF with text,year unknown,yes,356 pages; listed as «ENGLISH 10-11кл.»
401,11,Kyrgyz-medium,Кыргызстан тарыхы: урунттуу учурлар (19-к. ортосунан азыркы мезгилге чейин),"Осмонов Ө., Мырзахматова А.",our reader (el-kitep),https://rinatius.github.io/el-kitep/#/read/kg-kyrgyzstan-taryhy-11,Our reader: AI-proofread text,approved edition,yes,
401,11,Kyrgyz-medium,Кыргызстан тарыхы: урунттуу учурлар (19-к. ортосунан азыркы мезгилге чейин),"Осмонов Ө., Мырзахматова А.",kitep.edu.kg (ministry),https://kitep.edu.kg/book/227/read,PDF with text,approved edition,yes,147 pages; listed as «Кыргызстан тарыхы: урунттуу учурлар»
401,11,Kyrgyz-medium,Кыргызстан тарыхы: урунттуу учурлар (19-к. ортосунан азыркы мезгилге чейин),"Осмонов Ө., Мырзахматова А.",okuma.kg,https://okuma.kg/books.php?id=76,PDF without text (scan),approved edition,yes,293 pages; listed as «Кыргызстандын тарыхы 11-класс»
401,11,Kyrgyz-medium,Кыргызстан тарыхы: урунттуу учурлар (19-к. ортосунан азыркы мезгилге чейин),"Осмонов Ө., Мырзахматова А.",mektep.o.kg,https://mektep.o.kg/books/21/?grade=11,PDF with text,year unknown,yes,147 pages; listed as «Кыргызстандын тарыхы 11кл.»
401,11,Kyrgyz-medium,Кыргызстан тарыхы: урунттуу учурлар (19-к. ортосунан азыркы мезгилге чейин),"Осмонов Ө., Мырзахматова А.",bizdin.kg app,https://bizdin.kg/uchebnik/uchebnik-po-istorii-kyrgyzstana-osnovnye-momenty-11-klass-2000-g-na-kyrgyzskom/,View online only,other year (2000),yes,"read in the app or site, no download"
402,11,Kyrgyz-medium,Дүйнө тарыхы: урунттуу учурлар (19-к. ортосунан биздин күндөргө чейин),"Элебесова А., Осмонов Ө.",our reader (el-kitep),https://rinatius.github.io/el-kitep/#/read/kg-duyno-taryhy-11,Our reader: AI-proofread text,approved edition,yes,
402,11,Kyrgyz-medium,Дүйнө тарыхы: урунттуу учурлар (19-к. ортосунан биздин күндөргө чейин),"Элебесова А., Осмонов Ө.",okuma.kg,https://okuma.kg/books.php?id=71,PDF without text (scan),approved edition,yes,261 pages; listed as «Дүйнө тарыхы 11-класс»
402,11,Kyrgyz-medium,Дүйнө тарыхы: урунттуу учурлар (19-к. ортосунан биздин күндөргө чейин),"Элебесова А., Осмонов Ө.",okuma.kg,https://okuma.kg/books.php?id=210,PDF without text (scan),approved edition,yes,256 pages; listed as «Дүйнө тарыхы 11 класс»
402,11,Kyrgyz-medium,Дүйнө тарыхы: урунттуу учурлар (19-к. ортосунан биздин күндөргө чейин),"Элебесова А., Осмонов Ө.",mektep.o.kg,https://mektep.o.kg/books/21/?grade=11,PDF without text (scan),year unknown,yes,261 pages; listed as «Дүинө тарыхы 11-кл.»
403,11,Kyrgyz-medium,Жарандуулук жана башкарууга катышуу (2-бөлүк),Пилон Ж.,our reader (el-kitep),https://rinatius.github.io/el-kitep/#/read/kg-jarandyk-11,Our reader: AI-proofread text,other year (2005),yes,
405,11,Kyrgyz-medium,Дүйнөнүн экономикалык жана социалдык географиясы,"Осмонов А., Чодураев Т.",our reader (el-kitep),https://rinatius.github.io/el-kitep/#/read/kg-geografiya-10,Our reader: AI-proofread text,approved edition,yes,
405,11,Kyrgyz-medium,Дүйнөнүн экономикалык жана социалдык географиясы,"Осмонов А., Чодураев Т.",okuma.kg,https://okuma.kg/books.php?id=212,PDF without text (scan),other year (2012),yes,240 pages; listed as «Геоэкологиянын негиздери 11 класс»
406,11,Kyrgyz-medium,Алгебра жана анализдин башталышы 10 – 11-кл.,"Колмогоров А., Иманалиев М., Асанов А. ж.б.",okuma.kg,https://okuma.kg/books.php?id=68,PDF without text (scan),approved edition,yes,286 pages; listed as «Алгебра жана анализдин башталышы 11-класс»
406,11,Kyrgyz-medium,Алгебра жана анализдин башталышы 10 – 11-кл.,"Колмогоров А., Иманалиев М., Асанов А. ж.б.",new.bizdin.kg,https://new.bizdin.kg/kniga/uchebnik-algebra-11-klass-ksh,PDF (form not checked),approved edition,yes,"not opened: the site's security certificate has expired (1 Oct 2026), so browsers show a warning first; listed as «Учебник. Алгебра. 11 класс. КШ»"
406,11,Kyrgyz-medium,Алгебра жана анализдин башталышы 10 – 11-кл.,"Колмогоров А., Иманалиев М., Асанов А. ж.б.",kitep.edu.kg (ministry),https://kitep.edu.kg/book/223/read,PDF without text (scan),other year (2012),yes,177 pages; listed as «Алгебра»
406,11,Kyrgyz-medium,Алгебра жана анализдин башталышы 10 – 11-кл.,"Колмогоров А., Иманалиев М., Асанов А. ж.б.",kitep.edu.kg (ministry),https://kitep.edu.kg/book/229/read,PDF without text (scan),other year (2013),yes,286 pages; listed as «Алгебра жана анализдин башталышы»
406,11,Kyrgyz-medium,Алгебра жана анализдин башталышы 10 – 11-кл.,"Колмогоров А., Иманалиев М., Асанов А. ж.б.",mektep.o.kg,https://mektep.o.kg/books/21/?grade=11,PDF without text (scan),year unknown,yes,286 pages; listed as «Алгебра жана анализдин башталышы»
407,11,Kyrgyz-medium,Алгебра жана анализдин башталышы,"Иманалиев М., Асанов А., Жусупов К., Искандаров С.",kitep.edu.kg (ministry),https://kitep.edu.kg/book/229/read,PDF without text (scan),approved edition,yes,286 pages; listed as «Алгебра жана анализдин башталышы»
407,11,Kyrgyz-medium,Алгебра жана анализдин башталышы,"Иманалиев М., Асанов А., Жусупов К., Искандаров С.",bizdin.kg app,https://bizdin.kg/uchebnik/algebra-zhana-analizdin-bashtalyshy-11-klass-2013/,View online only,approved edition,yes,"read in the app or site, no download"
407,11,Kyrgyz-medium,Алгебра жана анализдин башталышы,"Иманалиев М., Асанов А., Жусупов К., Искандаров С.",okuma.kg,https://okuma.kg/books.php?id=68,PDF without text (scan),other year (2009),yes,286 pages; listed as «Алгебра жана анализдин башталышы 11-класс»
407,11,Kyrgyz-medium,Алгебра жана анализдин башталышы,"Иманалиев М., Асанов А., Жусупов К., Искандаров С.",kitep.edu.kg (ministry),https://kitep.edu.kg/book/223/read,PDF without text (scan),other year (2012),yes,177 pages; listed as «Алгебра»
407,11,Kyrgyz-medium,Алгебра жана анализдин башталышы,"Иманалиев М., Асанов А., Жусупов К., Искандаров С.",bizdin.kg app,https://bizdin.kg/uchebnik/algebra-11-klass/,View online only,year unknown,yes,"read in the app or site, no download"
407,11,Kyrgyz-medium,Алгебра жана анализдин башталышы,"Иманалиев М., Асанов А., Жусупов К., Искандаров С.",mektep.o.kg,https://mektep.o.kg/books/21/?grade=11,PDF without text (scan),year unknown,yes,286 pages; listed as «Алгебра жана анализдин башталышы»
407,11,Kyrgyz-medium,Алгебра жана анализдин башталышы,"Иманалиев М., Асанов А., Жусупов К., Искандаров С.",new.bizdin.kg,https://new.bizdin.kg/kniga/uchebnik-algebra-11-klass-ksh,PDF (form not checked),other year (2009),yes,"not opened: the site's security certificate has expired (1 Oct 2026), so browsers show a warning first; listed as «Учебник. Алгебра. 11 класс. КШ»"
408,11,Kyrgyz-medium,Алгебра жана анализдин башталышы 10 – 11-кл.,"Саламатов Ж., Жураев М., Аманкулов Т.",mektep.o.kg,https://mektep.o.kg,PDF without text (scan),approved edition,yes,"deep search: Саламатов Ж., Жураев М., Аманкулов Т. «Алгебра жана анализдин башталышы» 10-класс, оңдолуп 2-басылышы, Б.: Aditi 2009 (printed by Continent Print), 95 PDF pages = ~184 book pages (mostly 2-page spreads), ABBYY FineReader scan, full book incl. imprint"
409,11,Kyrgyz-medium,Геометрия 10 – 11-кл.,"Бекбоев И., Бөрүбаев А., Айылчиев А.",kitep.edu.kg (ministry),https://kitep.edu.kg/book/221/read,PDF without text (scan),approved edition,yes,191 pages; listed as «Геометрия»
409,11,Kyrgyz-medium,Геометрия 10 – 11-кл.,"Бекбоев И., Бөрүбаев А., Айылчиев А.",bilim.akipress.org,https://bilim.akipress.org/lib/book:49/,PDF without text (scan),year unknown,yes,"191 pages; listed as «Геометрия 10-11 класс И.Б. БЕКБОЕВ, А.А. Б0РУБАЕВ, А.А. АЙЫЛЧИЕВ»"
409,11,Kyrgyz-medium,Геометрия 10 – 11-кл.,"Бекбоев И., Бөрүбаев А., Айылчиев А.",mektep.o.kg,https://mektep.o.kg/books/21/?grade=11,PDF without text (scan),year unknown,yes,191 pages; listed as «Геометрия 10-11кл.»
409,11,Kyrgyz-medium,Геометрия 10 – 11-кл.,"Бекбоев И., Бөрүбаев А., Айылчиев А.",okuma.kg,https://okuma.kg/books.php?id=213,PDF without text (scan),other year (2009),yes,194 pages; listed as «Геометрия 10-11 класс»
410,11,Kyrgyz-medium,Физика,Шаршекеев Ө. ж.б.,kitep.edu.kg (ministry),https://kitep.edu.kg/book/226/read,PDF without text (scan),approved edition,yes,216 pages; listed as «Физика»
410,11,Kyrgyz-medium,Физика,Шаршекеев Ө. ж.б.,mektep.o.kg,https://mektep.o.kg/books/21/?grade=11,PDF without text (scan),year unknown,yes,216 pages; listed as «Физика 11-кл.»
410,11,Kyrgyz-medium,Физика,Шаршекеев Ө. ж.б.,okuma.kg,https://okuma.kg/books.php?id=78,PDF without text (scan),other year (2011),yes,216 pages; listed as «Физика 11-класс»
411,11,Kyrgyz-medium,Астрономия,Шаршекеев Ө. ж.б.,kitep.edu.kg (ministry),https://kitep.edu.kg/book/226/read,PDF without text (scan),approved edition,yes,216 pages; listed as «Физика»
411,11,Kyrgyz-medium,Астрономия,Шаршекеев Ө. ж.б.,mektep.o.kg,https://mektep.o.kg/books/21/?grade=11,PDF without text (scan),year unknown,yes,216 pages; listed as «Физика 11-кл.»
411,11,Kyrgyz-medium,Астрономия,Шаршекеев Ө. ж.б.,okuma.kg,https://okuma.kg/books.php?id=78,PDF without text (scan),other year (2011),yes,216 pages; listed as «Физика 11-класс»
412,11,Kyrgyz-medium,Астрономия,Калыбеков А.,library.knu.kg,https://library.knu.kg/?author=Калыбеков,"Login, paywall or library only",other year (2019),no,"deep search: Калыбеков А. «Астрономия: окуу китеби», Ж. Баласагын атындагы КУУ, Бишкек 2019, 248 б., ISBN 978-9967-32-357… (earlier printing of the approved КМУ 2021 book, probably same text) in the KNU university e-library; also a Scribd upload 'Калыбеков А. астрономия боюнча окуу китеп-8'"
181,11,Russian-medium,Кыргыз тили,"Оморова А., Самсалиева М. и др.",our reader (el-kitep),https://rinatius.github.io/el-kitep/#/read/ru-kyrgyz-tili-10-11,Our reader: exact text,approved edition,yes,
181,11,Russian-medium,Кыргыз тили,"Оморова А., Самсалиева М. и др.",kitep.edu.kg (ministry),https://kitep.edu.kg/book/167/read,PDF with text,approved edition,yes,240 pages; listed as «Кыргыз тили»
182,11,Russian-medium,Кыргыз тили,Абылаева Н. и др.,our reader (el-kitep),https://rinatius.github.io/el-kitep/#/read/ru-kyrgyz-tili-11,Our reader: AI-proofread text,approved edition,yes,
182,11,Russian-medium,Кыргыз тили,Абылаева Н. и др.,kitep.edu.kg (ministry),https://kitep.edu.kg/book/169/read,PDF without text (scan),approved edition,yes,131 pages; listed as «Кыргыз тили»
182,11,Russian-medium,Кыргыз тили,Абылаева Н. и др.,bilim.akipress.org,https://bilim.akipress.org/lib/book:199/,PDF without text (scan),year unknown,yes,"129 pages; listed as «Кыргыз тили 11-класс  Н. Абылаева, С. Ибрагимов, 3. Сарылбекова»"
183,11,Russian-medium,Кыргыз адабияты,"Ботбаева Т., Искакова Д.",our reader (el-kitep),https://rinatius.github.io/el-kitep/#/read/ru-kyrgyz-adabiyaty-11,Our reader: AI-proofread text,approved edition,yes,
183,11,Russian-medium,Кыргыз адабияты,"Ботбаева Т., Искакова Д.",kitep.edu.kg (ministry),https://kitep.edu.kg/book/170/read,PDF without text (scan),approved edition,yes,96 pages; listed as «Кыргыз адабияты»
183,11,Russian-medium,Кыргыз адабияты,"Ботбаева Т., Искакова Д.",mektep.o.kg,https://mektep.o.kg/books/10/?grade=11,PDF without text (scan),year unknown,yes,96 pages; listed as «Кыргыз адабияты»
185,11,Russian-medium,Английский язык,Юсупова А. и др.,kitep.edu.kg (ministry),https://kitep.edu.kg/book/168/read,PDF with text,approved edition,yes,356 pages; listed as «Англис тили»
185,11,Russian-medium,Английский язык,Юсупова А. и др.,mektep.o.kg,https://mektep.o.kg/books/10/?grade=11,PDF with text,year unknown,yes,353 pages; listed as «Английский язык»
186,11,Russian-medium,История Кыргызстана,Осмонов О. и др.,our reader (el-kitep),https://rinatius.github.io/el-kitep/#/read/ru-istoriya-kyrgyzstana-11,Our reader: AI-proofread text,approved edition,yes,
186,11,Russian-medium,История Кыргызстана,Осмонов О. и др.,kitep.edu.kg (ministry),https://kitep.edu.kg/book/171/read,PDF without text (scan),approved edition,yes,293 pages; listed as «Кыргызстан тарыхы»
186,11,Russian-medium,История Кыргызстана,Осмонов О. и др.,mektep.o.kg,https://mektep.o.kg/books/10/?grade=11,PDF without text (scan),year unknown,yes,293 pages; listed as «ИСТОРИЯ КЫРГЫЗСТАНА»
188,11,Russian-medium,Основы геоэкологии,Осмонов А.,our reader (el-kitep),https://rinatius.github.io/el-kitep/#/read/kg-geografiya-11,Other language only,,no,"the Kyrgyz edition «Геоэкологиянын негиздери» (2012), exact text"
189,11,Russian-medium,Алгебра и начала анализа 10 – 11 кл.,"Колмогоров А., Иманалиев М., Асанов А.",jasulib.org.kg,https://jasulib.org.kg/?p=9251,PDF without text (scan),other edition,yes,"deep search: Колмогоров А.Н. (ред.) «Алгебра и начала математического анализа: учеб. для 10-11 кл.», 17-е изд., М.: Просвещение 2008, 386 с. (Russian Federation original; the Kyrgyz list credits Иманалиев/Асанов as adapters of the Kyrgyz edition)"
190,11,Russian-medium,Геометрия 10 – 11-кл.,"Бекбоев И., Борубаев А., Айылчиев А.",bilim.akipress.org,https://bilim.akipress.org/lib/book:49/,PDF without text (scan),any (list says latest edition),yes,"191 pages; listed as «Геометрия 10-11 класс И.Б. БЕКБОЕВ, А.А. Б0РУБАЕВ, А.А. АЙЫЛЧИЕВ»"
