List line,Grade,School,Subject,Authors,Title,Publisher,Year,List page,Best form,Edition of best copy,Approved edition online in full,Copies found,Links (form),Note
195,1,Kyrgyz-medium,Кыргыз тили жана окуу,"Рысбаев С., Бекбоева А.",Наристе. Алиппе,Б.: Учкун,2025,1,PDF without text (scan),approved edition,yes,6,"https://kitep.edu.kg/book/248/read (PDF without text (scan); approved edition)
https://bizdin.kg/uchebnik/alippege-daiardyk-1-klass-2025/ (View online only; approved edition)
https://kitep.edu.kg/book/247/read (PDF without text (scan); approved edition)
https://mektep.o.kg/books/11/?grade=1 (PDF without text (scan); year unknown)
https://bizdin.kg/uchebnik/alippe-1-klass-2008-zh-bukvar-1-klass-2008-g-na-kyrgyzkom/ (View online only; other year (2008))
https://bizdin.kg/uchebnik/uchebnik-po-matematike-3-klass-na-kyrgyzskom-matematika-okuu-kitebi-1-klass/ (View online only; year unknown)",
196,1,Kyrgyz-medium,Кыргыз тили жана окуу,Рысбаев С.,Алиппе,Б.: Аркус/Учкун,2023,1,PDF without text (scan),year unknown,yes,4,"https://mektep.o.kg/books/11/?grade=1 (PDF without text (scan); year unknown)
https://kitep.edu.kg/book/247/read (PDF without text (scan); other year (2025))
https://kitep.edu.kg/book/248/read (PDF without text (scan); other year (2025))
https://bizdin.kg/uchebnik/alippe-1-klass-2008-zh-bukvar-1-klass-2008-g-na-kyrgyzkom/ (View online only; other year (2008))",
197,1,Kyrgyz-medium,Кыргыз тили жана окуу,"Кубаталиева Б., Абыканова А., Асаналиева М.",Алиппе,Б.: Кутаалам/Имак Офсет,2020-2021,1,PDF without text (scan),approved edition,yes,3,"https://kitep.edu.kg/book/188/read (PDF without text (scan); approved edition)
https://bilim.akipress.org/lib/book:183/ (PDF without text (scan); other year (2014))
https://mektep.o.kg/books/11/?grade=1 (PDF without text (scan); year unknown)",
198,1,Kyrgyz-medium,Русский язык и чтение,"Хамраева Е.А., Булатова В.А.",Русский язык и чтение,Б: Просвещение,2025,1,PDF with text,,yes,1,https://stem.edu.gov.kg/api/books/676 (PDF with text),
199,1,Kyrgyz-medium,Русский язык и чтение,"Задорожная Н., Мусаева Ч., Таирова Г.","Русский язык (1, 2 часть)",Б.: Аркус/Учкун,2024,1,Part or sample only,,no,1,https://arcus.kg/modules/mod_flipbook_66/tmpl/ (Part or sample only),New Аркус/Учкун edition; only publisher samples or shop listings online.
200,1,Kyrgyz-medium,Математика,Christina Soh,Математика,Б.: Учкун,2025,1,PDF without text (scan),other year (2026),no,5,"https://bizdin.kg/uchebnik/matematika-okuu-kitebi-12-14-bolumdor-1-klass-2025/ (View online only; approved edition)
https://bizdin.kg/uchebnik/matematika-okuu-kitebi-49-61-baraktary-1-klass-2025/ (View online only; approved edition)
https://bizdin.kg/uchebnik/matematika-okuu-kitebi-8-11-bolumdor-1-klass-2025/ (View online only; approved edition)
https://kitep.edu.kg/book/435/read (PDF without text (scan); other year (2026))
https://stem.edu.gov.kg/api/books/152 (Part or sample only; approved edition)",
201,1,Kyrgyz-medium,Математика,"Моро М., Волкова С., Степанова С.","Математика (1, 2-бөлүк) Адаптацияланган басылышы",Б.: Аркус/ST.art Ltd,2020-2022,1,Not online,,no,0,,Adapted Моро edition (Аркус): not online. kitep.edu.kg/book/513 has a 2026 Моро edition for grade 3 only.
202,1,Kyrgyz-medium,Математика,"Бекбоев И., Ибраева Н.",Математика,Б.: Билим-компьютер,2006,1,PDF without text (scan),year unknown,yes,6,"https://kitep.edu.kg/book/235/read (Part or sample only; other year (2012))
https://mektep.o.kg/books/11/?grade=1 (PDF without text (scan); year unknown)
https://bilim.akipress.org/lib/book:9/ (PDF without text (scan); other year (2011))
https://bilim.akipress.org/lib/book:10/ (PDF without text (scan); other year (2011))
https://bilim.akipress.org/lib/book:182/ (PDF without text (scan); other year (2011))
https://bizdin.kg/uchebnik/uchebnik-po-matematike-3-klass-na-kyrgyzskom-matematika-okuu-kitebi-1-klass/ (View online only; year unknown)",
203,1,Kyrgyz-medium,Мен жана дүйнө,Dana Paz,Табият таануу,Б.: Учкун,2025,1,PDF with text,approved edition,yes,3,"https://kitep.edu.kg/book/36/read (PDF without text (scan); approved edition)
https://bizdin.kg/uchebnik/tabigyi-ilimder-men-zhana-duino-okuu-kitebi-1-klass-2025-1/ (View online only; approved edition)
https://stem.edu.gov.kg/api/books/632 (PDF with text; approved edition)",
204,1,Kyrgyz-medium,Мен жана дүйнө,"Солошенко О.В., Токтобаева Г.Д.","Мен жана дүйнө (1, 2-бөлүк)",,2025,1,View online only,other year (2024),no,2,"https://kitep.edu.kg/book/250/read (Part or sample only; other year (2024))
https://bizdin.kg/uchebnik/men-zhana-duino-1-klass-2024/ (View online only; other year (2024))",
205,1,Kyrgyz-medium,Мен жана дүйнө,"Мамбетова З., Архипова Т.",Мекен таануу,Б.: Кутаалам,2016,1,PDF without text (scan),approved edition,yes,3,"https://new.bizdin.kg/kniga/uchebnik-rodinovedenie-1-klass-ksh (PDF without text (scan); approved edition)
https://kitep.edu.kg/book/236/read (PDF without text (scan); other year (2025))
https://mektep.o.kg/books/11/?grade=1 (PDF without text (scan); year unknown)",
206,1,Kyrgyz-medium,Мен жана дүйнө,Токтобаева Г.,Турмуш-тиричилик коопсуздугунун негиздери,Б.: St.art Ltd,2018,1,Not online,,no,0,,Not found on any site.
207,1,Kyrgyz-medium,Көркөм өнөр жана технология,,,,,1,No textbook on the list,,no,0,,The official list has an empty row for this subject.
208,1,Kyrgyz-medium,Музыка,,,,,1,No textbook on the list,,no,0,,The official list has an empty row for this subject.
1,1,Russian-medium,Русский язык и чтение,"Горецкий В.Г., Кирюшкин В.А., Виноградская Л.А., Бойкина М.В. Учебник адаптирован: Фадеева Г.Н., Дримблева Е.Ю.",Русский язык и чтение. Азбука (в 2-х частях),И: Просвещение,2025,1,"Login, paywall or library only",,no,1,"https://search.rsl.ru/ru/record/01013811012 (Login, paywall or library only; approved edition)","Adapted Просвещение edition printed for the 2025 Russian donation; print only, no public e-version."
2,1,Russian-medium,Русский язык и чтение,Бойкина М.,Русский язык и чтение. Азбука,И.: Аркус/Учкун,2024,1,Part or sample only,,no,1,https://arcus.kg/modules/mod_flipbook_48/tmpl/ (Part or sample only),New Аркус/Учкун edition; only publisher samples or shop listings online.
3,1,Russian-medium,Русский язык и чтение,"Ветшанова Л., Бирюшева О., Аршинова С.",Букварь,И.: Кутаалам/Имак Офсет,2018,1,PDF without text (scan),approved edition,yes,3,"https://bilim.akipress.org/lib/book:7/ (PDF without text (scan); other year (2011))
https://bilim.akipress.org/lib/book:76/ (PDF without text (scan); other year (2011))
https://kitep.edu.kg/book/186/read (PDF without text (scan); approved edition)",
4,1,Russian-medium,Русский язык и чтение,"Горецкий В., Кирюшкин В. и др.",Азбука (в 2-х частях) Адаптированное издание,И.: Аркус,2021,1,Not online,,no,0,,Not found on any site we checked.
5,1,Russian-medium,Кыргызский язык и чтение,"Буйлякеева Р., Эсеналиева К. и др.",Кыргыз тили,И.: Кутаалам,2016,1,PDF without text (scan),approved edition,yes,4,"https://kitep.edu.kg/book/185/read (PDF without text (scan); approved edition)
https://new.bizdin.kg/kniga/uchebnik-kyrgyzskaya-yazyk-1-klass-rsh (PDF (form not checked); approved edition)
https://bilim.akipress.org/lib/book:73/ (PDF without text (scan); year unknown)
https://okuma.kg/books.php?id=260 (PDF without text (scan); other year (2011))",
6,1,Russian-medium,Математика,Christina Soh,Математика,И.: Учкун,2025,1,PDF without text (scan),other year (2026),no,4,"https://bizdin.kg/uchebnik/matematika-okuu-kitebi-49-61-baraktary-1-klass-2025-oruscha/ (View online only; approved edition)
https://bizdin.kg/uchebnik/matematika-okuu-kitebi-8-11-bolumdor-1-klass-2025-oruscha/ (View online only; approved edition)
https://kitep.edu.kg/book/434/read (PDF without text (scan); other year (2026))
https://stem.edu.gov.kg/api/books/187 (Part or sample only; approved edition)",
7,1,Russian-medium,Математика,"Моро М., Волкова С., Степанова С.",Математика (в 2-х частях) Адаптированное издание,И.: Аркус/ST.art Ltd,2020-2022,1,"Login, paywall or library only",,no,1,"https://www.biblioteka.kg/book/1484 (Login, paywall or library only; other year (2019))",Adapted Моро edition (Аркус): not online. kitep.edu.kg/book/513 has a 2026 Моро edition for grade 3 only.
8,1,Russian-medium,Математика,"Бекбоев И., Мкртчян С.Ш., Ибраева Н.",Математика,И.: Учкун,2011,1,PDF without text (scan),approved edition,yes,6,"https://kitep.edu.kg/book/234/read (Wrong file; approved edition)
https://bilim.akipress.org/lib/book:94/ (PDF without text (scan); approved edition)
https://bilim.akipress.org/lib/book:233/ (PDF without text (scan); approved edition)
https://bizdin.kg/uchebnik/matematika-1-klass-2011-oruscha/ (View online only; approved edition)
https://bilim.akipress.org/lib/book:74/ (PDF without text (scan); other year (2001))
https://bilim.akipress.org/lib/book:65/ (PDF without text (scan); year unknown)",
9,1,Russian-medium,Я и мир,Dana Paz,Естествознание,И.: Учкун,2025,1,PDF without text (scan),approved edition,yes,5,"https://kitep.edu.kg/book/37/read (PDF without text (scan); approved edition)
https://kitep.edu.kg/book/251/read (Part or sample only; approved edition)
https://bizdin.kg/uchebnik/ia-i-mir-1-klass-2025-oruscha/ (View online only; approved edition)
https://bizdin.kg/uchebnik/tabigyi-ilimder-men-zhana-duino-okuu-kitebi-1-klass-2025-oruscha-1/ (View online only; approved edition)
https://stem.edu.gov.kg/api/books/185 (Part or sample only; approved edition)",
10,1,Russian-medium,Я и мир,"Солошенко О.В., Токтобаева Г.Д.",Я и мир (в 2-х частях),,2025,1,View online only,approved edition,no,2,"https://kitep.edu.kg/book/251/read (Part or sample only; approved edition)
https://bizdin.kg/uchebnik/ia-i-mir-1-klass-2025-oruscha/ (View online only; approved edition)",
11,1,Russian-medium,Я и мир,"Мамбетова З., Архипова Т.",Родиноведение,И.: Кутаалам,2016,1,PDF with text,year unknown,yes,2,"https://kitep.edu.kg/book/187/read (Wrong file; approved edition)
https://bilim.akipress.org/lib/book:104/ (PDF with text; year unknown)",
12,1,Russian-medium,Я и мир,Токтобаева Г.,Основы безопасности жизнедеятельности,И.: St.art Ltd,2019,1,Not online,,no,0,,Not found on any site.
13,1,Russian-medium,Изобразительно-художественное творчество,,,,,1,No textbook on the list,,no,0,,The official list has an empty row for this subject.
14,1,Russian-medium,Музыка,,,,,1,No textbook on the list,,no,0,,The official list has an empty row for this subject.
209,2,Kyrgyz-medium,Кыргыз тили жана окуу,Рысбаев С.,Кыргыз тили,Б.: Учкун,2023,1,PDF without text (scan),other year (2000),no,1,https://stem.edu.gov.kg/api/books/466 (PDF without text (scan); other year (2000)),
210,2,Kyrgyz-medium,Кыргыз тили жана окуу,"Абдухамидова Б., Рысбаев С., Ибраимова К.",Адабий окуу,Б.: Билим-компьютер,2018,1,PDF without text (scan),year unknown,yes,3,"https://kitep.edu.kg/book/335/read (PDF without text (scan); other year (2016))
https://bilim.akipress.org/lib/book:186/ (PDF without text (scan); other year (2013))
https://mektep.o.kg/books/12/?grade=2 (PDF without text (scan); year unknown)",
211,2,Kyrgyz-medium,Кыргыз тили жана окуу,"Токтомаметов А., Субанова Б.",Адабий окуу,Б.: Мамлекеттик тил жана энциклопедия борбору/Полиграфбумресурсы,2009,2,"Login, paywall or library only",,no,1,"https://www.biblioteka.kg/book/1532 (Login, paywall or library only; approved edition)",Not found on any site we checked.
212,2,Kyrgyz-medium,Русский язык и чтение,"Хамраева Е.А., Ысмайылова З.А., Булатова В.А.","Русский язык и чтение (1, 2 часть)",Б: Просвещение,2025,2,Part or sample only,,no,1,https://stem.edu.gov.kg/api/books/673 (Part or sample only),"Adapted Просвещение edition printed for the 2025 Russian donation; print only, no public e-version."
213,2,Kyrgyz-medium,Русский язык и чтение,"Задорожная Н., Мусаева Ч., Таирова Г.","Русский язык (1, 2 часть)",Б.: Аркус/Учкун,2024,2,Not online,,no,0,,New Аркус/Учкун edition; only publisher samples or shop listings online.
214,2,Kyrgyz-medium,Русский язык и чтение,Омурбаева Д.,"Русский язык и чтение (1, 2 часть)",,,2,PDF without text (scan),,yes,4,"https://kitep.edu.kg/book/78/read (PDF without text (scan))
https://kitep.edu.kg/book/80/read (Wrong file)
https://mektep.o.kg/books/12/?grade=2 (PDF without text (scan))
https://stem.edu.gov.kg/api/books/82 (Part or sample only)",
215,2,Kyrgyz-medium,Математика,"Axel Tan, Koh Siew Geok and Dr Viya Kumari Ayadurai",Математика,Б.: Учкун,2025,2,PDF with text,approved edition,yes,3,"https://kitep.edu.kg/book/357/read (PDF without text (scan); approved edition)
https://bizdin.kg/uchebnik/matematika-okuu-kitebi-4-13-bolumdor-2-klass-2025/ (View online only; approved edition)
https://stem.edu.gov.kg/api/books/464 (PDF with text; approved edition)",
216,2,Kyrgyz-medium,Математика,"Моро М., Волкова С., Степанова С. (1-кл.)","Математика (1, 2-бөлүк) Адаптацияланган басылышы",Б.: Аркус/ST.art Ltd,2020-2022,2,Not online,,no,0,,Adapted Моро edition (Аркус): not online. kitep.edu.kg/book/513 has a 2026 Моро edition for grade 3 only.
217,2,Kyrgyz-medium,Математика,"Бекбоев И., Ибраева Н.",Математика,Б.: Билим-компьютер,2011,2,PDF without text (scan),year unknown,yes,5,"https://bilim.akipress.org/lib/book:185/ (PDF without text (scan); year unknown)
https://bilim.akipress.org/lib/book:8/ (PDF without text (scan); other year (2010))
https://bilim.akipress.org/lib/book:180/ (PDF without text (scan); other year (2010))
https://okuma.kg/books.php?id=489 (PDF without text (scan); other year (2010))
https://kitep.edu.kg/book/178/read (PDF without text (scan); other year (2015))",
218,2,Kyrgyz-medium,Мен жана дүйнө,Shireen Khanalim,Табигый илимдер,Б.: Учкун,2025,2,PDF with text,approved edition,yes,3,"https://bizdin.kg/uchebnik/tabigyi-ilimder-men-zhana-duino-okuu-kitebi-2-klass-2025/ (View online only; approved edition)
https://kitep.edu.kg/book/563/read (PDF without text (scan); other year (2026))
https://stem.edu.gov.kg/api/books/465 (PDF with text; approved edition)",
219,2,Kyrgyz-medium,Мен жана дүйнө,Мамбетова З. ж.б.,Мекен таануу,Б.: Глобал-принт,2021,2,PDF without text (scan),year unknown,yes,1,https://mektep.o.kg/books/12/?grade=2 (PDF without text (scan); year unknown),
220,2,Kyrgyz-medium,Мен жана дүйнө,Токтобаева Г.,Турмуш-тиричилик коопсуздугунун негиздери,Б.: St.art Ltd,2019,2,Not online,,no,0,,Not found on any site.
221,2,Kyrgyz-medium,Көркөм өнөр жана технология,"Акматов Д., Багдасарян А.",Көркөм өнөр,Б.: Билим-компьютер,2013,2,PDF without text (scan),approved edition,yes,4,"https://kitep.edu.kg/book/70/read (PDF without text (scan); approved edition)
https://bilim.akipress.org/lib/book:181/ (PDF without text (scan); other year (2012))
https://mektep.o.kg/books/12/?grade=2 (PDF without text (scan); year unknown)
https://new.bizdin.kg/kniga/uchebnik-izobrazitelno-khudozhestvennoe-tvorchestvo-2-klass-ksh (PDF (form not checked); other year (2012))",
222,2,Kyrgyz-medium,Музыка,Касей М. ж.б.,Музыка,Б.: Билим-компьютер,2013,2,PDF without text (scan),other year (2012),no,2,"https://bilim.akipress.org/lib/book:4/ (PDF without text (scan); other year (2012))
https://bilim.akipress.org/lib/book:179/ (PDF without text (scan); other year (2012))",
15,2,Russian-medium,Русский язык и чтение,"Климанова Л.Ф., Виноградская Л.А., Горецкий В.Г. Учебник адаптирован: Фадеева Г.Н., Дримблева Е.Ю.",Русский язык и чтение. Чтение (в 2-х частях),И: Просвещение,2025,2,"Login, paywall or library only",,no,1,"https://search.rsl.ru/ru/record/01015739043 (Login, paywall or library only; other year (2026))","Adapted Просвещение edition printed for the 2025 Russian donation; print only, no public e-version."
16,2,Russian-medium,Русский язык и чтение,"Климанова Л.Ф., Бабушкина Т.В. Учебник адаптирован: Фадеева Г.Н., Дримблева Е.Ю.",Русский язык и чтение. Русский язык (в 2-х частях),И: Просвещение,2025,2,"Login, paywall or library only",,no,1,"https://search.rsl.ru/ru/record/01013962247 (Login, paywall or library only; approved edition)","Adapted Просвещение edition printed for the 2025 Russian donation; print only, no public e-version."
17,2,Russian-medium,Русский язык и чтение,Бойкина М.,Русский язык и чтение. Азбука,И.: Аркус/Учкун,2024,2,Part or sample only,,no,1,https://arcus.kg/modules/mod_flipbook_48/tmpl/ (Part or sample only),New Аркус/Учкун edition; only publisher samples or shop listings online.
18,2,Russian-medium,Русский язык и чтение,"Даувальдер О., Качигулова В.",Русский язык,И.: Принт-Экспрес,2016,2,PDF without text (scan),year unknown,yes,3,"https://bilim.akipress.org/lib/book:83/ (PDF without text (scan); year unknown)
https://bilim.akipress.org/lib/book:203/ (PDF without text (scan); year unknown)
https://new.bizdin.kg/kniga/uchebnik-russkiy-yazyk-2-klass-rsh (PDF without text (scan))",
19,2,Russian-medium,Русский язык и чтение,"Озмитель Е., Власова И.",Книга для чтения,Книга для чтения [так в документе],2016,2,PDF with text,year unknown,yes,5,"https://bilim.akipress.org/lib/book:187/ (PDF with text; year unknown)
https://kitep.edu.kg/book/181/read (PDF without text (scan); other year (2017))
https://mektep.o.kg/books/1/?grade=2 (PDF without text (scan); year unknown)
https://bizdin.kg/uchebnik/kniga-dlya-chteniya-2-klass/ (View online only; year unknown)
https://new.bizdin.kg/kniga/uchebnik-kniga-dlya-chteniya-2-klass-rsh (PDF (form not checked); other year (2017))",
20,2,Russian-medium,Кыргызский язык и чтение,"Кенчиева Ч., Сарылбекова З. и др.",Кыргызский язык и чтение,И.: Альмерия,2013,2,PDF without text (scan),approved edition,yes,8,"https://kitep.edu.kg/book/56/read (PDF without text (scan); approved edition)
https://bilim.akipress.org/lib/book:80/ (PDF without text (scan); approved edition)
https://bilim.akipress.org/lib/book:81/ (PDF without text (scan); approved edition)
https://bilim.akipress.org/lib/book:231/ (PDF without text (scan); approved edition)
https://bilim.akipress.org/lib/book:232/ (PDF without text (scan); approved edition)
https://new.bizdin.kg/kniga/uchebnik-kyrgyzskiy-yazyk-chast-2-2-klass-rsh (PDF (form not checked); approved edition)
https://bilim.akipress.org/lib/book:184/ (PDF without text (scan); year unknown)
https://kitep.edu.kg/book/180/read (PDF without text (scan); other year (2012))",
21,2,Russian-medium,Математика,"Axel Tan, Koh Siew Geok and Dr Viya Kumari Ayadurai",Математика,И.: Учкун,2025,2,PDF without text (scan),other year (2026),no,2,"https://kitep.edu.kg/book/43/read (PDF without text (scan); other year (2026))
https://stem.edu.gov.kg/api/books/203 (Part or sample only; approved edition)",
22,2,Russian-medium,Математика,"Моро М., Волкова С., Степанова С. (для 1-х кл.)",Математика (в 2-х частях) Адаптированное издание,И.: Аркус/ST.art Ltd,2020-2022,2,"Login, paywall or library only",,no,1,"https://www.biblioteka.kg/book/1490 (Login, paywall or library only; other year (2019))",Adapted Моро edition (Аркус): not online. kitep.edu.kg/book/513 has a 2026 Моро edition for grade 3 only.
23,2,Russian-medium,Математика,Бекбоев И. и др.,Математика,И.: Учкун,2011,2,PDF without text (scan),approved edition,yes,2,"https://kitep.edu.kg/book/237/read (PDF without text (scan); approved edition)
https://bilim.akipress.org/lib/book:185/ (PDF without text (scan); year unknown)",
24,2,Russian-medium,Я и мир,Shireen Khanalim,Естествознание,И.: Учкун,2025,2,PDF without text (scan),other year (2026),no,3,"https://bizdin.kg/uchebnik/tabigyi-ilimder-men-zhana-duino-okuu-kitebi-2-klass-2025-oruscha/ (View online only; approved edition)
https://kitep.edu.kg/book/562/read (PDF without text (scan); other year (2026))
https://stem.edu.gov.kg/api/books/301 (Part or sample only; approved edition)",
25,2,Russian-medium,Я и мир,Мамбетова З.,Родиноведение,И.: Глобал-принт,2021,2,PDF without text (scan),year unknown,yes,1,https://mektep.o.kg/books/1/?grade=2 (PDF without text (scan); year unknown),
26,2,Russian-medium,Я и мир,Токтобаева Г.,Основы безопасности жизнедеятельности,И.: St.art Ltd,2019,2,Not online,,no,0,,Not found on any site.
27,2,Russian-medium,Изобразительное искусство и технология,Акматов Д. и др.,Изобразительно-художественное творчество,И.: Билим-компьютер,2013,2,PDF without text (scan),approved edition,yes,2,"https://kitep.edu.kg/book/59/read (PDF without text (scan); approved edition)
https://stem.edu.gov.kg/storage/books/166/pdf.pdf (PDF without text (scan))",
28,2,Russian-medium,Музыка,Касей М. и др.,Музыка,И.: Билим-компьютер,2013,2,PDF without text (scan),approved edition,yes,3,"https://kitep.edu.kg/book/58/read (PDF without text (scan); approved edition)
https://bizdin.kg/uchebnik/muzyka-2-klass-2013-oruscha/ (View online only; approved edition)
https://stem.edu.gov.kg/storage/books/225/pdf.pdf (PDF without text (scan))",
223,3,Kyrgyz-medium,Кыргыз тили жана окуу,"Рысбаев С., Исакова Ч.",Кыргыз тили,Б.: Билим-компьютер,2023,2,View online only,other year (2009),no,1,https://bizdin.kg/uchebnik/kyrgyz-tili-3-klass-2009-zh/ (View online only; other year (2009)),
224,3,Kyrgyz-medium,Кыргыз тили жана окуу,"Абдухамидова Б., Рысбаев С., Ибраимова К.",Адабий окуу,Б.: Полиграфбумресурсы,2014,2,Our reader: exact text,approved edition,yes,5,"https://rinatius.github.io/el-kitep/#/read/kg-adabiy-okuu-3 (Our reader: exact text; approved edition)
https://kitep.edu.kg/book/60/read (PDF with text; approved edition)
https://bizdin.kg/uchebnik/adabii-okuu-3-klass-2014/ (View online only; approved edition)
https://mektep.o.kg/books/13/?grade=3 (PDF with text; year unknown)
https://bizdin.kg/uchebnik/kyrgyz-tili-3-klass-2009-zh/ (View online only; other year (2009))",
225,3,Kyrgyz-medium,Кыргыз тили жана окуу,"Токтомаметов А., Субанова Б.",Адабий окуу,Б.: Мамлекеттик тил жана энциклопедия борбору/ Полиграфбумресурсы,2009,2,View online only,year unknown,no,1,https://bizdin.kg/uchebnik/adabii-okuu-3-klass/ (View online only; year unknown),
226,3,Kyrgyz-medium,Русский язык и чтение,"Булатова В., Мусаева Ч., Шеримбекова А.","Русский язык и чтение (1, 2 часть)",Б.: St.art Ltd,2013,2,Our reader: exact text,other year (2014),yes,10,"https://rinatius.github.io/el-kitep/#/read/kg-russkiy-yazyk-i-chtenie-3-1 (Our reader: exact text; other year (2014))
https://rinatius.github.io/el-kitep/#/read/kg-russkiy-yazyk-i-chtenie-3-2 (Our reader: exact text; other year (2014))
https://kitep.edu.kg/book/71/read (Part or sample only; approved edition)
https://kitep.edu.kg/book/72/read (PDF without text (scan); approved edition)
https://bilim.akipress.org/lib/book:18/ (PDF with text; year unknown)
https://bilim.akipress.org/lib/book:19/ (PDF with text; year unknown)
https://bilim.akipress.org/lib/book:22/ (PDF with text; year unknown)
https://bilim.akipress.org/lib/book:23/ (PDF with text; year unknown)
https://bilim.akipress.org/lib/book:209/ (PDF with text; year unknown)
https://mektep.o.kg/books/13/?grade=3 (PDF without text (scan); year unknown)",
227,3,Kyrgyz-medium,Чет тил,Джейн Томпсон,Start with English (Pre-starter),Б.: Учкун,2025,2,PDF with text,approved edition,yes,2,"https://kitep.edu.kg/book/5/read (PDF with text; approved edition)
https://kitep.edu.kg/book/271/read (PDF with text; approved edition)",
228,3,Kyrgyz-medium,Чет тил,"Фатнева А., Цуканова Н., Назарбекова Г.",Англис тили,Б.: Аркус,2018,2,PDF with text,approved edition,yes,4,"https://kitep.edu.kg/book/73/read (PDF with text; approved edition)
https://new.bizdin.kg/kniga/uchebnik-angliyskiy-yazyk-3-klass-ksh (PDF (form not checked); approved edition)
https://bizdin.kg/uchebnik/anglis-tili-3-klass-2018/ (View online only; approved edition)
https://new.bizdin.kg/kniga/uchebnik-angliyskiy-yazyk-3-klass-ksh- (PDF (form not checked); approved edition)",
229,3,Kyrgyz-medium,Математика,"Phoon Shih Jie, Hartini Abdul Rahman-Lai, Michelle Choo, Amanda O'Shea",Математика,Б.: Учкун,2026,2,PDF without text (scan),approved edition,yes,3,"https://kitep.edu.kg/book/472/read (PDF without text (scan); approved edition)
https://kitep.edu.kg/book/473/read (PDF without text (scan); approved edition)
https://bizdin.kg/uchebnik/matematika-okuu-kitebi-3-klass-2026/ (View online only; approved edition)",
230,3,Kyrgyz-medium,Математика,"Бекбоев И., Ибраева Н.",Математика,Б.: Билим-компьютер,2015,2,PDF with text (OCR or old font),approved edition,yes,5,"https://kitep.edu.kg/book/238/read (PDF with text (OCR or old font); approved edition)
https://bilim.akipress.org/lib/book:138/ (PDF with text (OCR or old font); approved edition)
https://okuma.kg/books.php?id=731 (PDF without text (scan); approved edition)
https://new.bizdin.kg/kniga/uchebnik-matematika-3-klass-kyrgyz-klass (PDF (form not checked); approved edition)
https://mektep.o.kg/books/13/?grade=3 (PDF with text (OCR or old font); year unknown)",
231,3,Kyrgyz-medium,Математика,"Моро М., Волкова С., Степанова С.","Математика (1, 2-бөлүк) Адаптацияланган басылышы",Б.: Аркус/ST.art Ltd,2020-2023,2,Part or sample only,,no,1,https://stem.edu.gov.kg/api/books/107 (Part or sample only),Not online.
232,3,Kyrgyz-medium,Мен жана дүйнө,"Bushra Malik, Natasha Mehta, Shireen Khanalim, Teo Tang Wee",Табигый илимдер,Б.: Учкун,2026,3,PDF without text (scan),approved edition,yes,3,"https://kitep.edu.kg/book/482/read (PDF without text (scan); approved edition)
https://kitep.edu.kg/book/483/read (PDF without text (scan); approved edition)
https://bizdin.kg/uchebnik/tabigyi-ilimder-men-zhana-duino-okuu-kitebi-3-klass-2026/ (View online only; approved edition)",
233,3,Kyrgyz-medium,Мен жана дүйнө,"Бухова Е., Солошенко О., Шаповалова Е.",Мекен таануу,Б.: Аркус,2015,3,Our reader: exact text,approved edition,yes,6,"https://rinatius.github.io/el-kitep/#/read/kg-meken-taanuu-3 (Our reader: exact text; approved edition)
https://kitep.edu.kg/book/493/read (PDF without text (scan); approved edition)
https://bizdin.kg/uchebnik/meken-tanuu-3-klass-2015/ (View online only; approved edition)
https://mektep.o.kg/books/13/?grade=3 (PDF without text (scan); year unknown)
https://new.bizdin.kg/kniga/uchebnik-rodinovedenie-3-klass-ksh (PDF (form not checked); year unknown)
https://bilim.akipress.org/lib/book:160/ (PDF with text; approved edition)",
234,3,Kyrgyz-medium,Мен жана дүйнө,Мамбетова З.,Мекен таануу,Б.: Глобал-принт,2021,3,PDF without text (scan),year unknown,yes,1,https://mektep.o.kg/books/13/?grade=3 (PDF without text (scan); year unknown),
235,3,Kyrgyz-medium,Мен жана дүйнө,Токтобаева Г.,Турмуш-тиричилик коопсуздугунун негиздери,Б.: St.art Ltd,2019,3,Not online,,no,0,,Not found on any site.
236,3,Kyrgyz-medium,Көркөм өнөр,"Акматов Д., Багдасарян А.",Көркөм өнөр,Б.: Билим-компьютер,2015,3,Our reader: exact text,approved edition,yes,5,"https://rinatius.github.io/el-kitep/#/read/kg-korkom-onor-3 (Our reader: exact text; approved edition)
https://kitep.edu.kg/book/239/read (PDF with text; approved edition)
https://new.bizdin.kg/kniga/uchebnik-iskusstvo-3-klass-ksh (PDF (form not checked); approved edition)
https://bilim.akipress.org/lib/book:133/ (PDF with text; year unknown)
https://kitep.edu.kg/book/494/read (PDF with text; other year (2018))",
237,3,Kyrgyz-medium,Музыка,"Касей М., Шамбетова К., Шакирова А.",Музыка,Б.: Билим-компьютер,2015,3,Our reader: exact text,approved edition,yes,3,"https://rinatius.github.io/el-kitep/#/read/kg-muzyka-3 (Our reader: exact text; approved edition)
https://kitep.edu.kg/book/95/read (PDF with text; approved edition)
https://bilim.akipress.org/lib/book:136/ (PDF with text; year unknown)",
29,3,Russian-medium,Русский язык и чтение,"Даувальдер О., Никишкова Л.",Русский язык,И.: Азур,2013,2,PDF without text (scan),year unknown,yes,3,"https://bilim.akipress.org/lib/book:29/ (PDF without text (scan); year unknown)
https://bilim.akipress.org/lib/book:64/ (PDF without text (scan); year unknown)
https://new.bizdin.kg/kniga/uchebnik-russkiy-yazyk-3-klass-rsh (PDF (form not checked); other year (2014))",
30,3,Russian-medium,Русский язык и чтение,"Озмитель Е., Власова И.",Книга для чтения,И.: St.art Ltd,2013,2,PDF without text (scan),year unknown,yes,1,https://bilim.akipress.org/lib/book:21/ (PDF without text (scan); year unknown),
31,3,Russian-medium,Кыргызский язык и чтение,"Буйлякеева Р., Алыпсатарова А. и др.",Кыргызский язык и чтение,И.: KIRLand,2013,2,PDF without text (scan),approved edition,yes,3,"https://bilim.akipress.org/lib/book:148/ (PDF without text (scan); approved edition)
https://bilim.akipress.org/lib/book:150/ (PDF without text (scan); approved edition)
https://kitep.edu.kg/book/184/read (PDF without text (scan); other year (2025))",
32,3,Russian-medium,Иностранный язык,Джейн Томпсон,Start with English (Pre-starter),И.: Учкун,2025,2,PDF with text,approved edition,yes,2,"https://kitep.edu.kg/book/6/read (PDF with text; approved edition)
https://kitep.edu.kg/book/270/read (PDF with text; approved edition)",
33,3,Russian-medium,Иностранный язык,"Фатнева А., Цуканова Н., Назарбекова Г.",Английский язык,И.: Аркус,2018,2,PDF with text,approved edition,yes,4,"https://bizdin.kg/uchebnik/angliskii-iazyk-3-klass-2018-oruscha/ (View online only; approved edition)
https://kitep.edu.kg/book/183/read (PDF with text; approved edition)
https://new.bizdin.kg/kniga/uchebnik-angliyskiy-yazyk-3-klass-rsh- (PDF (form not checked); approved edition)
https://mektep.o.kg/books/2/?grade=3 (PDF with text; year unknown)",
34,3,Russian-medium,Математика,"Phoon Shih Jie, Hartini Abdul Rahman-Lai, Michelle Choo, Amanda O'Shea",Математика,И.: Учкун,2026,2,PDF without text (scan),approved edition,yes,4,"https://kitep.edu.kg/book/470/read (PDF without text (scan); approved edition)
https://kitep.edu.kg/book/471/read (PDF without text (scan); approved edition)
https://kitep.edu.kg/book/513/read (PDF without text (scan); approved edition)
https://bizdin.kg/uchebnik/matematika-okuu-kitebi-3-klass-2026-oruscha/ (View online only; approved edition)",
35,3,Russian-medium,Математика,Бекбоев И. и др.,Математика,И.: Учкун,2011,2,Other language only,,no,1,https://kitep.edu.kg/book/238/read (Other language only),"Only the Kyrgyz-language edition is online (kitep.edu.kg, https://kitep.edu.kg/book/238/read)."
36,3,Russian-medium,Математика,Моро М. и др.,Математика (в 2-х частях) Адаптированное издание,И.: Аркус/ St.art Ltd,2020-2021,2,Not online,,no,0,,
37,3,Russian-medium,Я и мир,"Bushra Malik, Natasha Mehta, Shireen Khanalim, Teo Tang Wee",Естественные науки,И.: Учкун,2026,3,PDF without text (scan),approved edition,yes,3,"https://kitep.edu.kg/book/479/read (PDF without text (scan); approved edition)
https://kitep.edu.kg/book/480/read (PDF without text (scan); approved edition)
https://bizdin.kg/uchebnik/tabigyi-ilimder-men-zhana-duino-okuu-kitebi-3-klass-2026-oruscha/ (View online only; approved edition)",
38,3,Russian-medium,Я и мир,"Бухова Е., Солошенко О. и др.",Родиноведение,И.: Аркус,2015,3,Our reader: exact text,approved edition,yes,3,"https://rinatius.github.io/el-kitep/#/read/ru-rodinovedenie-3 (Our reader: exact text; approved edition)
https://kitep.edu.kg/book/514/read (PDF with text; other year (2026))
https://bizdin.kg/uchebnik/meken-taanuu-3-klass-2013-oruscha/ (View online only; other year (2013))",
39,3,Russian-medium,Я и мир,Мамбетова З.,Родиноведение,И.: Глобал-принт,2021,3,Not online,,no,0,,
40,3,Russian-medium,Я и мир,Токтобаева Г.,Основы безопасности жизнедеятельности,И.: St.art Ltd,2019,3,Not online,,no,0,,Not found on any site.
41,3,Russian-medium,Изобразительно-художественное творчество,"Акматов Д., Багдасарян А.",Изобразительно-художественное творчество,И.: Билим-компьютер,2014,3,PDF with text,year unknown,yes,2,"https://bilim.akipress.org/lib/book:133/ (PDF with text; year unknown)
https://kitep.edu.kg/book/241/read (PDF without text (scan); other year (2013))",
42,3,Russian-medium,Музыка,Касей М. и др.,Музыка,И.: Билим-компьютер,2015,3,Our reader: exact text,approved edition,yes,3,"https://rinatius.github.io/el-kitep/#/read/ru-muzyka-3 (Our reader: exact text; approved edition)
https://bilim.akipress.org/lib/book:136/ (PDF with text; year unknown)
https://kitep.edu.kg/book/240/read (PDF with text; other year (2013))",
238,4,Kyrgyz-medium,Кыргыз тили жана окуу,Шаелдаева С. ж.б.,Кыргыз тили,Б.: Учкун,2023,3,Not online,,no,0,,
239,4,Kyrgyz-medium,Кыргыз тили жана окуу,"Рысбаев С., Ибраимова К., Абдухамидова Б.",Адабий окуу,Б.: Аркус,2015,3,Our reader: exact text,approved edition,yes,6,"https://rinatius.github.io/el-kitep/#/read/kg-adabiy-okuu-4 (Our reader: exact text; approved edition)
https://kitep.edu.kg/book/66/read (PDF with text; approved edition)
https://bilim.akipress.org/lib/book:149/ (PDF with text; approved edition)
https://bilim.akipress.org/lib/book:141/ (PDF with text; approved edition)
https://bizdin.kg/uchebnik/adabii-okuu-4-klass/ (View online only; year unknown)
https://mektep.o.kg/books/14/?grade=4 (PDF with text; year unknown)",
240,4,Kyrgyz-medium,Кыргыз тили жана окуу,"Токтомаметов А., Субанова Б.",Адабий окуу,Б.: Мамлекеттик тил жана энциклопедия борбору/Полиграфбумресурсы,2009,3,Not online,,no,0,,
241,4,Kyrgyz-medium,Русский язык и чтение,"Задорожная Н., Мусаева Ч., Таирова Г.",Русский язык и чтение,Б.: Аркус,2015,3,Our reader: exact text,approved edition,yes,4,"https://rinatius.github.io/el-kitep/#/read/kg-russkiy-yazyk-4 (Our reader: exact text; approved edition)
https://kitep.edu.kg/book/65/read (PDF with text; approved edition)
https://bilim.akipress.org/lib/book:109/ (PDF with text; year unknown)
https://mektep.o.kg/books/14/?grade=4 (PDF with text; year unknown)",
242,4,Kyrgyz-medium,Чет тил,"Фрэнсис Трелоар, Стив Томпсон, Джейн Томпсон",Take Off with English,Б.: Учкун,2025,3,PDF with text,approved edition,yes,3,"https://kitep.edu.kg/book/175/read (PDF with text; approved edition)
https://kitep.edu.kg/book/275/read (PDF with text; approved edition)
https://kitep.edu.kg/book/393/read (PDF with text; approved edition)",
243,4,Kyrgyz-medium,Чет тил,"Цуканова Н., Фатнева А., Жолчиева А.",Англис тили,Б.: Аркус,2018,3,PDF with text,approved edition,yes,3,"https://kitep.edu.kg/book/69/read (PDF with text; approved edition)
https://new.bizdin.kg/kniga/uchebnik-angliyskiy-yazyk-4-klass-ksh (PDF (form not checked); approved edition)
https://bizdin.kg/uchebnik/anglis-tili-4-klass-2018/ (View online only; approved edition)",
244,4,Kyrgyz-medium,Математика,"Axel Tan, Niel Patrick Condino, Dr Amanda O'Shea and Joyce Ng",Математика,,2026,3,Not online,,no,0,,Not found on any site we checked.
245,4,Kyrgyz-medium,Математика,Бекбоев И.,Математика,Б.: Билим-компьютер,2009,3,PDF without text (scan),approved edition,yes,5,"https://kitep.edu.kg/book/63/read (PDF without text (scan); approved edition)
https://new.bizdin.kg/kniga/uchebnik-matematika-4-klass-ksh (PDF (form not checked); approved edition)
https://bizdin.kg/uchebnik/matematika-4-klass-2009/ (View online only; approved edition)
https://mektep.o.kg/books/14/?grade=4 (PDF without text (scan); year unknown)
https://okuma.kg/books.php?id=733 (PDF without text (scan); other year (2002))",
246,4,Kyrgyz-medium,Математика,"Моро М., Волкова С., Степанова С.","Математика (1, 2-бөлүк) Адаптацияланган басылышы",Б.: Аркус/ST.art Ltd,2020-2022,3,Not online,,no,0,,Adapted Моро edition (Аркус): not online. kitep.edu.kg/book/513 has a 2026 Моро edition for grade 3 only.
247,4,Kyrgyz-medium,Мен жана дүйнө,"Бухова Е., Солошенко О., Шаповалова Е.",Мекен таануу,Б.: Аркус,2015,3,Our reader: exact text,approved edition,yes,6,"https://rinatius.github.io/el-kitep/#/read/kg-meken-taanuu-4 (Our reader: exact text; approved edition)
https://kitep.edu.kg/book/88/read (PDF with text; approved edition)
https://bilim.akipress.org/lib/book:113/ (PDF with text; year unknown)
https://mektep.o.kg/books/14/?grade=4 (PDF with text (OCR or old font); year unknown)
https://new.bizdin.kg/kniga/uchebnik-rodinovedenie-4-klass-ksh-2015 (PDF (form not checked); other year (2016))
https://bizdin.kg/uchebnik/meken-taanuu-4-klass/ (View online only; year unknown)",
248,4,Kyrgyz-medium,Мен жана дүйнө,Мамбетова З.,Мекен таануу,Б.: Глобал-принт,2021,3,PDF without text (scan),year unknown,yes,2,"https://mektep.o.kg/books/14/?grade=4 (PDF without text (scan); year unknown)
https://bizdin.kg/uchebnik/meken-taanuu-aalam-zhana-biz-4-klass/ (View online only; year unknown)",
249,4,Kyrgyz-medium,Мен жана дүйнө,Токтобаева Г.,Турмуш-тиричилик коопсуздугунун негиздери,Б.: St.art Ltd,2019,3,Not online,,no,0,,Not found on any site.
250,4,Kyrgyz-medium,Көркөм өнөр,"Акматов Д., Багдасарян А.",Көркөм өнөр,Б.: Билим-компьютер,2015,3,PDF without text (scan),approved edition,yes,4,"https://kitep.edu.kg/book/61/read (PDF without text (scan); approved edition)
https://new.bizdin.kg/kniga/uchebnik-iskusstvo-4-klass-ksh- (PDF (form not checked); approved edition)
https://new.bizdin.kg/kniga/uchebnik-iskusstvo-4-klass-ksh (PDF (form not checked); approved edition)
https://mektep.o.kg/books/14/?grade=4 (PDF without text (scan); year unknown)",
251,4,Kyrgyz-medium,Музыка,"Касей М., Шамбетова К., Шакирова А.",Музыка,Б.: Билим-компьютер,2015,3,Our reader: exact text,approved edition,yes,7,"https://rinatius.github.io/el-kitep/#/read/kg-muzyka-4 (Our reader: exact text; approved edition)
https://kitep.edu.kg/book/57/read (PDF with text; approved edition)
https://bilim.akipress.org/lib/book:172/ (PDF with text; year unknown)
https://bilim.akipress.org/lib/book:175/ (PDF with text; year unknown)
https://bizdin.kg/uchebnik/muzyka-4-klass/ (View online only; year unknown)
https://new.bizdin.kg/kniga/uchebnik-muzyka-4-klass-ksh (PDF (form not checked); approved edition)
https://mektep.o.kg/books/14/?grade=4 (PDF with text; year unknown)",
43,4,Russian-medium,Русский язык и чтение,"Калюжная Л., Качигулова В.",Русский язык,И.: Аркус,2015,3,PDF without text (scan),approved edition,yes,5,"https://kitep.edu.kg/book/244/read (PDF without text (scan); approved edition)
https://new.bizdin.kg/kniga/uchebnik-russkiy-yazyk-4-klass-rsh (PDF (form not checked); approved edition)
https://bizdin.kg/uchebnik/russkii-iazyk-4-klass-2015-oruscha/ (View online only; approved edition)
https://mektep.o.kg/books/3/?grade=4 (PDF without text (scan); year unknown)
https://biblioteka.kg/book/1405 (Login, paywall or library only; approved edition)",
44,4,Russian-medium,Русский язык и чтение,"Озмитель Е., Власова И.",Книга для чтения,И.: Аркус,2015,3,PDF without text (scan),approved edition,yes,4,"https://kitep.edu.kg/book/245/read (Wrong file; approved edition)
https://new.bizdin.kg/kniga/uchebnik-chtenie-4-klass-rsh (PDF without text (scan); approved edition)
https://mektep.o.kg/books/3/?grade=4 (PDF without text (scan); year unknown)
https://www.biblioteka.kg/book/1406 (Login, paywall or library only; approved edition)",
45,4,Russian-medium,Кыргызский язык и чтение,"Буйлякеева Р., Момункулова З.",Кыргызский язык и чтение,И.: Аркус,2015,3,PDF with text,year unknown,yes,2,"https://kitep.edu.kg/book/510/read (PDF without text (scan); approved edition)
https://bilim.akipress.org/lib/book:174/ (PDF with text; year unknown)",
46,4,Russian-medium,Иностранный язык,"Фрэнсис Трелоар, Стив Томпсон, Джейн Томпсон",Take Off with English,И.: Учкун,2025,3,PDF with text,approved edition,yes,3,"https://kitep.edu.kg/book/2/read (PDF with text; approved edition)
https://kitep.edu.kg/book/274/read (PDF with text; approved edition)
https://kitep.edu.kg/book/392/read (PDF with text; approved edition)",
47,4,Russian-medium,Иностранный язык,"Цуканова Н., Фатнева А., Жолчиева А.",Английский язык,И.: Аркус,2018,3,PDF with text,approved edition,yes,2,"https://kitep.edu.kg/book/64/read (PDF with text; approved edition)
https://new.bizdin.kg/kniga/uchebnik-angliyskiy-yazyk-4-klass-rsh- (PDF (form not checked); approved edition)",
48,4,Russian-medium,Математика,"Axel Tan, Niel Patrick Condino, Dr Amanda O'Shea and Joyce Ng",Математика,,2026,3,Not online,,no,0,,Not found on any site we checked.
49,4,Russian-medium,Математика,"Бекбоев И., Ибраева Н.",Математика,И.: Aditi,2011,3,Other language only,,no,1,https://kitep.edu.kg/book/63/read (Other language only),"Only the Kyrgyz-language edition is online (kitep.edu.kg, https://kitep.edu.kg/book/63/read)."
50,4,Russian-medium,Математика,Моро М. и др,Математика (в 2-х частях) Адаптированное издание,И.: Аркус/ St.art Ltd,2020-2021,3,Not online,,no,0,,Adapted Моро edition (Аркус): not online. kitep.edu.kg/book/513 has a 2026 Моро edition for grade 3 only.
51,4,Russian-medium,Я и мир,Бухова Е. и др.,Родиноведение,И.: Аркус,2015,3,PDF with text,year unknown,yes,4,"https://kitep.edu.kg/book/68/read (PDF without text (scan); approved edition)
https://new.bizdin.kg/kniga/uchebnik-rodinovedenie-4-klass-rsh- (PDF (form not checked); approved edition)
https://bilim.akipress.org/lib/book:113/ (PDF with text; year unknown)
https://mektep.o.kg/books/3/?grade=4 (PDF without text (scan); year unknown)",
52,4,Russian-medium,Я и мир,Мамбетова З.,Родиноведение,И.: Глобал-принт,2021,3,Not online,,no,0,,
53,4,Russian-medium,Я и мир,Токтобаева Г.,Основы безопасности жизнедеятельности,И.: St.art Ltd,2019,3,Not online,,no,0,,Not found on any site.
54,4,Russian-medium,Изобразительно-художественное творчество,Акматов Д. и др.,Изобразительно-художественное творчество,И.: Билим-компьютер,2015,3,PDF without text (scan),approved edition,yes,2,"https://kitep.edu.kg/book/62/read (PDF without text (scan); approved edition)
https://new.bizdin.kg/kniga/uchebnik-khuzhozhestvenno-izobrazitelnoe-tvorchestvo-4-klass-rsh (PDF (form not checked); approved edition)",
55,4,Russian-medium,Музыка,Касей М. и др.,Музыка,И.: Билим-компьютер,2015,3,PDF with text,year unknown,yes,5,"https://kitep.edu.kg/book/67/read (PDF without text (scan); approved edition)
https://new.bizdin.kg/kniga/uchebnik-muzyka-4-klass-rsh (PDF (form not checked); approved edition)
https://bizdin.kg/uchebnik/muzyka-4-klass-2015-oruscha/ (View online only; approved edition)
https://bilim.akipress.org/lib/book:172/ (PDF with text; year unknown)
https://bilim.akipress.org/lib/book:175/ (PDF with text; year unknown)",
252,5,Kyrgyz-medium,Кыргыз тили,"Койлубаева А., Койлубаева А.",Кыргыз тили,Б.: Билим-компьютер,2018,4,Our reader: exact text,other year (2015),yes,7,"https://rinatius.github.io/el-kitep/#/read/kg-kyrgyz-tili-5 (Our reader: exact text; other year (2015))
https://new.bizdin.kg/kniga/uchebnik-kyrgyzskiy-yazyk-5-klass-ksh- (PDF (form not checked); approved edition)
https://mektep.o.kg/books/15/?grade=5 (PDF with text; year unknown)
https://kitep.edu.kg/book/131/read (PDF with text; other year (2015))
https://okuma.kg/books.php?id=197 (PDF without text (scan); other year (2015))
https://new.bizdin.kg/kniga/uchebnik-kyrgyzskiy-yazyk-5-klass-ksh (PDF (form not checked); other year (2015))
https://bizdin.kg/uchebnik/kyrgyz-tili-5-klass-2015/ (View online only; other year (2015))",
253,5,Kyrgyz-medium,Кыргыз тили,"Осмонкулов Б., Өмүралиев Б.",Кыргыз тили,Б.: Билим-компьютер,2007,4,Not online,,no,0,,Not found on any site we checked.
254,5,Kyrgyz-medium,Кыргыз адабияты,"Муратов А., Асакеева Р. ж.б.",Кыргыз адабияты,Б.: Билим-компьютер,2018,4,Our reader: exact text,approved edition,yes,4,"https://rinatius.github.io/el-kitep/#/read/kg-kyrgyz-adabiyaty-5 (Our reader: exact text; approved edition)
https://kitep.edu.kg/book/519/read (PDF with text; approved edition)
https://new.bizdin.kg/kniga/uchebnik-kyrgyzskaya-literatura-5-klass-ksh (PDF (form not checked); approved edition)
https://mektep.o.kg/books/15/?grade=5 (PDF with text; year unknown)",
255,5,Kyrgyz-medium,Русский язык и чтение,"Задорожная Н.П., Булатова В.А., Чепекова Г.С.","Русский язык и чтение (1, 2 часть)",Б: Просвещение,2025,4,Our reader: exact text,approved edition,yes,4,"https://rinatius.github.io/el-kitep/#/read/kg-russkiy-yazyk-i-chtenie-5-1 (Our reader: exact text; approved edition)
https://rinatius.github.io/el-kitep/#/read/kg-russkiy-yazyk-i-chtenie-5-2 (Our reader: exact text; approved edition)
https://mektep.o.kg/books/15/?grade=5 (PDF without text (scan); year unknown)
https://stem.edu.gov.kg/api/books/553 (PDF with text)",
256,5,Kyrgyz-medium,Русский язык и чтение,"Задорожная Н., Идрисова Н., Таирова Г.",Русский язык,Б.: Аркус,2018,4,Our reader: exact text,approved edition,yes,3,"https://rinatius.github.io/el-kitep/#/read/kg-russkiy-yazyk-5 (Our reader: exact text; approved edition)
https://kitep.edu.kg/book/133/read (PDF without text (scan); approved edition)
https://mektep.o.kg/books/15/?grade=5 (PDF without text (scan); year unknown)",
257,5,Kyrgyz-medium,Русская литература,"Каменецкая В., Каменецкая Н.","Русское слово (1, 2 часть)",Б.: Билим куту,2010,4,PDF without text (scan),approved edition,yes,3,"https://kitep.edu.kg/book/126/read (PDF without text (scan); approved edition)
https://kitep.edu.kg/book/128/read (PDF without text (scan); approved edition)
https://mektep.o.kg/books/15/?grade=5 (PDF without text (scan); year unknown)",
258,5,Kyrgyz-medium,Чет тил,"Фрэнсис Трелоар, Стив Томпсон, Джейн Томпсон",Take Off with English,Б.: Учкун,2025,4,PDF with text,approved edition,yes,4,"https://kitep.edu.kg/book/9/read (PDF without text (scan); approved edition)
https://kitep.edu.kg/book/279/read (PDF without text (scan); approved edition)
https://kitep.edu.kg/book/371/read (PDF with text; approved edition)
https://kitep.edu.kg/book/402/read (PDF with text; approved edition)",
259,5,Kyrgyz-medium,Чет тил,"Абдышева Ч., Балута О., Фатнева А., Цуканова Н.",Англис тили,Б.: Аркус,2017,4,PDF with text,approved edition,yes,2,"https://kitep.edu.kg/book/136/read (PDF with text; approved edition)
https://bizdin.kg/uchebnik/angliiskii-iazyk/ (View online only; year unknown)",
260,5,Kyrgyz-medium,Тарых,"Осмонов Ө., Керимова Ш., Жыргалбекова Г.",Кыргызстандын жана дүйнөнүн тарыхы,Б.: Билим-компьютер,2018,4,PDF without text (scan),year unknown,yes,1,https://mektep.o.kg/books/15/?grade=5 (PDF without text (scan); year unknown),
261,5,Kyrgyz-medium,Тарых,Доталиев А. ж.б.,Кыргызстандын тарыхы боюнча кыскача аңгемелер,Б.: Билим-компьютер,2009,4,PDF without text (scan),approved edition,yes,3,"https://kitep.edu.kg/book/124/read (PDF without text (scan); approved edition)
https://okuma.kg/books.php?id=189 (PDF without text (scan); approved edition)
https://bizdin.kg/uchebnik/kyrgyzstandyn-tarykhy-boiuncha-kyskacha-angemeler-5-klass-2009/ (View online only; approved edition)",
262,5,Kyrgyz-medium,Мен жана дүйнө,"Осмонов Ө., Керимова Ш. ж.б.",Адам жана коом,Б.: Билим-компьютер,2018,4,Our reader: exact text,approved edition,yes,1,https://rinatius.github.io/el-kitep/#/read/kg-adam-jana-koom-5 (Our reader: exact text; approved edition),
263,5,Kyrgyz-medium,Математика,Toh Tin Lam,Математика,Б.: Учкун,2025,4,PDF with text,approved edition,yes,4,"https://kitep.edu.kg/book/50/read (PDF without text (scan); approved edition)
https://kitep.edu.kg/book/328/read (PDF with text; approved edition)
https://bizdin.kg/uchebnik/matematika_5_rt_kyrg_8-10-5-klass-2025/ (View online only; approved edition)
https://stem.edu.gov.kg/api/books/315 (Part or sample only; approved edition)",
264,5,Kyrgyz-medium,Математика,Кыдыралиев С. ж.б.,Математика,Б.: Аркус,2018,4,PDF without text (scan),approved edition,yes,2,"https://kitep.edu.kg/book/135/read (PDF without text (scan); approved edition)
https://new.bizdin.kg/kniga/uchebnik-matematika-5-klass-ksh (PDF (form not checked); approved edition)",
265,5,Kyrgyz-medium,Математика,Бекбоев И. ж.б.,Математика,Б.: Билим-компьютер,2015,4,PDF without text (scan),approved edition,yes,4,"https://okuma.kg/books.php?id=159 (PDF without text (scan); approved edition)
https://new.bizdin.kg/kniga/uchebnik-matematika-5-klass-kshk- (PDF (form not checked); approved edition)
https://bizdin.kg/uchebnik/matematika-5-klass/ (View online only; year unknown)
https://bilim.akipress.org/lib/book:168/ (PDF without text (scan); approved edition)",
266,5,Kyrgyz-medium,Информатика,Орускулов Т. ж.б.,Информатика,Б.: Билим-компьютер,2018,4,Our reader: exact text,approved edition,yes,4,"https://rinatius.github.io/el-kitep/#/read/kg-informatika-5 (Our reader: exact text; approved edition)
https://kitep.edu.kg/book/137/read (PDF with text; approved edition)
https://new.bizdin.kg/kniga/uchebnik-informatika-5-klass-ksh (PDF (form not checked); approved edition)
https://mektep.o.kg/books/15/?grade=5 (PDF with text; year unknown)",
267,5,Kyrgyz-medium,Информатика,"Беляев А., Цыбуля И., Осипова Н. ж.б.",Информатика 5 – 6-кл.,"Б.: ""Сорос-Кыргызстан"" фонду",2018,4,PDF with text,approved edition,yes,2,"https://okuma.kg/books.php?id=937 (PDF with text; approved edition)
https://okuma.kg/books.php?id=946 (PDF with text; other year (2020))",
268,5,Kyrgyz-medium,Табигый илимдер,Alexander Gray,Табигый илимдер – Мен жана дүйнө,Б.: Учкун,2026,4,PDF without text (scan),approved edition,yes,2,"https://kitep.edu.kg/book/558/read (PDF without text (scan); approved edition)
https://stem.edu.gov.kg/api/books/173 (Part or sample only; other year (2025))",
269,5,Kyrgyz-medium,Технология,Мамбеталиев Ч. ж.б.,Технология,Б.: Билим-компьютер,2018,4,Our reader: exact text,approved edition,yes,4,"https://rinatius.github.io/el-kitep/#/read/kg-tehnologiya-5 (Our reader: exact text; approved edition)
https://kitep.edu.kg/book/516/read (PDF with text; approved edition)
https://new.bizdin.kg/kniga/uchebnik-tekhnologiya-5-klass-ksh (PDF (form not checked); approved edition)
https://mektep.o.kg/books/15/?grade=5 (PDF with text; year unknown)",
270,5,Kyrgyz-medium,Көркөм өнөр,"Акматов Д., Орозбаев А.",Көркөм өнөр,Б.: Билим-компьютер,2018,4,PDF with text,year unknown,yes,1,https://mektep.o.kg/books/15/?grade=5 (PDF with text; year unknown),
271,5,Kyrgyz-medium,Музыка,"Муратова А., Артыков К.",Музыка,Б.: Билим-компьютер,2018,4,Our reader: exact text,approved edition,yes,4,"https://rinatius.github.io/el-kitep/#/read/kg-muzyka-5 (Our reader: exact text; approved edition)
https://kitep.edu.kg/book/509/read (PDF with text; approved edition)
https://new.bizdin.kg/kniga/uchebnik-muzyka-5-klass-ksh (PDF (form not checked); approved edition)
https://mektep.o.kg/books/15/?grade=5 (PDF with text; year unknown)",
56,5,Russian-medium,Русский язык,"Ладыженская Т.А., Баранов М.Т., Тростенцова Л.А. и др. Учебник адаптирован: Коминарец Н.Д., Матохина Т.А.",Русский язык (в 2-х частях),И.: Просвещение,2025,3,"Login, paywall or library only",,no,1,"https://search.rsl.ru/ru/record/01013810967 (Login, paywall or library only; approved edition)","Adapted Просвещение edition printed for the 2025 Russian donation; print only, no public e-version."
57,5,Russian-medium,Русский язык,"Бреусенко Л., Матохина Т. и др.",Русский язык,И.: Аркус,2018,3,Our reader: exact text,approved edition,yes,5,"https://rinatius.github.io/el-kitep/#/read/ru-russkiy-yazyk-5 (Our reader: exact text; approved edition)
https://kitep.edu.kg/book/74/read (PDF with text; approved edition)
https://new.bizdin.kg/kniga/uchebnik-russkiy-yazyk-5-klass-rsh (PDF (form not checked); approved edition)
https://bizdin.kg/uchebnik/russkii-iazyk-5-klass-2018-oruscha/ (View online only; approved edition)
https://mektep.o.kg/books/4/?grade=5 (PDF with text; year unknown)",
58,5,Russian-medium,Русская литература,"Коровина В.Я., Журавлев В.П., Коровин В.И., Низовская И.А., Ешенова Н.А.",Русская литература (в 2-х частях),И.: Просвещение,2025,3,"Login, paywall or library only",,no,1,"https://search.rsl.ru/ru/record/01013816583 (Login, paywall or library only; approved edition)","Adapted Просвещение edition printed for the 2025 Russian donation; print only, no public e-version."
59,5,Russian-medium,Русская литература,Озмитель Е. и др.,Русская литература,И.: Аркус,2018,4,Our reader: exact text,approved edition,yes,6,"https://rinatius.github.io/el-kitep/#/read/ru-russkaya-literatura-5 (Our reader: exact text; approved edition)
https://kitep.edu.kg/book/87/read (PDF with text; approved edition)
https://kitep.edu.kg/book/518/read (PDF with text; approved edition)
https://new.bizdin.kg/kniga/russkaya-literatura-5-klass (PDF (form not checked); approved edition)
https://bizdin.kg/uchebnik/russkaia-literatura-5-klass-2018-oruscha/ (View online only; approved edition)
https://mektep.o.kg/books/4/?grade=5 (PDF with text; year unknown)",
60,5,Russian-medium,Кыргызский язык,Джусупбекова Н. и др.,Кыргыз тили,И.: Аркус,2018,4,Our reader: exact text,other year (2015),no,1,https://rinatius.github.io/el-kitep/#/read/ru-kyrgyz-tili-5 (Our reader: exact text; other year (2015)),
61,5,Russian-medium,Кыргызская литература,Мусаев А. и др.,Кыргыз адабияты,И.: Инсанат,2012,4,PDF without text (scan),year unknown,yes,1,https://mektep.o.kg/books/4/?grade=5 (PDF without text (scan); year unknown),
62,5,Russian-medium,Иностранный язык,"Фрэнсис Трелоар, Стив Томпсон, Джейн Томпсон",Take Off with English,И.: Учкун,2025,4,PDF with text,approved edition,yes,4,"https://kitep.edu.kg/book/10/read (PDF without text (scan); approved edition)
https://kitep.edu.kg/book/278/read (PDF without text (scan); approved edition)
https://kitep.edu.kg/book/370/read (PDF with text; approved edition)
https://kitep.edu.kg/book/401/read (PDF with text; approved edition)",
63,5,Russian-medium,Иностранный язык,"Абдышева Ч., Балута О., Фатнева А., Цуканова Н.",Английский язык,И.: Аркус,2017,4,PDF with text,approved edition,yes,2,"https://kitep.edu.kg/book/114/read (PDF with text; approved edition)
https://mektep.o.kg/books/4/?grade=5 (PDF with text; year unknown)",
64,5,Russian-medium,История,Осмонов О. и др.,История Кыргызстана и мировая история,И.: Билим-компьютер,2018,4,Our reader: exact text,approved edition,yes,6,"https://rinatius.github.io/el-kitep/#/read/ru-istoriya-kyrgyzstana-5 (Our reader: exact text; approved edition)
https://kitep.edu.kg/book/110/read (PDF without text (scan); approved edition)
https://kitep.edu.kg/book/517/read (PDF without text (scan); approved edition)
https://new.bizdin.kg/kniga/uchebnik-istoriya-5-klass-rsh (PDF (form not checked); approved edition)
https://mektep.o.kg/books/4/?grade=5 (PDF without text (scan); year unknown)
https://new.bizdin.kg/kniga/uchebnik-istoriya-kyrgyzstana-i-mirovaya-istoriya-5-klass-rsh (PDF with text; approved edition)",
65,5,Russian-medium,История,Доталиев А.,Краткие рассказы по истории Кыргызстана,И.: Билим-компьютер,2016,4,PDF with text,approved edition,yes,2,"https://kitep.edu.kg/book/112/read (PDF with text; approved edition)
https://mektep.o.kg/books/4/?grade=5 (PDF with text; year unknown)",
66,5,Russian-medium,Я и мир,Осмонов О. и др.,Человек и общество,И.: Билим-компьютер,2018,4,Our reader: exact text,approved edition,yes,1,https://rinatius.github.io/el-kitep/#/read/ru-chelovek-obshchestvo-5 (Our reader: exact text; approved edition),
67,5,Russian-medium,Математика,Toh Tin Lam,Математика,И.: Учкун,2025,4,PDF without text (scan),approved edition,yes,2,"https://kitep.edu.kg/book/51/read (PDF without text (scan); approved edition)
https://stem.edu.gov.kg/api/books/366 (Part or sample only; approved edition)",
68,5,Russian-medium,Математика,Кыдыралиев С. и др.,Математика,И.: Аркус,2018,4,PDF without text (scan),approved edition,yes,4,"https://kitep.edu.kg/book/107/read (PDF without text (scan); approved edition)
https://new.bizdin.kg/kniga/uchebnik-matematika-5-klass-rsh (PDF (form not checked); approved edition)
https://bizdin.kg/uchebnik/matematika-5-klass-2018-oruscha/ (View online only; approved edition)
https://mektep.o.kg/books/4/?grade=5 (PDF without text (scan); year unknown)",
69,5,Russian-medium,Информатика,Орускулов Т. и др.,Информатика,И.: Билим-компьютер,2018,4,Our reader: exact text,approved edition,yes,3,"https://rinatius.github.io/el-kitep/#/read/ru-informatika-5 (Our reader: exact text; approved edition)
https://kitep.edu.kg/book/93/read (PDF with text; approved edition)
https://mektep.o.kg/books/4/?grade=5 (PDF with text; approved edition)",
70,5,Russian-medium,Информатика,"Беляев А., Цыбуля И., Осипова Н. и др.",Информатика 5 – 6 кл.,И.: Фонд «Сорос-Кыргызстан»,2018,4,PDF with text,approved edition,yes,1,https://okuma.kg/books.php?id=936 (PDF with text; approved edition),
71,5,Russian-medium,Естествознание,Alexander Gray,Естественные – Мен жана дүйнө,И.: Учкун,2026,4,PDF without text (scan),approved edition,yes,2,"https://kitep.edu.kg/book/559/read (PDF without text (scan); approved edition)
https://stem.edu.gov.kg/api/books/158 (Part or sample only; other year (2025))",
72,5,Russian-medium,"Технология (Труд, черчение и дизайн)",Мамбеталиев Ч. и др.,Технология,И.: Билим-компьютер,2018,4,Our reader: exact text,approved edition,yes,3,"https://rinatius.github.io/el-kitep/#/read/ru-tekhnologiya-5 (Our reader: exact text; approved edition)
https://kitep.edu.kg/book/103/read (PDF with text; approved edition)
https://mektep.o.kg/books/4/?grade=5 (PDF with text; approved edition)",
73,5,Russian-medium,Изобразительно-художественное творчество,Акматов Д. и др.,Изобразительно-художественное творчество,И.: Билим-компьютер,2018,4,Our reader: exact text,other year (2015),no,2,"https://rinatius.github.io/el-kitep/#/read/ru-izo-5 (Our reader: exact text; other year (2015))
https://kitep.edu.kg/book/115/read (PDF with text; other year (2015))",
74,5,Russian-medium,Музыка,Муратова А. и др.,Музыка,И.: Билим-компьютер,2018,4,Our reader: exact text,approved edition,yes,4,"https://rinatius.github.io/el-kitep/#/read/ru-muzyka-5 (Our reader: exact text; approved edition)
https://kitep.edu.kg/book/116/read (PDF with text; approved edition)
https://bizdin.kg/uchebnik/muzyka-5-klass-2018-oruscha/ (View online only; approved edition)
https://mektep.o.kg/books/4/?grade=5 (PDF with text; approved edition)",
272,6,Kyrgyz-medium,Кыргыз тили,Үсөналиев С.,Кыргыз тили,Б.: Аркус,2018,4,Our reader: exact text,approved edition,yes,6,"https://rinatius.github.io/el-kitep/#/read/kg-kyrgyz-tili-6 (Our reader: exact text; approved edition)
https://kitep.edu.kg/book/109/read (PDF with text; approved edition)
https://new.bizdin.kg/kniga/uchebnik-kyrgyzskiy-yazyk-6-klass-ksh (PDF (form not checked); approved edition)
https://bizdin.kg/uchebnik/kyrgyz-tili-6-klass-2018/ (View online only; approved edition)
https://mektep.o.kg/books/16/?grade=6 (PDF with text; year unknown)
https://bizdin.kg/uchebnik/kyrgyz-language-6-class-ysenaliev-i/ (View online only; year unknown)",
273,6,Kyrgyz-medium,Кыргыз тили,Исаков Б.,Кыргыз тили,Б.: Мектеп,2009,4,Not online,,no,0,,Not found on any site we checked.
274,6,Kyrgyz-medium,Кыргыз адабияты,"Муратов А., Акматов К., Абдухамидова Б.",Кыргыз адабияты,Б.: Аркус,2018,4,Our reader: exact text,approved edition,yes,5,"https://rinatius.github.io/el-kitep/#/read/kg-kyrgyz-adabiyaty-6 (Our reader: exact text; approved edition)
https://kitep.edu.kg/book/98/read (PDF with text; approved edition)
https://bizdin.kg/uchebnik/kyrgyz-adabiiaty-6-klass-2018/ (View online only; approved edition)
https://new.bizdin.kg/kniga/uchebnik-kyrgyzskaya-literatura-6-klass-ksh- (PDF (form not checked); approved edition)
https://mektep.o.kg/books/16/?grade=6 (PDF with text; year unknown)",
275,6,Kyrgyz-medium,Русский язык,"Задорожная Н., Таирова Г.",Русский язык,Б.: Аркус,2018,4,Our reader: exact text,approved edition,yes,3,"https://rinatius.github.io/el-kitep/#/read/kg-russkiy-yazyk-6 (Our reader: exact text; approved edition)
https://kitep.edu.kg/book/100/read (PDF without text (scan); approved edition)
https://mektep.o.kg/books/16/?grade=6 (PDF without text (scan); year unknown)",
276,6,Kyrgyz-medium,Русская литература,Симонова О.,Книга для чтения,Б.: Билим куту,2016,4,Not online,,no,0,,
277,6,Kyrgyz-medium,Чет тил,"Фрэнсис Трелоар, Стив Томпсон, Джейн Томпсон",Take Off with English,Б.: Учкун,2025,5,PDF with text,approved edition,yes,3,"https://kitep.edu.kg/book/21/read (PDF without text (scan); approved edition)
https://kitep.edu.kg/book/283/read (PDF without text (scan); approved edition)
https://kitep.edu.kg/book/408/read (PDF with text; approved edition)",
278,6,Kyrgyz-medium,Чет тил,"Балута О., Абдышева Ч., Назарбекова Г., Жолчиева А.",Англис тили,Б.: Аркус,2018,5,PDF with text,approved edition,yes,3,"https://kitep.edu.kg/book/121/read (PDF with text; approved edition)
https://bizdin.kg/uchebnik/anglis-tili-6-klass-2018/ (View online only; approved edition)
https://mektep.o.kg/books/16/?grade=6 (PDF with text; year unknown)",
279,6,Kyrgyz-medium,Тарых,"Осмонов Ө, Керимова Ш., Жыргалбекова Г.",Кыргызстандын жана дүйнөнүн тарыхы,Б.: Билим-компьютер,2018,5,PDF without text (scan),year unknown,yes,3,"https://new.bizdin.kg/kniga/uchebnik-vsemirnaya-istoriya-6-klass-ksh- (PDF (form not checked); approved edition)
https://mektep.o.kg/books/16/?grade=6 (PDF without text (scan); year unknown)
https://bizdin.kg/uchebnik/istoriya-6-klass-kyrg/ (View online only; approved edition)",
280,6,Kyrgyz-medium,Адам жана коом,"Осмонов Ө., Керимова Ш., Жыргалбекова Г.",Адам жана коом,Б.: Билим-компьютер,2018,5,Our reader: exact text,approved edition,yes,3,"https://rinatius.github.io/el-kitep/#/read/kg-adam-jana-koom-6 (Our reader: exact text; approved edition)
https://kitep.edu.kg/book/389/read (Wrong file; approved edition)
https://mektep.o.kg/books/16/?grade=6 (PDF with text; year unknown)",
281,6,Kyrgyz-medium,География (Физикалык география),,,,,5,No textbook on the list,,no,0,,The official list has an empty row for this subject.
282,6,Kyrgyz-medium,Математика,Кыдыралиев С. ж.б.,Математика,Б.: Аркус,2018,5,PDF with text,approved edition,yes,3,"https://new.bizdin.kg/kniga/uchebnik-matematika-6-klass-ksh- (PDF with text; approved edition)
https://bizdin.kg/uchebnik/matematika-6-klass-2018/ (View online only; approved edition)
https://mektep.o.kg/books/16/?grade=6 (PDF without text (scan); year unknown)",
283,6,Kyrgyz-medium,Математика,Бекбоев И. ж.б.,Математика,Б.: Билим-компьютер,2015,5,PDF without text (scan),year unknown,yes,2,"https://bilim.akipress.org/lib/book:207/ (PDF without text (scan); year unknown)
https://bizdin.kg/uchebnik/matematika-6-klass/ (View online only; year unknown)",
284,6,Kyrgyz-medium,Табигый илимдер,"Jasvinder K. Randhawa, Natasha Mehta, Teo Tang Wee",Табигый илимдер,Б.: Учкун,2026,5,PDF without text (scan),approved edition,yes,3,"https://kitep.edu.kg/book/431/read (PDF without text (scan); approved edition)
https://kitep.edu.kg/book/468/read (PDF without text (scan); approved edition)
https://bizdin.kg/uchebnik/tabigyi-ilimder-okuu-kitebi-6-klass-2026/ (View online only; approved edition)",
285,6,Kyrgyz-medium,Информатика,Орускулов Т. ж.б.,Информатика,Б.: Билим-компьютер,2018,5,Our reader: exact text,approved edition,yes,4,"https://rinatius.github.io/el-kitep/#/read/kg-informatika-6 (Our reader: exact text; approved edition)
https://kitep.edu.kg/book/132/read (PDF with text; approved edition)
https://new.bizdin.kg/kniga/uchebnik-informatika-6-klass-ksh (PDF (form not checked); approved edition)
https://mektep.o.kg/books/16/?grade=6 (PDF with text; year unknown)",
286,6,Kyrgyz-medium,Информатика,"Беляев А., Цыбуля И., Осипова Н. ж.б.",Информатика 5 – 6-кл.,"Б.: ""Сорос-Кыргызстан"" фонду",2018,5,PDF with text,approved edition,yes,2,"https://okuma.kg/books.php?id=937 (PDF with text; approved edition)
https://okuma.kg/books.php?id=946 (PDF with text; other year (2020))",
287,6,Kyrgyz-medium,Биология (Өсүмдүктөр),Субанова М. ж.б.,Биология,Б.: Билим-компьютер,2018,5,Our reader: exact text,approved edition,yes,6,"https://rinatius.github.io/el-kitep/#/read/kg-biologiya-6 (Our reader: exact text; approved edition)
https://kitep.edu.kg/book/130/read (PDF with text; approved edition)
https://new.bizdin.kg/kniga/uchebnik-biologiya-6-klass-ksh (PDF (form not checked); approved edition)
https://bizdin.kg/uchebnik/biologiia-6-klass-2018/ (View online only; approved edition)
https://mektep.o.kg/books/16/?grade=6 (PDF with text; year unknown)
https://bizdin.kg/uchebnik/biologiia-6-7-klasstar/ (View online only; year unknown)",
288,6,Kyrgyz-medium,Технология,Мамбеталиев Ч. ж.б.,Технология,Б.: Билим-компьютер,2018,5,Our reader: exact text,approved edition,yes,3,"https://rinatius.github.io/el-kitep/#/read/kg-tehnologiya-6 (Our reader: exact text; approved edition)
https://kitep.edu.kg/book/127/read (PDF with text; approved edition)
https://mektep.o.kg/books/16/?grade=6 (PDF with text; year unknown)",
289,6,Kyrgyz-medium,Көркөм өнөр,"Акматов Д., Орозбаев А.",Көркөм өнөр,Б.: Билим-компьютер,2018,5,Our reader: exact text,approved edition,yes,4,"https://rinatius.github.io/el-kitep/#/read/kg-korkom-onor-6 (Our reader: exact text; approved edition)
https://kitep.edu.kg/book/125/read (PDF with text; approved edition)
https://bizdin.kg/uchebnik/korkom-onor-6-klass-2018/ (View online only; approved edition)
https://mektep.o.kg/books/16/?grade=6 (PDF with text; year unknown)",
290,6,Kyrgyz-medium,Музыка,"Муратова А., Артыков К.",Музыка,Б.: Билим-компьютер,2018,5,Our reader: exact text,approved edition,yes,6,"https://rinatius.github.io/el-kitep/#/read/kg-muzyka-6 (Our reader: exact text; approved edition)
https://kitep.edu.kg/book/122/read (PDF with text; approved edition)
https://kitep.edu.kg/book/496/read (PDF without text (scan); approved edition)
https://new.bizdin.kg/kniga/uchebnik-muzyka-6-klass-ksh (PDF (form not checked); approved edition)
https://bizdin.kg/uchebnik/muzyka-6-klass/ (View online only; year unknown)
https://mektep.o.kg/books/16/?grade=6 (PDF with text; year unknown)",
75,6,Russian-medium,Русский язык,Бреусенко Л. и др.,Русский язык,И.: Аркус,2018,4,Our reader: exact text,approved edition,yes,5,"https://rinatius.github.io/el-kitep/#/read/ru-russkiy-yazyk-6 (Our reader: exact text; approved edition)
https://kitep.edu.kg/book/349/read (PDF with text; approved edition)
https://new.bizdin.kg/kniga/uchebnik-russkiy-yazyk-6-klass-rsh-2018 (PDF (form not checked); approved edition)
https://bizdin.kg/uchebnik/orus-tili-6-klass-2018-oruscha/ (View online only; approved edition)
https://mektep.o.kg/books/5/?grade=6 (PDF with text; year unknown)",
76,6,Russian-medium,Русская литература,Озмитель Е. и др.,Русская литература,И.: Аркус,2018,4,PDF with text,approved edition,yes,2,"https://new.bizdin.kg/kniga/uchebnik-russkaya-literatura-6-klass-rsh (PDF with text; approved edition)
https://mektep.o.kg/books/5/?grade=6 (PDF with text; year unknown)",
77,6,Russian-medium,Кыргызский язык,Джусупбекова Н. и др.,Кыргыз тили,И.: Аркус,2018,4,Not online,,no,0,,
78,6,Russian-medium,Кыргызская литература,Үсөналиев Т.,Кыргыз адабияты,И.: Билим куту,2006,4,PDF without text (scan),year unknown,yes,1,https://mektep.o.kg/books/5/?grade=6 (PDF without text (scan); year unknown),
79,6,Russian-medium,Иностранный язык,"Фрэнсис Трелоар, Стив Томпсон, Джейн Томпсон",Take Off with English,И.: Учкун,2025,4,PDF with text,approved edition,yes,3,"https://kitep.edu.kg/book/22/read (PDF without text (scan); approved edition)
https://kitep.edu.kg/book/282/read (PDF without text (scan); approved edition)
https://kitep.edu.kg/book/407/read (PDF with text; approved edition)",
80,6,Russian-medium,Иностранный язык,"Балута О., Абдышева Ч., Назарбекова Г., Жолчиева А.",Английский язык,И.: Аркус,2018,4,PDF with text,approved edition,yes,2,"https://new.bizdin.kg/kniga/uchebnik-angliyskiy-yazyk-6-klass-rsh (PDF with text; approved edition)
https://mektep.o.kg/books/5/?grade=6 (PDF with text; year unknown)",
81,6,Russian-medium,История,Осмонов О. и др.,История Кыргызстана и мировая история,И.: Билим-компьютер,2018,4,PDF without text (scan),year unknown,yes,2,"https://mektep.o.kg/books/5/?grade=6 (PDF without text (scan); year unknown)
https://www.scribd.com/document/620567301/ (Login, paywall or library only)",
82,6,Russian-medium,Человек и общество,Осмонов О. и др.,Человек и общество,И.: Билим-компьютер,2018,4,PDF with text,year unknown,yes,1,https://mektep.o.kg/books/5/?grade=6 (PDF with text; year unknown),
83,6,Russian-medium,География (Физическая география),,,,,4,No textbook on the list,,no,0,,The official list has an empty row for this subject.
84,6,Russian-medium,Математика,Кыдыралиев С. и др.,Математика,И.: Аркус,2018,5,PDF without text (scan),year unknown,yes,2,"https://mektep.o.kg/books/5/?grade=6 (PDF without text (scan); year unknown)
https://web.archive.org/web/20180911071135id_/http://lib.kg/?wpfb_dl=2167 (Part or sample only; approved edition)",
85,6,Russian-medium,Информатика,Орускулов Т. и др.,Информатика,И.: Билим-компьютер,2018,5,PDF with text,year unknown,yes,1,https://mektep.o.kg/books/5/?grade=6 (PDF with text; year unknown),
86,6,Russian-medium,Информатика,"Беляев А., Цыбуля И., Осипова Н. и др.",Информатика 5 – 6 кл.,И.: Фонд «Сорос-Кыргызстан»,2018,5,PDF with text,approved edition,yes,1,https://okuma.kg/books.php?id=936 (PDF with text; approved edition),
87,6,Russian-medium,Естественные науки,"Jasvinder K. Randhawa, Natasha Mehta, Teo Tang Wee",Естественные науки,И.: Учкун,2026,5,PDF without text (scan),approved edition,yes,4,"https://kitep.edu.kg/book/430/read (PDF without text (scan); approved edition)
https://kitep.edu.kg/book/467/read (PDF without text (scan); approved edition)
https://bizdin.kg/uchebnik/tabigyi-ilimder-okuu-kitebi-1-boluk-6-klass-2026-oruscha/ (View online only; approved edition)
https://bizdin.kg/uchebnik/tabigyi-ilimder-okuu-kitebi-2-boluk-6-klass-2026-oruscha/ (View online only; approved edition)",
88,6,Russian-medium,Биология (Растение),Субанова М. и др.,Биология,И.: Билим-компьютер,2018,5,PDF with text,approved edition,yes,1,https://new.bizdin.kg/kniga/uchebnik-biologiya-6-klass-rsh (PDF with text; approved edition),
89,6,Russian-medium,"Технология (Труд, черчение и дизайн)",Мамбеталиев Ч. и др.,Технология,И.: Билим-компьютер,2018,5,PDF with text,approved edition,yes,2,"https://new.bizdin.kg/kniga/uchebnik-tekhnologiya-6-klass-rsh (PDF with text; approved edition)
https://mektep.o.kg/books/5/?grade=6 (PDF with text; year unknown)",
90,6,Russian-medium,Изобразительно-художественное творчество,Акматов Д. и др.,Изобразительно-художественное творчество,И.: Билим-компьютер,2018,5,Our reader: exact text,approved edition,yes,3,"https://rinatius.github.io/el-kitep/#/read/ru-izo-6 (Our reader: exact text; approved edition)
https://kitep.edu.kg/book/511/read (PDF without text (scan); approved edition)
https://new.bizdin.kg/kniga/uchebnik-izobrazitelno-khudozhestvennoe-tvorchestvo-6-klass-rsh (PDF (form not checked); approved edition)",
91,6,Russian-medium,Музыка,Муратова А. и др.,Музыка,И.: Билим-компьютер,2018,5,PDF with text,year unknown,yes,1,https://mektep.o.kg/books/5/?grade=6 (PDF with text; year unknown),
291,7,Kyrgyz-medium,Кыргыз тили,"Үсөналиев С., Мусаева В.",Кыргыз тили,Б.: Билим-компьютер,2015,5,Our reader: AI-proofread text,approved edition,yes,6,"https://rinatius.github.io/el-kitep/#/read/kg-kyrgyz-tili-7 (Our reader: AI-proofread text; approved edition)
https://kitep.edu.kg/book/89/read (PDF with text; approved edition)
https://okuma.kg/books.php?id=191 (PDF without text (scan); approved edition)
https://kitep.edu.kg/book/499/read (PDF without text (scan); approved edition)
https://new.bizdin.kg/kniga/uchebnik-kyrgyzskiy-yazyk-7-klass-ksh (PDF (form not checked); approved edition)
https://bizdin.kg/uchebnik/kyrgyz-tili-7-klass/ (View online only; year unknown)",
292,7,Kyrgyz-medium,Кыргыз тили,Исаков Б.,Кыргыз тили,Б.: Мектеп,2009,5,Our reader: AI-proofread text,other year (2012),no,1,https://rinatius.github.io/el-kitep/#/read/kg-kyrgyz-tili-7-9 (Our reader: AI-proofread text; other year (2012)),
293,7,Kyrgyz-medium,Кыргыз тили,"С. Үсөналиев, В.И. Мусаева, Г.С. Үсөналиева",Кыргыз тили,Б.: Аркус/ST.art Ltd,2025,5,PDF with text,other year (2015),no,5,"https://bizdin.kg/uchebnik/kyrgyz-tili-7-klass/ (View online only; year unknown)
https://kitep.edu.kg/book/89/read (PDF with text; other year (2015))
https://okuma.kg/books.php?id=191 (PDF without text (scan); other year (2015))
https://uzedu.online/kirgizskij-jazyk/933/ (PDF with text; other edition)
https://arcus.kg/ru/uchebnaya-literatura/srednyaya-shkola-5-9-klassy/kyrgyzskij/358-kyrgyz-tili-7-klass (Not online; approved edition)",
294,7,Kyrgyz-medium,Кыргыз адабияты,"Алымов Б., Муратов А.",Кыргыз адабияты,Б.: Билим-компьютер,2015,5,Our reader: AI-proofread text,approved edition,yes,5,"https://rinatius.github.io/el-kitep/#/read/kg-adabiyat-7 (Our reader: AI-proofread text; approved edition)
https://kitep.edu.kg/book/91/read (PDF with text; approved edition)
https://new.bizdin.kg/kniga/uchebnik-kyrgyzskaya-literatura-7-klass-ksh (PDF (form not checked); approved edition)
https://kitep.edu.kg/book/501/read (PDF with text (OCR or old font); other year (2013))
https://okuma.kg/books.php?id=578 (PDF with text (OCR or old font); other year (2013))",
295,7,Kyrgyz-medium,Русский язык,Мусаева Ч.М.,Русский язык,Б: Просвещение,2025,5,Not online,,no,0,,"Adapted Просвещение edition printed for the 2025 Russian donation; print only, no public e-version."
296,7,Kyrgyz-medium,Русский язык,"Задорожная Н., Мусаева Ч.",Русский язык,Б.: Аркус/ST.art Ltd,2024,5,Not online,,no,0,,New Аркус/Учкун edition; only publisher samples or shop listings online.
297,7,Kyrgyz-medium,Русский язык,"Тагаев М., Симонова О. ж.б.",Русский язык,Б.: Инсанат,2010,5,Our reader: AI-proofread text,approved edition,yes,6,"https://rinatius.github.io/el-kitep/#/read/kg-russkiy-yazyk-7 (Our reader: AI-proofread text; approved edition)
https://kitep.edu.kg/book/84/read (PDF without text (scan); approved edition)
https://okuma.kg/books.php?id=157 (PDF without text (scan); approved edition)
https://bilim.akipress.org/lib/book:40/ (PDF without text (scan); year unknown)
https://mektep.o.kg/books/17/?grade=7 (PDF without text (scan); year unknown)
https://bizdin.kg/uchebnik/russkii-iazyk-7-klass/ (View online only; year unknown)",
298,7,Kyrgyz-medium,Русская литература,"Ешенова Н.А., Низовская И.А., Соронкулов Г.У.",Русская и мировая литература,Б: Просвещение,2025,5,Not online,,no,0,,"Adapted Просвещение edition printed for the 2025 Russian donation; print only, no public e-version."
299,7,Kyrgyz-medium,Русская литература,Мейманалиев Т.,Литературное чтение,Б.: Аль салам,2009,5,Our reader: AI-proofread text,approved edition,yes,3,"https://rinatius.github.io/el-kitep/#/read/kg-literaturnoe-chtenie-7 (Our reader: AI-proofread text; approved edition)
https://kitep.edu.kg/book/79/read (PDF without text (scan); approved edition)
https://okuma.kg/books.php?id=183 (PDF without text (scan); approved edition)",
300,7,Kyrgyz-medium,Чет тил,"Фрэнсис Трелоар, Стив Томпсон, Джейн Томпсон",Take Off with English,Б.: Учкун,2025,6,PDF with text,approved edition,yes,3,"https://kitep.edu.kg/book/13/read (PDF with text; approved edition)
https://kitep.edu.kg/book/287/read (PDF with text; approved edition)
https://kitep.edu.kg/book/414/read (PDF with text; approved edition)",
301,7,Kyrgyz-medium,Чет тил,"Ben Wetz, James Styring, Nicholas Tims",English Plus. Grade 7 Student's Book,Oxford University Press,2023,6,Not online,,no,0,,"Oxford University Press course book, sold commercially; no free copy online."
302,7,Kyrgyz-medium,Чет тил,"Абдышева Ч., Балута О.",Англис тили,Б.: Аркус/ST.art Ltd,2024,6,Part or sample only,,no,1,https://arcus.kg/ru/uchebnaya-literatura/srednyaya-shkola-5-9-klassy/kyrgyzskij/191-u-anglis-tili-7-klass (Part or sample only; other year (2019)),New Аркус/Учкун edition; only publisher samples or shop listings online.
303,7,Kyrgyz-medium,Чет тил,Юсупова А. ж.б.,Англис тили,Б.: Билим-компьютер,2012,6,PDF without text (scan),approved edition,yes,3,"https://kitep.edu.kg/book/82/read (PDF without text (scan); approved edition)
https://bizdin.kg/uchebnik/anglis-tili-7-klass-2012/ (View online only; approved edition)
https://mektep.o.kg/books/17/?grade=7 (PDF without text (scan); year unknown)",
304,7,Kyrgyz-medium,Тарых,"Өмүрбеков Т., Чоротегин Т.",Кыргызстан тарыхы,Б.: Билим-компьютер,2013,6,Our reader: AI-proofread text,other year (2002),no,2,"https://rinatius.github.io/el-kitep/#/read/kg-kyrgyzstan-taryhy-7 (Our reader: AI-proofread text; other year (2002))
https://okuma.kg/books.php?id=188 (PDF without text (scan); other year (2002))",
305,7,Kyrgyz-medium,Тарых,Осмонов Ө. ж.б.,Орто кылымдын тарыхы,Б.: Билим куту,2017,6,Our reader: AI-proofread text,other year (2007),yes,3,"https://rinatius.github.io/el-kitep/#/read/kg-orto-kylym-taryhy-7 (Our reader: AI-proofread text; other year (2007))
https://mektep.o.kg/books/17/?grade=7 (PDF without text (scan); year unknown)
https://bizdin.kg/uchebnik/orto-kylymdyn-tarykhy-7-klass-kyrgyzcha/ (View online only; year unknown)",
306,7,Kyrgyz-medium,Диндердин өнүгүү тарыхы,"Курбанова Н., Бектемирова А., Иманкулов М., Жумабаев М.",Диндердин өнүгүү тарыхы,Б.: Учкун/Учкун,2024,6,Not online,,no,0,,Not found in Kyrgyz or Russian (web search 2026-09-29). kitep.edu.kg has an empty grade 7 religion section.
307,7,Kyrgyz-medium,Адам жана коом,"Азимова М., Арунова А., Маслова И.",Адам жана коом,Б.: Аркус/Учкун,2023-2024,6,Our reader: AI-proofread text,other year (2025),no,3,"https://rinatius.github.io/el-kitep/#/read/kg-adam-jana-koom-7 (Our reader: AI-proofread text; other year (2025))
https://kitep.edu.kg/book/347/read (PDF without text (scan); other year (2025))
https://bizdin.kg/uchebnik/adam-zhana-koom-7-klass-2025/ (View online only; other year (2025))",
308,7,Kyrgyz-medium,География (Материктердин жана океандардын географиясы),,,,,6,No textbook on the list,,no,0,,The official list has an empty row for this subject.
309,7,Kyrgyz-medium,"Математика (алгебра, геометрия)","Raihan Sudirman, Jasmine Chung, Ayassa Chua Lihong and Joyce Ng",Математика,Б.: Учкун,2025,6,PDF with text,approved edition,yes,2,"https://kitep.edu.kg/book/150/read (PDF without text (scan); approved edition)
https://stem.edu.gov.kg/api/books/542 (PDF with text; approved edition)",
310,7,Kyrgyz-medium,Алгебра,"Ибраева Н., Касымов А.",Алгебра,Б.: Aditi,2009,6,PDF without text (scan),approved edition,yes,5,"https://kitep.edu.kg/book/92/read (PDF without text (scan); approved edition)
https://okuma.kg/books.php?id=220 (PDF without text (scan); approved edition)
https://bizdin.kg/uchebnik/algebra-7-klass-2009/ (View online only; approved edition)
https://new.bizdin.kg/kniga/uchebnik-algebra-7-klass-ksh (PDF (form not checked); approved edition)
https://mektep.o.kg/books/17/?grade=7 (PDF without text (scan); year unknown)",
311,7,Kyrgyz-medium,Алгебра,"Макарычев Ю., Миндюк Н. ж.б.",Алгебра,Б.: Мектеп,2003,6,PDF without text (scan),approved edition,yes,2,"https://kitep.edu.kg/book/94/read (PDF without text (scan); approved edition)
https://mektep.o.kg/books/17/?grade=7 (PDF without text (scan); year unknown)",
312,7,Kyrgyz-medium,Геометрия,"Бекбоев И., Бөрүбаев А., Айылчиев А.",Геометрия 7 – 9-кл.,Б.: Билим-компьютер,2015,6,PDF with text,approved edition,yes,5,"https://kitep.edu.kg/book/102/read (PDF without text (scan); approved edition)
https://okuma.kg/books.php?id=214 (PDF without text (scan); approved edition)
https://bizdin.kg/uchebnik/geometriia-7-klass-2015/ (View online only; approved edition)
https://bizdin.kg/uchebnik/geometriia-7-9-klasstar-2000-zh/ (View online only; other year (2000))
https://bilim.akipress.org/lib/book:161/ (PDF with text; approved edition)",
313,7,Kyrgyz-medium,Информатика,"Цыбуля И., Самыкбаева Л., Беляев А. ж.б.",Информатика 7 – 9-кл.,"Б.: ""Сорос-Кыргызстан"" фонду/ KIRLand",2020,6,Our reader: exact text,other year (2019),yes,2,"https://rinatius.github.io/el-kitep/#/read/kg-informatika-7-9 (Our reader: exact text; other year (2019))
https://okuma.kg/books.php?id=947 (PDF with text; approved edition)",
314,7,Kyrgyz-medium,Информатика,"Орускулов Т., Касымалиев М.",Информатика 7 – 9-кл.,Б.: Билим-компьютер,2015,6,Our reader: exact text,other year (2020),yes,7,"https://rinatius.github.io/el-kitep/#/read/kg-informatika-bazalyk-7-9 (Our reader: exact text; other year (2020))
https://new.bizdin.kg/kniga/uchebnik-informatika-7-9-klass-ksh (PDF (form not checked); approved edition)
https://new.bizdin.kg/kniga/uchebnik-informatika-nachalnyy-kurs-7-9-klass-ksh (PDF (form not checked); approved edition)
https://mektep.o.kg/books/17/?grade=7 (PDF with text (OCR or old font); year unknown)
https://okuma.kg/books.php?id=35 (PDF without text (scan); other year (2006))
https://okuma.kg/books.php?id=203 (PDF without text (scan); other year (2006))
https://okuma.kg/books.php?id=204 (PDF without text (scan); other year (2006))",
315,7,Kyrgyz-medium,Информатика,"Касымалиев М., Орускулов Т.",Информатика 7 – 9-кл. (практикум маселелери),Б.: Билим-компьютер,2015,6,PDF with text (OCR or old font),year unknown,yes,5,"https://new.bizdin.kg/kniga/uchebnik-informatika-7-9-klass-ksh (PDF (form not checked); approved edition)
https://new.bizdin.kg/kniga/uchebnik-informatika-nachalnyy-kurs-7-9-klass-ksh (PDF (form not checked); approved edition)
https://mektep.o.kg/books/17/?grade=7 (PDF with text (OCR or old font); year unknown)
https://okuma.kg/books.php?id=204 (PDF without text (scan); other year (2006))
https://bilim.akipress.org/lib/book:155/ (PDF with text (OCR or old font); approved edition)",
316,7,Kyrgyz-medium,Табигый илимдер,Robert Moody,Табигый илимдер,Б.: Учкун,2025,6,PDF with text,approved edition,yes,2,"https://kitep.edu.kg/book/429/read (PDF without text (scan); approved edition)
https://stem.edu.gov.kg/api/books/527 (PDF with text; approved edition)",
317,7,Kyrgyz-medium,Физика,"Мамбетакунов Э., Мурзаибраимова Б.",Физика,Б.: Аркус/Полиграфбумресурсы,2021,6,PDF without text (scan),year unknown,yes,2,"https://mektep.o.kg/books/17/?grade=7 (PDF without text (scan); year unknown)
https://bizdin.kg/uchebnik/fizika-7-klass/ (View online only; year unknown)",
318,7,Kyrgyz-medium,Биология (Жаныбарлар),"Токтосунов А., Бейшебаев К., Мамытова Б., Кыдыралиева Д.",Биология,Б.: Инсанат,2015,6,Our reader: AI-proofread text,approved edition,yes,4,"https://rinatius.github.io/el-kitep/#/read/kg-biologiya-7 (Our reader: AI-proofread text; approved edition)
https://okuma.kg/books.php?id=215 (PDF without text (scan); approved edition)
https://new.bizdin.kg/kniga/uchebnik-biologiya-7-8-klass-ksh (PDF (form not checked); other year (2006))
https://bizdin.kg/uchebnik/biologiia-okuu-kitebi-zhanybarlar-7-8-klasstar-uchebnik-po-biologii-zhivotnye-7-8-klassy-na-kyrgyzskom/ (View online only; year unknown)",
319,7,Kyrgyz-medium,"Технология (Эмгек, чийме жана дизайн)",,,,,7,No textbook on the list,,no,0,,The official list has an empty row for this subject.
320,7,Kyrgyz-medium,Музыка,,,,,7,No textbook on the list,,no,0,,The official list has an empty row for this subject.
92,7,Russian-medium,Русский язык,"Баранов М.Т., Ладыженская Т.А., Тростенцова Л.А. и др. Учебник адаптирован: Баган Е.В., Бреусенко Л.М.",Русский язык (в 2-х частях),И.: Просвещение,2025,5,Not online,,no,0,,"Adapted Просвещение edition printed for the 2025 Russian donation; print only, no public e-version."
93,7,Russian-medium,Русский язык,"Бреусенко Л., Матохина Т.",Русский язык,И.: Аркус/ St.art Ltd,2024,5,Part or sample only,,no,2,"https://arcus.kg/ru/metodicheskaya-podderzhka-uchitelej (Part or sample only)
https://arcus.kg/ru/uchebnaya-literatura/srednyaya-shkola-5-9-klassy/russkij/213-russkij-yazyk-7-klass (Not online)",Only a publisher sample (41 of 256 pages) is online.
94,7,Russian-medium,Русская литература,"Коровина В.Я., Журавлев В.П., Коровин В.И., Низовская И.А., Ешенова Н.А.",Русская литература (в 2-х частях),И.: Просвещение,2025,5,Not online,,no,0,,"Adapted Просвещение edition printed for the 2025 Russian donation; print only, no public e-version."
95,7,Russian-medium,Кыргызский язык,"Оморова А., Осмонова П., Абылкасымова Т., Узекеева А.",Кыргыз тили,И.: Аркус/ St.art Ltd,2024,5,Part or sample only,,no,2,"https://arcus.kg/ru/metodicheskaya-podderzhka-uchitelej (Part or sample only)
https://arcus.kg/ru/uchebnaya-literatura/srednyaya-shkola-5-9-klassy/russkij/276-kyrgyz-tili-7-klass (Not online)","Only on Scribd (bot check), not downloadable."
96,7,Russian-medium,Кыргызский язык,"Сыдыкова Б., Мамытов Ж. и др.",Кыргыз тили,И.: Энциклопедия,2016,5,Our reader: AI-proofread text,approved edition,yes,2,"https://rinatius.github.io/el-kitep/#/read/ru-kyrgyz-tili-7 (Our reader: AI-proofread text; approved edition)
https://mektep.o.kg/books/6/?grade=7 (PDF without text (scan); year unknown)",
97,7,Russian-medium,Кыргызская литература,Оморова А. и др.,Кыргыз адабияты,И.: Кутаалам,2012,5,Our reader: AI-proofread text,approved edition,yes,3,"https://rinatius.github.io/el-kitep/#/read/ru-kyrgyz-adabiyaty-7 (Our reader: AI-proofread text; approved edition)
https://kitep.edu.kg/book/195/read (PDF with text; approved edition)
https://mektep.o.kg/books/6/?grade=7 (PDF with text; year unknown)",
98,7,Russian-medium,Иностранный язык,"Фрэнсис Трелоар, Стив Томпсон, Джейн Томпсон",Take Off with English,И.: Учкун,2025,5,PDF with text,approved edition,yes,3,"https://kitep.edu.kg/book/14/read (PDF with text; approved edition)
https://kitep.edu.kg/book/286/read (PDF with text; approved edition)
https://kitep.edu.kg/book/413/read (PDF with text; approved edition)",
99,7,Russian-medium,Иностранный язык,"James Styring, Nicholas Tims",English Plus Grade 7 Student's Book,Oxford University Press,2023,5,Not online,,no,0,,"Oxford University Press course book, sold commercially; no free copy online."
100,7,Russian-medium,Иностранный язык,"Абдышева Ч., Балута О.",Английский язык,И.: Аркус/ St.art Ltd,2024,5,Part or sample only,,no,2,"https://arcus.kg/ru/uchebnaya-literatura/srednyaya-shkola-5-9-klassy/kyrgyzskij/191-u-anglis-tili-7-klass (Part or sample only; other year (2019))
https://arcus.kg/ru/uchebnaya-literatura/dlya-uchashchikhsya-vuz-ov/russkij/192-uchebnik-anglijskij-yazyk-7-klass-dlya-shkol-s-russkim-yazykom-obucheniya (Not online)",New Аркус/Учкун edition; only publisher samples or shop listings online.
101,7,Russian-medium,Иностранный язык,Юсупова А. и др.,Английский язык,И.: Билим-компьютер,2012,5,PDF without text (scan),approved edition,yes,2,"https://kitep.edu.kg/book/86/read (PDF without text (scan); approved edition)
https://new.bizdin.kg/kniga/uchebnik-angliyskiy-yazyk-7-klass-rsh (PDF (form not checked); approved edition)",
102,7,Russian-medium,История,Чоротегин Т. и др.,История Кыргызстана,И.: Билим-компьютер,2012,5,Our reader: AI-proofread text,approved edition,yes,4,"https://rinatius.github.io/el-kitep/#/read/ru-istoriya-kyrgyzstana-7 (Our reader: AI-proofread text; approved edition)
https://kitep.edu.kg/book/194/read (PDF with text; approved edition)
https://bizdin.kg/uchebnik/istoriia-kyrgyzstana-7-klass-2012-oruscha/ (View online only; approved edition)
https://mektep.o.kg/books/6/?grade=7 (PDF with text; year unknown)",
103,7,Russian-medium,История развития религий,"Курбанова Н., Бектемирова А, Иманкулов М., Жумабаев М.",История развития религий,И.: Учкун,2024,5,Not online,,no,0,,Not found in Russian or Kyrgyz (web search 2026-09-29).
104,7,Russian-medium,Человек и общество,"Азимова М., Арунова А., Маслова И.",Человек и общество,И.: Учкун,2024,5,Our reader: exact text,approved edition,yes,3,"https://rinatius.github.io/el-kitep/#/read/ru-chelovek-obshchestvo-7 (Our reader: exact text; approved edition)
https://kitep.edu.kg/book/192/read (PDF with text; approved edition)
https://bizdin.kg/uchebnik/chelovek-i-obshchestvo-7-klass-2024-oruscha/ (View online only; approved edition)",
105,7,Russian-medium,География (География материков и океанов),,,,,5,No textbook on the list,,no,0,,The official list has an empty row for this subject.
106,7,Russian-medium,"Математика (алгебра, геометрия)","Raihan Sudirman, Jasmine Chung, Ayassa Chua Lihong and Joyce Ng",Математика,И.: Учкун,2025,6,PDF without text (scan),approved edition,yes,4,"https://rinatius.github.io/el-kitep/#/read/ru-matematika-7-1-v3 (Part or sample only; approved edition)
https://kitep.edu.kg/book/151/read (PDF without text (scan); approved edition)
https://bizdin.kg/uchebnik/matematika-okuu-kitebi-7-klass-2025-oruscha/ (View online only; approved edition)
https://stem.edu.gov.kg/api/books/353 (Part or sample only)",
107,7,Russian-medium,Алгебра,"Макарычев Ю.А., Миндюк Н.Г., Нешков К.И. и др.",Алгебра,И.: Просвещение,Последнее издание,6,"Login, paywall or library only",,no,1,"https://prosv.ru/product/matematika-algebra-7-klass-bazovii-uroven-elektronnaya-forma-uchebnika184098802/ (Login, paywall or library only)","Russian Federation textbook (Просвещение), not published free in Kyrgyzstan; not downloaded (copyright)."
108,7,Russian-medium,Геометрия,"Бекбоев И., Борубаев А., Айылчиев А.",Геометрия 7 – 9-кл.,,Последнее издание,6,Other language only,,no,1,https://kitep.edu.kg/book/102/read (Other language only),"Only the Kyrgyz-language edition is online (kitep.edu.kg, https://kitep.edu.kg/book/102/read)."
109,7,Russian-medium,Геометрия,Погорелов А.В.,Геометрия 7 – 9 кл.,И.: Просвещение,Последнее издание,6,"Login, paywall or library only",,no,1,"https://prosv.ru/product/geometriya-7-9-klass-elektronnaya-forma-uchebnika02/ (Login, paywall or library only)","Russian Federation textbook (Просвещение), not published free in Kyrgyzstan; not downloaded (copyright)."
110,7,Russian-medium,Геометрия,"Атанасян Л.С., Бутузов В.Ф., Кадомцев С.Б. и др.",Геометрия 7 – 9 кл.,И.: Просвещение,Последнее издание,6,"Login, paywall or library only",,no,1,"https://prosv.ru/product/geometriya-7-9-klass-elektronnaya-forma-uchebnika102/ (Login, paywall or library only)","Russian Federation textbook (Просвещение), not published free in Kyrgyzstan; not downloaded (copyright)."
111,7,Russian-medium,Информатика,"Цыбуля И., Самыкбаева Л., Беляев А. и др.",Информатика 7 – 9 кл.,И.: Фонд «Сорос Кыргызстан»,2020,6,Our reader: exact text,other year (2019),yes,3,"https://rinatius.github.io/el-kitep/#/read/ru-informatika-7-9 (Our reader: exact text; other year (2019))
https://kitep.edu.kg/book/191/read (PDF with text; approved edition)
https://bizdin.kg/uchebnik/informatika-7-klass-2020-oruscha/ (View online only; approved edition)",
112,7,Russian-medium,Информатика,"Орускулов Т., Касымалиев М.",Информатика 7 – 9 кл.,И.: Билим-компьютер,2015,6,Other language only,,no,1,https://okuma.kg/books.php?id=35 (Other language only),"Only the Kyrgyz-language edition is online (okuma.kg, https://okuma.kg/books.php?id=35)."
113,7,Russian-medium,Информатика,"Касымалиев М., Орускулов Т.",Информатика 7 – 9 кл. (вопросы практикума),И.: Билим-компьютер,2015,6,Other language only,,no,1,https://okuma.kg/books.php?id=35 (Other language only),"Only the Kyrgyz-language edition is online (okuma.kg, https://okuma.kg/books.php?id=35)."
114,7,Russian-medium,Естественные науки,Robert Moody,Естественные науки,И.: Учкун,2025,6,PDF without text (scan),approved edition,yes,2,"https://kitep.edu.kg/book/154/read (PDF without text (scan); approved edition)
https://stem.edu.gov.kg/api/books/151 (Part or sample only)",
115,7,Russian-medium,Физика,Мамбетакунов Э. и др.,Физика,И.: Аркус/Учкун,2023,6,PDF with text,approved edition,yes,1,https://kitep.edu.kg/book/190/read (PDF with text; approved edition),
116,7,Russian-medium,Биология (Животные),,,,,6,No textbook on the list,,no,0,,The official list has an empty row for this subject.
117,7,Russian-medium,"Технология (Труд, черчение и дизайн)",,,,,6,No textbook on the list,,no,0,,The official list has an empty row for this subject.
118,7,Russian-medium,Музыка,,,,,6,No textbook on the list,,no,0,,The official list has an empty row for this subject.
321,8,Kyrgyz-medium,Кыргыз тили,"Иманов А., Кайбылдаев А., Сапарбаев А., Усубалиев Б.",Кыргыз тили,Б.: Билим-компьютер,2016,7,Our reader: AI-proofread text,other year (2015),no,2,"https://rinatius.github.io/el-kitep/#/read/kg-kyrgyz-tili-8 (Our reader: AI-proofread text; other year (2015))
https://kitep.edu.kg/book/105/read (PDF without text (scan); other year (2015))",
322,8,Kyrgyz-medium,Кыргыз тили,Исаков Б. ж.б.,Кыргыз тили 7 – 9-кл.,Б.: Билим-компьютер,2007,7,Our reader: AI-proofread text,other year (2012),yes,2,"https://rinatius.github.io/el-kitep/#/read/kg-kyrgyz-tili-7-9 (Our reader: AI-proofread text; other year (2012))
https://mektep.o.kg/books/18/?grade=8 (PDF without text (scan); year unknown)",
323,8,Kyrgyz-medium,Кыргыз тили,Өмүралиев Б. ж.б.,Кыргыз тили,Б.: Билим-компьютер,2007,7,Not online,,no,0,,Only a different 2019 Tashkent edition for Kyrgyz schools in Uzbekistan exists (yadi.sk/i/BriGLp92nNNc5A).
324,8,Kyrgyz-medium,Кыргыз адабияты,"Турдугулоз [так в документе; вероятно Турдугулов] А., Оторбаев Б.",Кыргыз адабияты,Б.: Билим-компьютер/Принт Экспресс,2013,7,Not online,,no,0,,Not found anywhere (web search 2026-09-29).
325,8,Kyrgyz-medium,Кыргыз адабияты,Исаков Б.,Кыргыз адабияты,Б.: Билим-компьютер,2012,7,Our reader: AI-proofread text,approved edition,yes,5,"https://rinatius.github.io/el-kitep/#/read/kg-kyrgyz-adabiyaty-8 (Our reader: AI-proofread text; approved edition)
https://kitep.edu.kg/book/108/read (PDF without text (scan); approved edition)
https://bizdin.kg/uchebnik/kyrgyz-adabiiaty-8-klass-2012/ (View online only; approved edition)
https://bilim.akipress.org/lib/book:208/ (PDF without text (scan); year unknown)
https://bizdin.kg/uchebnik/kyrgyz-adabiiaty-8-klass/ (View online only; year unknown)",
326,8,Kyrgyz-medium,Русский язык,"Задорожная Н., Чепекова Г.",Русский язык,Б.: Аркус/ST.art Ltd,2024,7,Not online,,no,0,,New Аркус/Учкун edition; only publisher samples or shop listings online.
327,8,Kyrgyz-medium,Русский язык,"Супрун А., Скирдов В., Акматов Т.",Русский язык 8 – 9-кл.,Б.: Инсанат,2012,7,Our reader: AI-proofread text,approved edition,yes,3,"https://rinatius.github.io/el-kitep/#/read/kg-russkiy-yazyk-8-9 (Our reader: AI-proofread text; approved edition)
https://okuma.kg/books.php?id=211 (PDF without text (scan); other year (2002))
https://mektep.o.kg/books/18/?grade=8 (PDF without text (scan); year unknown)",
328,8,Kyrgyz-medium,Русский язык,"Супрун А., Скирдов В., Акматов Т.",Грамматика русского языка (синтаксис) 8 – 9-кл.,Б.: Инсанат,2012,7,PDF without text (scan),year unknown,yes,2,"https://okuma.kg/books.php?id=211 (PDF without text (scan); other year (2002))
https://mektep.o.kg/books/18/?grade=8 (PDF without text (scan); year unknown)",
329,8,Kyrgyz-medium,Русская литература,"Сооронкулов Г., Ешенова Н.",Литературное чтение,Б.: Билим-компьютер,2015,7,Our reader: exact text,approved edition,yes,1,https://rinatius.github.io/el-kitep/#/read/kg-literaturnoe-chtenie-8 (Our reader: exact text; approved edition),
330,8,Kyrgyz-medium,Чет тил,"Фрэнсис Трелоар, Стив Томпсон, Джейн Томпсон",Take Off with English,Б.: Учкун,2025,7,PDF with text,approved edition,yes,3,"https://kitep.edu.kg/book/17/read (PDF with text; approved edition)
https://kitep.edu.kg/book/290/read (PDF with text; approved edition)
https://kitep.edu.kg/book/420/read (PDF with text; approved edition)",
331,8,Kyrgyz-medium,Чет тил,"Балута О., Абдышева Ч.",Англис тили,Б.: Аркус/ST.art Ltd,2024,7,Part or sample only,,no,1,https://arcus.kg/modules/mod_flipbook_100/tmpl/book.html (Part or sample only),New Аркус/Учкун edition; only publisher samples or shop listings online.
332,8,Kyrgyz-medium,Чет тил,"Ben Wetz, Diana Pye",English Plus. Grade 8 Student's Book,Oxford University Press,2023,7,Not online,,no,0,,"Oxford University Press course book, sold commercially; no free copy online."
333,8,Kyrgyz-medium,Чет тил,Юсупова А. ж.б.,Англис тили,Б.: Билим-компьютер,2012,7,PDF without text (scan),approved edition,yes,3,"https://okuma.kg/books.php?id=31 (PDF without text (scan); approved edition)
https://new.bizdin.kg/kniga/uchebnik-angliyskiy-yazyk-8-klass-ksh (PDF (form not checked); approved edition)
https://mektep.o.kg/books/18/?grade=8 (PDF without text (scan); year unknown)",
334,8,Kyrgyz-medium,Тарых,"Чоротегин Т., Өмүрбеков Т.",Кыргызстан тарыхы,Б.: Инсанат,2010,7,Our reader: AI-proofread text,approved edition,yes,5,"https://rinatius.github.io/el-kitep/#/read/kg-kyrgyzstan-taryhy-8 (Our reader: AI-proofread text; approved edition)
https://kitep.edu.kg/book/104/read (PDF without text (scan); approved edition)
https://bizdin.kg/uchebnik/kyrgyzstan-tarykhy-8-klass-2010/ (View online only; approved edition)
https://okuma.kg/books.php?id=36 (PDF without text (scan); other year (2009))
https://mektep.o.kg/books/18/?grade=8 (PDF without text (scan); year unknown)",
335,8,Kyrgyz-medium,Тарых,Доталиев А. ж.б.,Жаңы тарых,Б.: Билим-компьютер,2015,7,Our reader: exact text,approved edition,yes,2,"https://rinatius.github.io/el-kitep/#/read/kg-janyy-taryh-8 (Our reader: exact text; approved edition)
https://mektep.o.kg/books/18/?grade=8 (PDF with text (OCR or old font); year unknown)",
336,8,Kyrgyz-medium,Диндердин өнүгүү тарыхы,"Бектемирова А., Карасартова Ч., Жумабаев М., Бекбоева А., Иманкулов М.",Диндердин өнүгүү тарыхы,Б.:Учкун/Учкун,2024,7,Our reader: exact text,approved edition,yes,2,"https://rinatius.github.io/el-kitep/#/read/kg-dinder-taryhy-8 (Our reader: exact text; approved edition)
https://kitep.edu.kg/book/101/read (PDF with text; approved edition)",
337,8,Kyrgyz-medium,Адам жана коом,"Азимова М., Арунова А., Маслова И.",Адам жана коом,Б.: Учкун/Учкун,2023-2024,7,Our reader: exact text,approved edition,yes,3,"https://rinatius.github.io/el-kitep/#/read/kg-adam-jana-koom-8 (Our reader: exact text; approved edition)
https://kitep.edu.kg/book/348/read (PDF with text; approved edition)
https://bizdin.kg/uchebnik/adam-zhana-koom-8-klass-2024/ (View online only; approved edition)",
338,8,Kyrgyz-medium,География (Материктердин жана океандардын географиясы),,,,,7,No textbook on the list,,no,0,,The official list has an empty row for this subject.
339,8,Kyrgyz-medium,Алгебра,"Байзаков А., Саадабаева А., Ыбыкеев Ж.",Алгебра,Б.: Билим-компьютер,2009,7,PDF without text (scan),approved edition,yes,3,"https://okuma.kg/books.php?id=32 (PDF without text (scan); approved edition)
https://kitep.edu.kg/book/96/read (PDF without text (scan); other year (2025))
https://mektep.o.kg/books/18/?grade=8 (PDF without text (scan); year unknown)",
340,8,Kyrgyz-medium,Геометрия,"Бекбоев И., Бөрүбаев А., Айылчиев А.",Геометрия 7 – 9-кл.,Б.: Билим-компьютер,2015,8,PDF with text,approved edition,yes,3,"https://kitep.edu.kg/book/99/read (PDF without text (scan); approved edition)
https://okuma.kg/books.php?id=214 (PDF without text (scan); approved edition)
https://bilim.akipress.org/lib/book:161/ (PDF with text; approved edition)",
341,8,Kyrgyz-medium,Информатика,"Цыбуля И., Самыкбаева Л., Беляев А. ж.б.",Информатика 7 – 9-кл.,"Б.: ""Сорос-Кыргызстан"" фонду/ KIRLand",2020,8,Our reader: exact text,other year (2019),yes,3,"https://rinatius.github.io/el-kitep/#/read/kg-informatika-7-9 (Our reader: exact text; other year (2019))
https://kitep.edu.kg/book/119/read (PDF with text; approved edition)
https://okuma.kg/books.php?id=947 (PDF with text; approved edition)",
342,8,Kyrgyz-medium,Информатика,"Орускулов Т., Касымалиев М.",Информатика 7 – 9-кл.,Б.: Билим-компьютер,2015,8,Our reader: exact text,other year (2020),yes,7,"https://rinatius.github.io/el-kitep/#/read/kg-informatika-bazalyk-7-9 (Our reader: exact text; other year (2020))
https://new.bizdin.kg/kniga/uchebnik-informatika-7-9-klass-ksh (PDF (form not checked); approved edition)
https://new.bizdin.kg/kniga/uchebnik-informatika-nachalnyy-kurs-7-9-klass-ksh (PDF (form not checked); approved edition)
https://mektep.o.kg/books/18/?grade=8 (PDF with text (OCR or old font); year unknown)
https://okuma.kg/books.php?id=35 (PDF without text (scan); other year (2006))
https://okuma.kg/books.php?id=203 (PDF without text (scan); other year (2006))
https://okuma.kg/books.php?id=204 (PDF without text (scan); other year (2006))",
343,8,Kyrgyz-medium,Информатика,"Касымалиев М., Орускулов Т.",Информатика 7 – 9-кл. (практикум маселелери),Б.: Билим-компьютер,2015,8,PDF with text (OCR or old font),year unknown,yes,5,"https://new.bizdin.kg/kniga/uchebnik-informatika-7-9-klass-ksh (PDF (form not checked); approved edition)
https://new.bizdin.kg/kniga/uchebnik-informatika-nachalnyy-kurs-7-9-klass-ksh (PDF (form not checked); approved edition)
https://mektep.o.kg/books/18/?grade=8 (PDF with text (OCR or old font); year unknown)
https://okuma.kg/books.php?id=204 (PDF without text (scan); other year (2006))
https://bilim.akipress.org/lib/book:155/ (PDF with text (OCR or old font); approved edition)",
344,8,Kyrgyz-medium,Физика,"Мамбетакунов Э., Мурзаибраимова Б., Мамбетакунов У.",Физика,Б.: Аркус/Учкун,2023,8,PDF without text (scan),year unknown,yes,1,https://mektep.o.kg/books/18/?grade=8 (PDF without text (scan); year unknown),
345,8,Kyrgyz-medium,Химия,"Рыспаева Б., Молдогазиева С., Байдинов Т.",Химия,Б.: Аркус/Учкун,2021,8,Not online,,no,0,,Not found on any site we checked.
346,8,Kyrgyz-medium,Биология,,,,,8,No textbook on the list,,no,0,,The official list has an empty row for this subject.
347,8,Kyrgyz-medium,"Технология (Эмгек, чийме жана дизайн)",Ботвинников А. ж.б.,Чийүү 8 – 9-кл.,Б.: Энциклопедия,2012,8,PDF without text (scan),approved edition,yes,4,"https://kitep.edu.kg/book/97/read (PDF without text (scan); approved edition)
https://mektep.o.kg/books/18/?grade=8 (PDF without text (scan); year unknown)
https://new.bizdin.kg/kniga/uchebnik-cherchenie-8-9-klass-ksh (PDF (form not checked); other year (2011))
https://bizdin.kg/uchebnik/uchebnik-po-chercheniiu-8-9-klassy-na-kyrgyzskom/ (View online only; year unknown)",
119,8,Russian-medium,Русский язык,"Л.М. Бреусенко, Т.А. Матохина",Русский язык,И.: Аркус/ St.art Ltd,2026,6,Part or sample only,,no,1,https://arcus.kg/ru/uchebnaya-literatura/srednyaya-shkola-5-9-klassy/russkij/417-russkij-yazyk-8-klass (Part or sample only),New Аркус/Учкун edition; only publisher samples or shop listings online.
120,8,Russian-medium,Русская литература,,,,,6,No textbook on the list,,no,0,,The official list has an empty row for this subject.
121,8,Russian-medium,Кыргызский язык,"Оморова А., Ботбаева Т., Эшпаева Г.",Кыргыз тили,И.: Аркус/ St.art Ltd,2024,6,Not online,,no,0,,"Only on Scribd (bot check), not downloadable."
122,8,Russian-medium,Кыргызский язык,Ибрагимов С.,Кыргыз тили,И.: Инсанат,2017,6,Our reader: AI-proofread text,other year (2007),yes,2,"https://rinatius.github.io/el-kitep/#/read/ru-kyrgyz-tili-8 (Our reader: AI-proofread text; other year (2007))
https://mektep.o.kg/books/7/?grade=8 (PDF without text (scan); year unknown)",
123,8,Russian-medium,Кыргызская литература,Искакова Д. и др.,Кыргыз адабияты,И.: Кутаалам,2013,6,Our reader: AI-proofread text,approved edition,yes,2,"https://rinatius.github.io/el-kitep/#/read/ru-kyrgyz-adabiyaty-8 (Our reader: AI-proofread text; approved edition)
https://mektep.o.kg/books/7/?grade=8 (PDF without text (scan); year unknown)",
124,8,Russian-medium,Иностранный язык,"Фрэнсис Трелоар, Стив Томпсон, Джейн Томпсон",Take Off with English,И.: Учкун,2025,6,PDF with text,approved edition,yes,3,"https://kitep.edu.kg/book/18/read (PDF with text; approved edition)
https://kitep.edu.kg/book/291/read (PDF with text; approved edition)
https://kitep.edu.kg/book/419/read (PDF with text; approved edition)",
125,8,Russian-medium,Иностранный язык,"Балута О., Абдышева Ч.",Английский язык,И.: Аркус/ St.art Ltd,2024,6,Part or sample only,,no,1,https://arcus.kg/modules/mod_flipbook_100/tmpl/book.html (Part or sample only),New Аркус/Учкун edition; only publisher samples or shop listings online.
126,8,Russian-medium,Иностранный язык,"Ben Wetz, Diana Pye",English Plus Grade 8 Student's book,Oxford University Press,2023,6,Not online,,no,0,,"Oxford University Press course book, sold commercially; no free copy online."
127,8,Russian-medium,Иностранный язык,Юсупова А. и др.,Английский язык,И.: Билим-компьютер,2012,6,PDF without text (scan),approved edition,yes,2,"https://okuma.kg/books.php?id=31 (PDF without text (scan); approved edition)
https://mektep.o.kg/books/7/?grade=8 (PDF without text (scan); year unknown)",
128,8,Russian-medium,История,Омурбеков Т. и др.,История Кыргызстана,И.: Инсанат,2014,6,Our reader: exact text,approved edition,yes,3,"https://rinatius.github.io/el-kitep/#/read/ru-istoriya-kyrgyzstana-8 (Our reader: exact text; approved edition)
https://bilim.akipress.org/lib/book:157/ (PDF with text (OCR or old font); approved edition)
https://kitep.edu.kg/book/139/read (PDF without text (scan); other year (2012))",
129,8,Russian-medium,История развития религий,"Бектемирова А., Карасартова Ч., Жумабаев М., Бекбоева А., Иманкулов М.",История развития религий,И.: Учкун,2024,6,Not online,,no,0,,No Russian version anywhere; the Kyrgyz version is already live (kg-dinder-taryhy-8).
130,8,Russian-medium,Человек и общество,"Азимова М., Арунова А., Маслова И.",Человек и общество,И.: Учкун,2023-2024,6,Our reader: exact text,approved edition,yes,3,"https://rinatius.github.io/el-kitep/#/read/ru-chelovek-obshchestvo-8 (Our reader: exact text; approved edition)
https://kitep.edu.kg/book/140/read (PDF with text; approved edition)
https://bizdin.kg/uchebnik/adam-zhana-koom-8-klass-2023-oruscha/ (View online only; approved edition)",
131,8,Russian-medium,География (Физическая география Кыргызстана),,,,,7,No textbook on the list,,no,0,,The official list has an empty row for this subject.
132,8,Russian-medium,Алгебра,"Байзаков А., Саадабаева А., Ыбыкеев Ж.",Алгебра,,Последнее издание,7,Other language only,,no,1,https://kitep.edu.kg/book/96/read (Other language only),"Only the Kyrgyz-language edition is online (kitep.edu.kg, https://kitep.edu.kg/book/96/read)."
133,8,Russian-medium,Геометрия,"Бекбоев И., Борубаев А., Айылчиев А.",Геометрия 7 – 9-кл.,,Последнее издание,7,Other language only,,no,1,https://kitep.edu.kg/book/99/read (Other language only),"Only the Kyrgyz-language edition is online (kitep.edu.kg, https://kitep.edu.kg/book/99/read)."
134,8,Russian-medium,Информатика,"Цыбуля И., Самыкбаева Л., Беляев А. и др.",Информатика 7 – 9 кл.,И.: Фонд «Сорос Кыргызстан»,2020,7,Our reader: exact text,other year (2019),yes,2,"https://rinatius.github.io/el-kitep/#/read/ru-informatika-7-9 (Our reader: exact text; other year (2019))
https://kitep.edu.kg/book/117/read (PDF with text; approved edition)",
135,8,Russian-medium,Информатика,"Орускулов Т., Касымалиев М.",Информатика 7 – 9 кл.,И.: Билим-компьютер,2015,7,Other language only,,no,1,https://okuma.kg/books.php?id=35 (Other language only),"Only the Kyrgyz-language edition is online (okuma.kg, https://okuma.kg/books.php?id=35)."
136,8,Russian-medium,Информатика,"Касымалиев М., Орускулов Т.",Информатика 7 – 9 кл. (вопросы практикума),И.: Билим-компьютер,2015,7,Other language only,,no,1,https://okuma.kg/books.php?id=35 (Other language only),"Only the Kyrgyz-language edition is online (okuma.kg, https://okuma.kg/books.php?id=35)."
137,8,Russian-medium,Физика,"Мамбетакунов Э., Мурзаибраимова Б., Мамбетакунов У.",Физика,И.: Учкун,2024,7,View online only,other year (2022),no,3,"https://kitep.edu.kg/book/141/read (Wrong file; other year (2022))
https://bizdin.kg/uchebnik/fizika-8-klass-2022-oruscha/ (View online only; other year (2022))
https://bizdin.kg/uchebnik/fizika-8-klass-2022-oruscha/okuu/ (Login, paywall or library only; other year (2022))",
138,8,Russian-medium,Химия,"Рыспаева Б., Молдогазиева С., Байдинов Т.",Химия,И.: Аркус/Учкун,2023,7,PDF with text,approved edition,yes,1,https://stem.edu.gov.kg/api/books/20 (PDF with text; approved edition),
139,8,Russian-medium,Биология (Человек и его здоровье),,,,,7,No textbook on the list,,no,0,,The official list has an empty row for this subject.
140,8,Russian-medium,"Технология (Труд, черчение и дизайн)",Ботвинников А. ж.б.,Черчение 8 – 9 кл.,И.: Энциклопедия,2012,7,PDF without text (scan),other edition,no,1,https://obuchalka.org/tag/botvinnikov/ (PDF without text (scan); other edition),
348,9,Kyrgyz-medium,Кыргыз тили,"Иманов А., Кайбылдаев А., Сапарбаев А., Усубалиев Б.",Кыргыз тили,Б.: Билим-компьютер,2016,8,Not online,,no,0,,
349,9,Kyrgyz-medium,Кыргыз тили,Өмүралиев Б. ж.б.,Кыргыз тили,Б.: Билим-компьютер,2007,8,Our reader: AI-proofread text,other year (2012),yes,3,"https://rinatius.github.io/el-kitep/#/read/kg-kyrgyz-tili-9 (Our reader: AI-proofread text; other year (2012))
https://bilim.akipress.org/lib/book:202/ (PDF without text (scan); year unknown)
https://bizdin.kg/uchebnik/kyrgyz-tili-9-klass-1/ (View online only; year unknown)",
350,9,Kyrgyz-medium,Кыргыз тили,Исаков Б. ж.б.,Кыргыз тили 7 – 9-кл.,Б.: Билим-компьютер,2012,8,Our reader: AI-proofread text,approved edition,yes,4,"https://rinatius.github.io/el-kitep/#/read/kg-kyrgyz-tili-7-9 (Our reader: AI-proofread text; approved edition)
https://kitep.edu.kg/book/208/read (PDF without text (scan); approved edition)
https://new.bizdin.kg/kniga/uchebnik-kyrgyzskiy-yazyk-7-9-klass-ksh (PDF (form not checked); approved edition)
https://bizdin.kg/uchebnik/kyrgyz-tili-9-klass-2012/ (View online only; approved edition)",
351,9,Kyrgyz-medium,Кыргыз адабияты,Алымов Б. ж.б.,Кыргыз адабияты,Б.: Билим-компьютер,2012,8,Our reader: AI-proofread text,other year (2025),no,1,https://rinatius.github.io/el-kitep/#/read/kg-kyrgyz-adabiyaty-9 (Our reader: AI-proofread text; other year (2025)),
352,9,Kyrgyz-medium,Русский язык,Супрун А. ж.б.,Русский язык 8 – 9 кл.,Б.: Инсанат,2012,8,Our reader: AI-proofread text,approved edition,yes,1,https://rinatius.github.io/el-kitep/#/read/kg-russkiy-yazyk-8-9 (Our reader: AI-proofread text; approved edition),
353,9,Kyrgyz-medium,Русский язык,"Супрун А., Скирдов В., Акматов Т.",Грамматика русского языка 8 – 9 кл.,Б.: Инсанат,2012,8,PDF without text (scan),approved edition,yes,2,"https://okuma.kg/books.php?id=211 (PDF without text (scan); other year (2002))
https://mektep.o.kg/books/18/?grade=8 (PDF without text (scan); approved edition)",
354,9,Kyrgyz-medium,Русская литература,"Смелкова З., Жийдеева К.",Русская литература,Б.: Билим-компьютер,2012,8,Our reader: AI-proofread text,approved edition,yes,3,"https://rinatius.github.io/el-kitep/#/read/kg-russkaya-literatura-9 (Our reader: AI-proofread text; approved edition)
https://okuma.kg/books.php?id=176 (PDF without text (scan); approved edition)
https://mektep.o.kg/books/19/?grade=9 (PDF without text (scan); year unknown)",
355,9,Kyrgyz-medium,Чет тил,"Фрэнсис Трелоар, Стив Томпсон, Джейн Томпсон",Take Off with English,Б.: Учкун,2025,8,PDF with text,approved edition,yes,3,"https://kitep.edu.kg/book/25/read (PDF with text; approved edition)
https://kitep.edu.kg/book/295/read (PDF with text; approved edition)
https://kitep.edu.kg/book/426/read (PDF with text; approved edition)",
356,9,Kyrgyz-medium,Чет тил,"Лоуренс Т., Казенова Ж.",Англис тили,Б.: Аркус/ST.art Ltd,2024,8,Not online,,no,0,,New Аркус/Учкун edition; only publisher samples or shop listings online.
357,9,Kyrgyz-medium,Чет тил,Юсупова А. ж.б.,Англис тили,Б.: Билим-компьютер,2012,8,PDF without text (scan),approved edition,yes,2,"https://new.bizdin.kg/kniga/uchebnik-angliyskiy-yazyk-9-klass-ksh (PDF without text (scan); approved edition)
https://mektep.o.kg/books/19/?grade=9 (PDF without text (scan); year unknown)",
358,9,Kyrgyz-medium,Тарых,Иманкулов М. ж.б.,Кыргызстан тарыхы,Б.: Билим-компьютер,2012,8,Our reader: AI-proofread text,approved edition,yes,3,"https://rinatius.github.io/el-kitep/#/read/kg-kyrgyzstan-taryhy-9 (Our reader: AI-proofread text; approved edition)
https://okuma.kg/books.php?id=184 (PDF without text (scan); approved edition)
https://mektep.o.kg/books/19/?grade=9 (PDF without text (scan); year unknown)",
359,9,Kyrgyz-medium,Тарых,Иманкулов М. ж.б.,Эгемен Кыргызстан,"Б.: КБАнын ""Билим"" басма борбору",2017,8,PDF without text (scan),year unknown,yes,1,https://mektep.o.kg/books/19/?grade=9 (PDF without text (scan); year unknown),
360,9,Kyrgyz-medium,Тарых,Өмүрзакова Т.,Соңку тарых,Б.: Учкун,2017,8,Our reader: AI-proofread text,approved edition,yes,4,"https://rinatius.github.io/el-kitep/#/read/kg-sonku-taryh-9 (Our reader: AI-proofread text; approved edition)
https://kitep.edu.kg/book/213/read (PDF without text (scan); approved edition)
https://bizdin.kg/uchebnik/sonku-tarykh-9-klass-2017/ (View online only; approved edition)
https://mektep.o.kg/books/19/?grade=9 (PDF without text (scan); year unknown)",
361,9,Kyrgyz-medium,Диндердин өнүгүү тарыхы,"Доталиев А., Исаева Г. ж.б.",Диндердин өнүгүү тарыхы,Б.: Полиграфбумресурсы,2022,8,Our reader: exact text,approved edition,yes,2,"https://rinatius.github.io/el-kitep/#/read/kg-dinder-taryhy-9 (Our reader: exact text; approved edition)
https://kitep.edu.kg/book/204/read (PDF with text; approved edition)",
362,9,Kyrgyz-medium,Адам жана коом,Эсенканов К.,Адам жана коом,Б.: Инсанат,2012,8,Our reader: AI-proofread text,approved edition,yes,5,"https://rinatius.github.io/el-kitep/#/read/kg-adam-jana-koom-9 (Our reader: AI-proofread text; approved edition)
https://okuma.kg/books.php?id=223 (PDF without text (scan); approved edition)
https://new.bizdin.kg/kniga/uchebnik-chelovek-i-obshchestvo-9-klass (PDF (form not checked); approved edition)
https://mektep.o.kg/books/19/?grade=9 (PDF (form not checked); year unknown)
https://bizdin.kg/uchebnik/adam-zhana-koom-9-klass/ (View online only; year unknown)",
363,9,Kyrgyz-medium,Адам жана коом,Саалаев Ө.,Мамлекет жана укук,Б.: Билим-компьютер,2012,8,Our reader: AI-proofread text,approved edition,yes,4,"https://rinatius.github.io/el-kitep/#/read/kg-mamleket-jana-ukuk-9 (Our reader: AI-proofread text; approved edition)
https://kitep.edu.kg/book/214/read (PDF without text (scan); approved edition)
https://okuma.kg/books.php?id=182 (PDF without text (scan); approved edition)
https://mektep.o.kg/books/19/?grade=9 (PDF without text (scan); year unknown)",
364,9,Kyrgyz-medium,География (Кыргыз Республикасынын социалдык жана экономикалык географиясы),,,,,9,No textbook on the list,,no,0,,The official list has an empty row for this subject.
365,9,Kyrgyz-medium,Алгебра,"Иманалиев М., Асанов А., Жусупова К., Искандаров С.",Алгебра,Б.: Билим-компьютер,2012,9,PDF without text (scan),approved edition,yes,3,"https://okuma.kg/books.php?id=42 (PDF without text (scan); approved edition)
https://okuma.kg/books.php?id=219 (PDF without text (scan); approved edition)
https://mektep.o.kg/books/19/?grade=9 (PDF without text (scan); year unknown)",
366,9,Kyrgyz-medium,Геометрия,"Бекбоев И., Бөрүбаев А., Айылчиев А.",Геометрия 7 – 9-кл.,Б.: Билим-компьютер,2015,9,PDF with text,approved edition,yes,3,"https://okuma.kg/books.php?id=214 (PDF without text (scan); approved edition)
https://kitep.edu.kg/book/209/read (PDF without text (scan); other year (2012))
https://bilim.akipress.org/lib/book:161/ (PDF with text; approved edition)",
367,9,Kyrgyz-medium,Информатика,"Цыбуля И., Самыкбаева Л., Беляев А. ж.б.",Информатика 7 – 9-кл.,"Б.: ""Сорос-Кыргызстан"" фонду/ KIRLand",2020,9,Our reader: exact text,other year (2019),yes,3,"https://rinatius.github.io/el-kitep/#/read/kg-informatika-7-9 (Our reader: exact text; other year (2019))
https://kitep.edu.kg/book/210/read (PDF with text (OCR or old font); approved edition)
https://okuma.kg/books.php?id=947 (PDF with text; approved edition)",
368,9,Kyrgyz-medium,Информатика,"Орускулов Т., Касымалиев М.",Информатика 7 – 9-кл.,Б.: Билим-компьютер,2015,9,Our reader: exact text,other year (2020),yes,7,"https://rinatius.github.io/el-kitep/#/read/kg-informatika-bazalyk-7-9 (Our reader: exact text; other year (2020))
https://new.bizdin.kg/kniga/uchebnik-informatika-7-9-klass-ksh (PDF (form not checked); approved edition)
https://new.bizdin.kg/kniga/uchebnik-informatika-nachalnyy-kurs-7-9-klass-ksh (PDF (form not checked); approved edition)
https://mektep.o.kg/books/19/?grade=9 (PDF with text (OCR or old font); year unknown)
https://okuma.kg/books.php?id=35 (PDF without text (scan); other year (2006))
https://okuma.kg/books.php?id=203 (PDF without text (scan); other year (2006))
https://okuma.kg/books.php?id=204 (PDF without text (scan); other year (2006))",
369,9,Kyrgyz-medium,Информатика,"Касымалиев М., Орускулов Т.",Информатика 7 – 9-кл. (практикум маселелери),Б.: Билим-компьютер,2015,9,PDF with text (OCR or old font),year unknown,yes,5,"https://new.bizdin.kg/kniga/uchebnik-informatika-7-9-klass-ksh (PDF (form not checked); approved edition)
https://new.bizdin.kg/kniga/uchebnik-informatika-nachalnyy-kurs-7-9-klass-ksh (PDF (form not checked); approved edition)
https://mektep.o.kg/books/19/?grade=9 (PDF with text (OCR or old font); year unknown)
https://okuma.kg/books.php?id=204 (PDF without text (scan); other year (2006))
https://bilim.akipress.org/lib/book:155/ (PDF with text (OCR or old font); approved edition)",
370,9,Kyrgyz-medium,Физика,Мамбетакунов Э. ж.б.,Физика,Б.: Инсанат,2008,9,PDF without text (scan),year unknown,yes,2,"https://mektep.o.kg/books/19/?grade=9 (PDF without text (scan); year unknown)
https://bizdin.kg/uchebnik/fizika-9-klass-1/ (View online only; year unknown)",
371,9,Kyrgyz-medium,Физика,Токтогулов С. ж.б.,Физика,Б.: Инсанат,2012,9,PDF without text (scan),approved edition,yes,3,"https://okuma.kg/books.php?id=57 (PDF without text (scan); approved edition)
https://mektep.o.kg/books/19/?grade=9 (PDF without text (scan); year unknown)
https://bizdin.kg/uchebnik/fizika-9-klass-1/ (View online only; year unknown)",
372,9,Kyrgyz-medium,Химия (Органикалык эмес химия),"Кудайбергенов Т., Рыспаева Б., Асанов У.",Химия,Б.: Инсанат,2015,9,Not online,,no,0,,Not found on any site we checked.
373,9,Kyrgyz-medium,Биология (Тиричиликтин жалпы мыйзам ченемдүүлүктөрү),,,,,9,No textbook on the list,,no,0,,The official list has an empty row for this subject.
374,9,Kyrgyz-medium,"Технология (Эмгек, чийме жана дизайн)",Ботвинников А. ж.б.,Чийүү 8 – 9-кл.,Б.: Энциклопедия,2012,9,PDF without text (scan),approved edition,yes,5,"https://kitep.edu.kg/book/211/read (PDF without text (scan); approved edition)
https://bizdin.kg/uchebnik/chiiuu-9-klass-2012/ (View online only; approved edition)
https://mektep.o.kg/books/19/?grade=9 (PDF without text (scan); year unknown)
https://new.bizdin.kg/kniga/uchebnik-cherchenie-8-9-klass-ksh (PDF (form not checked); other year (2011))
https://kitep.edu.kg/book/97/read (PDF without text (scan); other year (2011))",
141,9,Russian-medium,Русский язык,,,,,7,No textbook on the list,,no,0,,The official list has an empty row for this subject.
142,9,Russian-medium,Русская литература,,,,,7,No textbook on the list,,no,0,,The official list has an empty row for this subject.
143,9,Russian-medium,Кыргызский язык,Абдувалиев И. и др.,Кыргыз тили,И.: Инсанат,2012,7,Our reader: AI-proofread text,approved edition,yes,4,"https://rinatius.github.io/el-kitep/#/read/ru-kyrgyz-tili-9 (Our reader: AI-proofread text; approved edition)
https://kitep.edu.kg/book/198/read (PDF without text (scan); approved edition)
https://okuma.kg/books.php?id=138 (PDF without text (scan); approved edition)
https://mektep.o.kg/books/8/?grade=9 (PDF without text (scan); year unknown)",
144,9,Russian-medium,Кыргызская литература,Оморова А. и др.,Кыргыз адабияты,И.: Энциклопедия,2012,7,Our reader: AI-proofread text,other year (2013),no,2,"https://rinatius.github.io/el-kitep/#/read/ru-kyrgyz-adabiyaty-9 (Our reader: AI-proofread text; other year (2013))
https://kitep.edu.kg/book/199/read (PDF without text (scan); other year (2013))",
145,9,Russian-medium,Иностранный язык,"Фрэнсис Трелоар, Стив Томпсон, Джейн Томпсон",Take Off with English,И.: Учкун,2025,7,PDF with text,approved edition,yes,3,"https://kitep.edu.kg/book/24/read (PDF with text; approved edition)
https://kitep.edu.kg/book/294/read (PDF with text; approved edition)
https://kitep.edu.kg/book/425/read (PDF with text; approved edition)",
146,9,Russian-medium,Иностранный язык,"Лоуренс Т., Казенова Ж.",Английский язык,И.: Аркус/ St.art Ltd,2024,7,Not online,,no,0,,New Аркус/Учкун edition; only publisher samples or shop listings online.
147,9,Russian-medium,Иностранный язык,Юсупова А. и др.,Английский язык,И.: Билим-компьютер,2012,7,Other language only,,no,1,https://new.bizdin.kg/kniga/uchebnik-angliyskiy-yazyk-9-klass-ksh (Other language only),"Only the Kyrgyz-language edition is online (new.bizdin.kg, https://new.bizdin.kg/kniga/uchebnik-angliyskiy-yazyk-9-klass-ksh)."
148,9,Russian-medium,История,Иманкулов М.,История Кыргызстана,И.: Инсанат,2014,7,Our reader: exact text,approved edition,yes,4,"https://rinatius.github.io/el-kitep/#/read/ru-istoriya-kyrgyzstana-9 (Our reader: exact text; approved edition)
https://kitep.edu.kg/book/200/read (PDF without text (scan); approved edition)
https://bizdin.kg/uchebnik/kyrgyzstandyn-tarykhy-9-klass-2014-oruscha/ (View online only; approved edition)
https://mektep.o.kg/books/8/?grade=9 (PDF without text (scan); year unknown)",
149,9,Russian-medium,История,Иманкулов М. и др.,Суверенный Кыргызстан,И.: Издательский центр КАО,2017,7,PDF without text (scan),year unknown,yes,2,"https://mektep.o.kg/books/8/?grade=9 (PDF without text (scan); year unknown)
https://kitep.edu.kg/book/200/read (PDF without text (scan); other year (2014))",
150,9,Russian-medium,История,Омурзакова Т.,Новейшая история,И.: Илим пресс,2021,7,Not online,,no,0,,No Russian version online; the Kyrgyz version (Соңку тарых) is already live.
151,9,Russian-medium,История развития религий,Доталиев А. и др.,История развития религий,И.: Полиграфбумресурсы,2022,7,Our reader: exact text,approved edition,yes,2,"https://rinatius.github.io/el-kitep/#/read/ru-istoriya-religiy-9 (Our reader: exact text; approved edition)
https://kitep.edu.kg/book/196/read (PDF with text; approved edition)",
152,9,Russian-medium,Человек и общество,Эсенканов К.,Человек и общество,,Последнее издание,7,Not online,,no,0,,No Russian version online; the Kyrgyz version (Адам жана коом 9) is already live.
153,9,Russian-medium,География (Экономическая и социальная география Кыргызстана),,,,,7,No textbook on the list,,no,0,,The official list has an empty row for this subject.
154,9,Russian-medium,Алгебра,"Иманалиев М., Асанов А., Жусупова К., Искандаров С.",Алгебра,,Последнее издание,8,Other language only,,no,1,https://kitep.edu.kg/book/202/read (Other language only),"Only the Kyrgyz-language edition is online (kitep.edu.kg, https://kitep.edu.kg/book/202/read)."
155,9,Russian-medium,Геометрия,"Бекбоев И., Борубаев А., Айылчиев А.",Геометрия 7 – 9-кл.,,Последнее издание,8,Other language only,,no,1,https://kitep.edu.kg/book/209/read (Other language only),"Only the Kyrgyz-language edition is online (kitep.edu.kg, https://kitep.edu.kg/book/209/read)."
156,9,Russian-medium,Информатика,"Цыбуля И., Самыкбаева Л., Беляев А. и др.",Информатика 7 – 9 кл.,И.: Фонд «Сорос Кыргызстан»,2020,8,Our reader: exact text,other year (2019),no,1,https://rinatius.github.io/el-kitep/#/read/ru-informatika-7-9 (Our reader: exact text; other year (2019)),
157,9,Russian-medium,Информатика,"Орускулов Т., Касымалиев М.",Информатика 7 – 9 кл.,И.: Билим-компьютер,2015,8,Other language only,,no,1,https://okuma.kg/books.php?id=35 (Other language only),"Only the Kyrgyz-language edition is online (okuma.kg, https://okuma.kg/books.php?id=35)."
158,9,Russian-medium,Информатика,"Касымалиев М., Орускулов Т.",Информатика 7 – 9 кл. (практикум маселелери),И.: Билим-компьютер,2015,8,Other language only,,no,1,https://okuma.kg/books.php?id=35 (Other language only),"Only the Kyrgyz-language edition is online (okuma.kg, https://okuma.kg/books.php?id=35)."
159,9,Russian-medium,Физика,,,,,8,No textbook on the list,,no,0,,The official list has an empty row for this subject.
160,9,Russian-medium,Химия (Неорганическая химия),"Кудайбергенов Т., Рыспаева Б. и др.",Химия,И.: Билим-компьютер,2016,8,Not online,,no,0,,Not found on any site we checked.
161,9,Russian-medium,Биология (Общие закономерности жизни),,,,,8,No textbook on the list,,no,0,,The official list has an empty row for this subject.
162,9,Russian-medium,"Технология (Труд, черчение и дизайн)",Ботвинников А. и др.,Черчение 8 – 9 кл.,И.: Энциклопедия,2012,8,PDF without text (scan),other edition,no,1,https://obuchalka.org/tag/botvinnikov/ (PDF without text (scan); other edition),
375,10,Kyrgyz-medium,Кыргыз тили,"Өмүралиева С., Эгембердиев Р., Сапарбаев А., Мусаева В.",Кыргыз тили,Б.: Билим куту,2013,9,Our reader: AI-proofread text,approved edition,yes,3,"https://rinatius.github.io/el-kitep/#/read/kg-kyrgyz-tili-10 (Our reader: AI-proofread text; approved edition)
https://okuma.kg/books.php?id=193 (PDF without text (scan); approved edition)
https://mektep.o.kg/books/20/?grade=10 (PDF without text (scan); year unknown)",
376,10,Kyrgyz-medium,Кыргыз тили,Исаков Б.,Кыргыз тили 10 – 11-кл.,Б.: Билим-компьютер,2013,9,Our reader: AI-proofread text,approved edition,yes,5,"https://rinatius.github.io/el-kitep/#/read/kg-kyrgyz-tili-10-11 (Our reader: AI-proofread text; approved edition)
https://kitep.edu.kg/book/218/read (PDF without text (scan); approved edition)
https://mektep.o.kg/books/20/?grade=10 (PDF without text (scan); year unknown)
https://okuma.kg/books.php?id=192 (PDF without text (scan); other year (2012))
https://new.bizdin.kg/kniga/uchebnik-kyrgyzskiy-yazyk-10-11-klass-ksh (PDF (form not checked); other year (2012))",
377,10,Kyrgyz-medium,Кыргыз адабияты,"Асаналиев К., Байгазиев С., Жигитов С., Иманалиев К.",Кыргыз адабияты,Б.: Билим куту,2013,9,Our reader: AI-proofread text,approved edition,yes,9,"https://rinatius.github.io/el-kitep/#/read/kg-kyrgyz-adabiyaty-10 (Our reader: AI-proofread text; approved edition)
https://okuma.kg/books.php?id=198 (PDF without text (scan); approved edition)
https://bilim.akipress.org/lib/book:37/ (PDF with text; year unknown)
https://kitep.edu.kg/book/495/read (PDF without text (scan); other year (2026))
https://new.bizdin.kg/kniga/uchebnik-kyrgyzskaya-literatura-10-klass-ksh- (PDF (form not checked); other year (2003))
https://bizdin.kg/uchebnik/uchebnik-po-kyrgyzskoi-literature-10-klass-na-kyrgyzskom/ (View online only; year unknown)
https://mektep.o.kg/books/20/?grade=10 (PDF without text (scan); year unknown)
https://new.bizdin.kg/kniga/uchebnik-kyrgyzskaya-literatura-10-klass-ksh (PDF (form not checked); other year (2007))
https://bizdin.kg/uchebnik/kyrgyz-adabiiaty-10-klass/ (View online only; year unknown)",
378,10,Kyrgyz-medium,Русский язык,Кундузакова С.,Русский язык,Б.: Континент,2009,9,Our reader: AI-proofread text,approved edition,yes,4,"https://rinatius.github.io/el-kitep/#/read/kg-russkiy-yazyk-10 (Our reader: AI-proofread text; approved edition)
https://okuma.kg/books.php?id=65 (PDF without text (scan); approved edition)
https://okuma.kg/books.php?id=174 (PDF without text (scan); approved edition)
https://mektep.o.kg/books/20/?grade=10 (PDF without text (scan); year unknown)",
379,10,Kyrgyz-medium,Русский язык,Булатова А. ж.б.,Русский язык. Практический курс 10 – 11 кл.,Б.: Аркус,2020,9,Not online,,no,0,,Not found anywhere (web search 2026-09-29).
380,10,Kyrgyz-medium,Русская литература,"Шейман Л., Сооронкулов Г.",Русская литература,Б.: Билим-компьютер,2012,9,Our reader: AI-proofread text,approved edition,yes,2,"https://rinatius.github.io/el-kitep/#/read/kg-russkaya-literatura-10 (Our reader: AI-proofread text; approved edition)
https://kitep.edu.kg/book/172/read (PDF without text (scan); approved edition)",
381,10,Kyrgyz-medium,Чет тил,"Фатнева А., Цуканова Н.",Англис тили,Б.: Аркус/ST.art Ltd,2024,9,Part or sample only,,no,1,https://arcus.kg/modules/mod_flipbook_98/tmpl/book.html (Part or sample only),New Аркус/Учкун edition; only publisher samples or shop listings online.
382,10,Kyrgyz-medium,Чет тил,Юсупова А. ж.б.,Англис тили 10 – 11-кл.,Б.: Билим-компьютер,2012,9,PDF with text,approved edition,yes,4,"https://kitep.edu.kg/book/160/read (PDF with text; approved edition)
https://new.bizdin.kg/kniga/uchebnik-angliyskiy-yazyk-10-11-klass-ksh (PDF (form not checked); approved edition)
https://new.bizdin.kg/kniga/uchebnik-angliyskiy-yazyk-10-11-klass-ksh- (PDF (form not checked); approved edition)
https://mektep.o.kg/books/20/?grade=10 (PDF with text; year unknown)",
383,10,Kyrgyz-medium,Тарых,Осмонов Ө. ж.б.,Кыргызстан тарыхы,Б.: Билим-компьютер,2012,9,Our reader: AI-proofread text,approved edition,yes,6,"https://rinatius.github.io/el-kitep/#/read/kg-kyrgyzstan-taryhy-10 (Our reader: AI-proofread text; approved edition)
https://kitep.edu.kg/book/164/read (PDF without text (scan); approved edition)
https://okuma.kg/books.php?id=185 (PDF without text (scan); approved edition)
https://new.bizdin.kg/kniga/uchebnik-istoriya-kyrgyzstana-10-klass-ksh (PDF (form not checked); approved edition)
https://bilim.akipress.org/lib/book:204/ (PDF without text (scan); year unknown)
https://mektep.o.kg/books/20/?grade=10 (PDF without text (scan); year unknown)",
384,10,Kyrgyz-medium,Тарых,"Осмонов Ө., Элебесова А.",Дүйнө тарыхы: урунттуу учурлар (байыркы доордон тартып 19-к. ортосуна чейин),Б.: Инсанат,2012,10,Our reader: AI-proofread text,approved edition,yes,6,"https://rinatius.github.io/el-kitep/#/read/kg-duyno-taryhy-10 (Our reader: AI-proofread text; approved edition)
https://kitep.edu.kg/book/162/read (PDF without text (scan); approved edition)
https://okuma.kg/books.php?id=62 (PDF without text (scan); approved edition)
https://okuma.kg/books.php?id=227 (PDF without text (scan); approved edition)
https://bizdin.kg/uchebnik/duino-tarykhy-10-klass-2012/ (View online only; approved edition)
https://mektep.o.kg/books/20/?grade=10 (PDF without text (scan); year unknown)",
385,10,Kyrgyz-medium,Адам жана коом,Пилон Ж.,Жарандуулук жана башкарууга катышуу (1-бөлүк),Б.: Кыргызстан,2004,10,Our reader: AI-proofread text,approved edition,yes,4,"https://rinatius.github.io/el-kitep/#/read/kg-jarandyk-10 (Our reader: AI-proofread text; approved edition)
https://kitep.edu.kg/book/161/read (PDF without text (scan); approved edition)
https://mektep.o.kg/books/20/?grade=10 (PDF without text (scan); year unknown)
https://okuma.kg/books.php?id=206 (PDF without text (scan); other year (2005))",
386,10,Kyrgyz-medium,География (Дүйнөнүн социалдык жана экономикалык географиясы),"Осмонов А., Чодураев Т. ж.б.",Дүйнөнүн экономикалык жана социалдык географиясы,Б.: Инсанат,2011,10,Our reader: AI-proofread text,approved edition,yes,5,"https://rinatius.github.io/el-kitep/#/read/kg-geografiya-10 (Our reader: AI-proofread text; approved edition)
https://kitep.edu.kg/book/163/read (PDF without text (scan); approved edition)
https://okuma.kg/books.php?id=61 (PDF without text (scan); approved edition)
https://okuma.kg/books.php?id=209 (PDF without text (scan); approved edition)
https://bizdin.kg/uchebnik/geografiia-10-klass-2011/ (View online only; approved edition)",
387,10,Kyrgyz-medium,Алгебра жана анализдин башталышы,"Колмогоров А., Иманалиев М., Асанов А.",Алгебра жана анализдин башталышы 10 – 11-кл.,Б.: Энциклопедия,2009,10,PDF without text (scan),other year (2000),no,1,https://kitep.edu.kg/book/216/read (PDF without text (scan); other year (2000)),
388,10,Kyrgyz-medium,Алгебра жана анализдин башталышы,"Иманалиев М., Асанов А. ж.б.",Алгебра жана анализдин башталышы 11-кл.,Б.: Continent Print,2009,10,PDF without text (scan),approved edition,yes,2,"https://kitep.edu.kg/book/216/read (PDF without text (scan); other year (2000))
https://jasulib.org.kg/?p=9226 (PDF without text (scan); approved edition)",
389,10,Kyrgyz-medium,Геометрия,"Бекбоев И., Бөрүбаев А., Айылчиев А.",Геометрия 10 – 11-кл.,Б.: Aditi,2017,10,PDF without text (scan),approved edition,yes,4,"https://kitep.edu.kg/book/220/read (PDF without text (scan); approved edition)
https://mektep.o.kg/books/20/?grade=10 (PDF without text (scan); year unknown)
https://okuma.kg/books.php?id=213 (PDF without text (scan); other year (2009))
https://bizdin.kg/uchebnik/geometriia-10-11-klass/ (View online only; year unknown)",
390,10,Kyrgyz-medium,Физика,Койчуманов М. ж.б.,Физика,Б.: Инсанат,2008,10,PDF without text (scan),approved edition,yes,4,"https://kitep.edu.kg/book/165/read (PDF without text (scan); approved edition)
https://okuma.kg/books.php?id=66 (PDF without text (scan); approved edition)
https://bilim.akipress.org/lib/book:213/ (PDF without text (scan); year unknown)
https://mektep.o.kg/books/20/?grade=10 (PDF without text (scan); year unknown)",
391,10,Kyrgyz-medium,Химия (Органикалык химия),"Молдогазиева С., Иманкулова Г., Кособаева Б.",Органикалык химия,Б.: Инсанат,2008,10,PDF without text (scan),approved edition,yes,5,"https://kitep.edu.kg/book/166/read (PDF without text (scan); approved edition)
https://okuma.kg/books.php?id=64 (PDF without text (scan); approved edition)
https://bilim.akipress.org/lib/book:42/ (PDF without text (scan); year unknown)
https://new.bizdin.kg/kniga/uchebnik-organicheskaya-khimiya-10-klass-ksh (PDF (form not checked); approved edition)
https://mektep.o.kg/books/20/?grade=10 (PDF without text (scan); year unknown)",
392,10,Kyrgyz-medium,Биология (Жалпы биология),,,,,10,No textbook on the list,,no,0,,The official list has an empty row for this subject.
393,10,Kyrgyz-medium,Аскерге чейинки даярдык,,,,,10,No textbook on the list,,no,0,,The official list has an empty row for this subject.
163,10,Russian-medium,Русский язык,,,,,8,No textbook on the list,,no,0,,The official list has an empty row for this subject.
164,10,Russian-medium,Русская литература,,,,,8,No textbook on the list,,no,0,,The official list has an empty row for this subject.
165,10,Russian-medium,Кыргызский язык,"Оморова А., Самсалиева М. и др.",Кыргыз тили,И.: Аркус,2019,8,Our reader: exact text,approved edition,yes,1,https://rinatius.github.io/el-kitep/#/read/ru-kyrgyz-tili-10-11 (Our reader: exact text; approved edition),
166,10,Russian-medium,Кыргызский язык,"Абылаева Н., Ибраимов С., Сарылбекова З.",Кыргыз тили,И.: Инсанат,2012,8,Our reader: AI-proofread text,approved edition,yes,2,"https://rinatius.github.io/el-kitep/#/read/ru-kyrgyz-tili-10 (Our reader: AI-proofread text; approved edition)
https://mektep.o.kg/books/9/?grade=10 (PDF without text (scan); year unknown)",
167,10,Russian-medium,Кыргызская литература,"Жээнтаева К., Исаева В.",Кыргыз адабияты,И.: Кутаалам,2013,8,Our reader: AI-proofread text,approved edition,yes,4,"https://rinatius.github.io/el-kitep/#/read/ru-kyrgyz-adabiyaty-10 (Our reader: AI-proofread text; approved edition)
https://kitep.edu.kg/book/159/read (Wrong file; approved edition)
https://new.bizdin.kg/kniga/uchebnik-kyrgyzskaya-literatura-10-klass-rsh (PDF (form not checked); approved edition)
https://mektep.o.kg/books/9/?grade=10 (PDF without text (scan); year unknown)",
168,10,Russian-medium,Иностранный язык,"Фатнева А., Цуканова Н.",Английский язык,И.: Аркус/ St.art Ltd,2024,8,Part or sample only,,no,1,https://arcus.kg/modules/mod_flipbook_98/tmpl/book.html (Part or sample only),New Аркус/Учкун edition; only publisher samples or shop listings online.
169,10,Russian-medium,Иностранный язык,Юсупова А. и др.,Английский язык,И.: Билим-компьютер,2012,8,PDF with text,approved edition,yes,2,"https://kitep.edu.kg/book/157/read (PDF with text; approved edition)
https://mektep.o.kg/books/9/?grade=10 (PDF with text; year unknown)",
170,10,Russian-medium,История,Осмонов О. и др.,История Кыргызстана,И.: Инсанат,2012,8,Our reader: AI-proofread text,approved edition,yes,3,"https://rinatius.github.io/el-kitep/#/read/ru-istoriya-kyrgyzstana-10 (Our reader: AI-proofread text; approved edition)
https://kitep.edu.kg/book/158/read (PDF without text (scan); approved edition)
https://bilim.akipress.org/lib/book:204/ (PDF without text (scan); year unknown)",
171,10,Russian-medium,Человек и общество,Пилон Дж.,Гражданственность и участие в управлении (1-я часть),И.: Кыргызстан,2004,8,Our reader: AI-proofread text,approved edition,yes,1,https://rinatius.github.io/el-kitep/#/read/ru-grazhdanstvennost-10 (Our reader: AI-proofread text; approved edition),
172,10,Russian-medium,География (Экономическая и социальная география Кыргызстана),"Осмонов А., Чодураев Т. ж.б.",Экономическая и социальная география мира,,Последнее издание,8,Not online,,no,0,,No Russian version online; the Kyrgyz version is already live (kg-geografiya-10).
173,10,Russian-medium,Алгебра,"Колмогоров А., Иманалиев М., Асанов А.",Алгебра и начала анализа 10 – 11 кл.,,Последнее издание,8,PDF without text (scan),other edition,no,1,https://jasulib.org.kg/?p=9251 (PDF without text (scan); other edition),
174,10,Russian-medium,Геометрия,"Бекбоев И., Борубаев А., Айылчиев А.",Геометрия 10 – 11-кл.,,Последнее издание,8,Other language only,,no,1,https://kitep.edu.kg/book/220/read (Other language only),"Only the Kyrgyz-language edition is online (kitep.edu.kg, https://kitep.edu.kg/book/220/read)."
175,10,Russian-medium,Физика,,,,,8,No textbook on the list,,no,0,,The official list has an empty row for this subject.
176,10,Russian-medium,Химия (Органическая химия),,,,,8,No textbook on the list,,no,0,,The official list has an empty row for this subject.
177,10,Russian-medium,Биология (Общая биология),,,,,9,No textbook on the list,,no,0,,The official list has an empty row for this subject.
178,10,Russian-medium,Допризывная подготовка,,,,,9,No textbook on the list,,no,0,,The official list has an empty row for this subject.
394,11,Kyrgyz-medium,Кыргыз тили,"Эгембердиев Р., Өмүралиева С. ж.б.",Кыргыз тили,Б.: Билим-компьютер,2013,10,Our reader: AI-proofread text,approved edition,yes,5,"https://rinatius.github.io/el-kitep/#/read/kg-kyrgyz-tili-11 (Our reader: AI-proofread text; approved edition)
https://kitep.edu.kg/book/225/read (PDF without text (scan); approved edition)
https://okuma.kg/books.php?id=75 (PDF without text (scan); approved edition)
https://bilim.akipress.org/lib/book:38/ (PDF without text (scan); year unknown)
https://mektep.o.kg/books/21/?grade=11 (PDF without text (scan); year unknown)",
395,11,Kyrgyz-medium,Кыргыз тили,Исаков Б.,Кыргыз тили 10 – 11-кл.,Б.: Билим-компьютер,2012,10,Our reader: AI-proofread text,other year (2013),yes,5,"https://rinatius.github.io/el-kitep/#/read/kg-kyrgyz-tili-10-11 (Our reader: AI-proofread text; other year (2013))
https://okuma.kg/books.php?id=192 (PDF without text (scan); approved edition)
https://new.bizdin.kg/kniga/uchebnik-kyrgyzskiy-yazyk-10-11-klass-ksh (PDF (form not checked); approved edition)
https://kitep.edu.kg/book/219/read (PDF without text (scan); other year (2013))
https://mektep.o.kg/books/21/?grade=11 (PDF without text (scan); year unknown)",
396,11,Kyrgyz-medium,Кыргыз адабияты,Артыкбаев К. ж.б.,Кыргыз адабияты,Б.: Билим-компьютер,2013,10,Our reader: AI-proofread text,approved edition,yes,3,"https://rinatius.github.io/el-kitep/#/read/kg-kyrgyz-adabiyaty-11 (Our reader: AI-proofread text; approved edition)
https://kitep.edu.kg/book/230/read (PDF without text (scan); approved edition)
https://mektep.o.kg/books/21/?grade=11 (PDF without text (scan); year unknown)",
397,11,Kyrgyz-medium,Русский язык,"Задорожная Н., Идрисова Ж.",Русский язык,Б.: Инсанат,2012,10,Our reader: AI-proofread text,approved edition,yes,4,"https://rinatius.github.io/el-kitep/#/read/kg-russkiy-yazyk-11 (Our reader: AI-proofread text; approved edition)
https://okuma.kg/books.php?id=74 (PDF without text (scan); approved edition)
https://okuma.kg/books.php?id=155 (PDF without text (scan); approved edition)
https://mektep.o.kg/books/21/?grade=11 (PDF without text (scan); year unknown)",
398,11,Kyrgyz-medium,Русский язык,Булатова А. ж.б.,Русский язык. Практический курс 10 – 11 кл.,Б.: Аркус,2020,10,Not online,,no,0,,Not found anywhere (web search 2026-09-29).
399,11,Kyrgyz-medium,Русская литература,"Ешенова Н., Мурадымов Н.",Русская литература,Б.: Кутаалам,2013,10,Our reader: AI-proofread text,approved edition,yes,4,"https://rinatius.github.io/el-kitep/#/read/kg-russkaya-literatura-11 (Our reader: AI-proofread text; approved edition)
https://okuma.kg/books.php?id=77 (PDF without text (scan); approved edition)
https://okuma.kg/books.php?id=175 (PDF without text (scan); approved edition)
https://mektep.o.kg/books/21/?grade=11 (PDF without text (scan); year unknown)",
400,11,Kyrgyz-medium,Чет тил,Юсупова А. ж.б.,Англис тили 10 – 11-кл.,Б.: Билим-компьютер,2012,10,PDF with text,approved edition,yes,4,"https://kitep.edu.kg/book/232/read (PDF with text; approved edition)
https://new.bizdin.kg/kniga/uchebnik-angliyskiy-yazyk-10-11-klass-ksh (PDF (form not checked); approved edition)
https://new.bizdin.kg/kniga/uchebnik-angliyskiy-yazyk-10-11-klass-ksh- (PDF (form not checked); approved edition)
https://mektep.o.kg/books/21/?grade=11 (PDF with text; year unknown)",
401,11,Kyrgyz-medium,Тарых,"Осмонов Ө., Мырзахматова А.",Кыргызстан тарыхы: урунттуу учурлар (19-к. ортосунан азыркы мезгилге чейин),Б.: Билим-компьютер,2012,10,Our reader: AI-proofread text,approved edition,yes,5,"https://rinatius.github.io/el-kitep/#/read/kg-kyrgyzstan-taryhy-11 (Our reader: AI-proofread text; approved edition)
https://kitep.edu.kg/book/227/read (PDF with text; approved edition)
https://okuma.kg/books.php?id=76 (PDF without text (scan); approved edition)
https://mektep.o.kg/books/21/?grade=11 (PDF with text; year unknown)
https://bizdin.kg/uchebnik/uchebnik-po-istorii-kyrgyzstana-osnovnye-momenty-11-klass-2000-g-na-kyrgyzskom/ (View online only; other year (2000))",
402,11,Kyrgyz-medium,Тарых,"Элебесова А., Осмонов Ө.",Дүйнө тарыхы: урунттуу учурлар (19-к. ортосунан биздин күндөргө чейин),Б.: Инсанат,2012,10,Our reader: AI-proofread text,approved edition,yes,4,"https://rinatius.github.io/el-kitep/#/read/kg-duyno-taryhy-11 (Our reader: AI-proofread text; approved edition)
https://okuma.kg/books.php?id=71 (PDF without text (scan); approved edition)
https://okuma.kg/books.php?id=210 (PDF without text (scan); approved edition)
https://mektep.o.kg/books/21/?grade=11 (PDF without text (scan); year unknown)",
403,11,Kyrgyz-medium,Адам жана коом,Пилон Ж.,Жарандуулук жана башкарууга катышуу (2-бөлүк),Б.: Кыргызстан,2004,11,Our reader: AI-proofread text,other year (2005),no,1,https://rinatius.github.io/el-kitep/#/read/kg-jarandyk-11 (Our reader: AI-proofread text; other year (2005)),
404,11,Kyrgyz-medium,География (Дүйнөнүн социалдык жана экономикалык географиясы),Чодураев Т. ж.б.,География,Б.: Инсанат,2012,11,Not online,,no,0,,Not found anywhere; only its grade 10 companion volume is online (already live).
405,11,Kyrgyz-medium,География (Дүйнөнүн социалдык жана экономикалык географиясы),"Осмонов А., Чодураев Т.",Дүйнөнүн экономикалык жана социалдык географиясы,Б.: Инсанат,2011,11,Our reader: AI-proofread text,approved edition,yes,2,"https://rinatius.github.io/el-kitep/#/read/kg-geografiya-10 (Our reader: AI-proofread text; approved edition)
https://okuma.kg/books.php?id=212 (PDF without text (scan); other year (2012))",
406,11,Kyrgyz-medium,Алгебра жана анализдин башталышы,"Колмогоров А., Иманалиев М., Асанов А. ж.б.",Алгебра жана анализдин башталышы 10 – 11-кл.,Б.: Энциклопедия,2009,11,PDF without text (scan),approved edition,yes,5,"https://okuma.kg/books.php?id=68 (PDF without text (scan); approved edition)
https://new.bizdin.kg/kniga/uchebnik-algebra-11-klass-ksh (PDF (form not checked); approved edition)
https://kitep.edu.kg/book/223/read (PDF without text (scan); other year (2012))
https://kitep.edu.kg/book/229/read (PDF without text (scan); other year (2013))
https://mektep.o.kg/books/21/?grade=11 (PDF without text (scan); year unknown)",
407,11,Kyrgyz-medium,Алгебра жана анализдин башталышы,"Иманалиев М., Асанов А., Жусупов К., Искандаров С.",Алгебра жана анализдин башталышы,Б.: Энциклопедия,2013,11,PDF without text (scan),approved edition,yes,7,"https://kitep.edu.kg/book/229/read (PDF without text (scan); approved edition)
https://bizdin.kg/uchebnik/algebra-zhana-analizdin-bashtalyshy-11-klass-2013/ (View online only; approved edition)
https://okuma.kg/books.php?id=68 (PDF without text (scan); other year (2009))
https://kitep.edu.kg/book/223/read (PDF without text (scan); other year (2012))
https://bizdin.kg/uchebnik/algebra-11-klass/ (View online only; year unknown)
https://mektep.o.kg/books/21/?grade=11 (PDF without text (scan); year unknown)
https://new.bizdin.kg/kniga/uchebnik-algebra-11-klass-ksh (PDF (form not checked); other year (2009))",
408,11,Kyrgyz-medium,Алгебра жана анализдин башталышы,"Саламатов Ж., Жураев М., Аманкулов Т.",Алгебра жана анализдин башталышы 10 – 11-кл.,Б.: Aditi,2009,11,PDF without text (scan),approved edition,yes,1,https://mektep.o.kg (PDF without text (scan); approved edition),
409,11,Kyrgyz-medium,Геометрия,"Бекбоев И., Бөрүбаев А., Айылчиев А.",Геометрия 10 – 11-кл.,Б.: Aditi,2017,11,PDF without text (scan),approved edition,yes,4,"https://kitep.edu.kg/book/221/read (PDF without text (scan); approved edition)
https://bilim.akipress.org/lib/book:49/ (PDF without text (scan); year unknown)
https://mektep.o.kg/books/21/?grade=11 (PDF without text (scan); year unknown)
https://okuma.kg/books.php?id=213 (PDF without text (scan); other year (2009))",
410,11,Kyrgyz-medium,Физика,Шаршекеев Ө. ж.б.,Физика,Б.: Энциклопедия,2012,11,PDF without text (scan),approved edition,yes,3,"https://kitep.edu.kg/book/226/read (PDF without text (scan); approved edition)
https://mektep.o.kg/books/21/?grade=11 (PDF without text (scan); year unknown)
https://okuma.kg/books.php?id=78 (PDF without text (scan); other year (2011))",
411,11,Kyrgyz-medium,Физика,Шаршекеев Ө. ж.б.,Астрономия,Б.: Энциклопедия,2012,11,PDF without text (scan),approved edition,yes,3,"https://kitep.edu.kg/book/226/read (PDF without text (scan); approved edition)
https://mektep.o.kg/books/21/?grade=11 (PDF without text (scan); year unknown)
https://okuma.kg/books.php?id=78 (PDF without text (scan); other year (2011))",
412,11,Kyrgyz-medium,Физика,Калыбеков А.,Астрономия,Б.: Ж. Баласагын атындагы КМУ,2021,11,"Login, paywall or library only",,no,1,"https://library.knu.kg/?author=Калыбеков (Login, paywall or library only; other year (2019))",Not found on any site we checked.
413,11,Kyrgyz-medium,Химия (Жалпы химия),,,,,11,No textbook on the list,,no,0,,The official list has an empty row for this subject.
414,11,Kyrgyz-medium,Биология (Жалпы биология),,,,,11,No textbook on the list,,no,0,,The official list has an empty row for this subject.
415,11,Kyrgyz-medium,Аскерге чейинки даярдык,,,,,11,No textbook on the list,,no,0,,The official list has an empty row for this subject.
179,11,Russian-medium,Русский язык,,,,,9,No textbook on the list,,no,0,,The official list has an empty row for this subject.
180,11,Russian-medium,Русская литература,,,,,9,No textbook on the list,,no,0,,The official list has an empty row for this subject.
181,11,Russian-medium,Кыргызский язык,"Оморова А., Самсалиева М. и др.",Кыргыз тили,И.: Аркус,2019,9,Our reader: exact text,approved edition,yes,2,"https://rinatius.github.io/el-kitep/#/read/ru-kyrgyz-tili-10-11 (Our reader: exact text; approved edition)
https://kitep.edu.kg/book/167/read (PDF with text; approved edition)",
182,11,Russian-medium,Кыргызский язык,Абылаева Н. и др.,Кыргыз тили,И.: Инсанат,2012,9,Our reader: AI-proofread text,approved edition,yes,3,"https://rinatius.github.io/el-kitep/#/read/ru-kyrgyz-tili-11 (Our reader: AI-proofread text; approved edition)
https://kitep.edu.kg/book/169/read (PDF without text (scan); approved edition)
https://bilim.akipress.org/lib/book:199/ (PDF without text (scan); year unknown)",
183,11,Russian-medium,Кыргызская литература,"Ботбаева Т., Искакова Д.",Кыргыз адабияты,И.: Кутаалам,2013,9,Our reader: AI-proofread text,approved edition,yes,3,"https://rinatius.github.io/el-kitep/#/read/ru-kyrgyz-adabiyaty-11 (Our reader: AI-proofread text; approved edition)
https://kitep.edu.kg/book/170/read (PDF without text (scan); approved edition)
https://mektep.o.kg/books/10/?grade=11 (PDF without text (scan); year unknown)",
184,11,Russian-medium,Иностранный язык,"Цуканова Г.Э., Фатнева А.Г.",Английский язык,И.: Аркус,2025,9,Not online,,no,0,,New Аркус/Учкун edition; only publisher samples or shop listings online.
185,11,Russian-medium,Иностранный язык,Юсупова А. и др.,Английский язык,И.: Билим-компьютер,2012,9,PDF with text,approved edition,yes,2,"https://kitep.edu.kg/book/168/read (PDF with text; approved edition)
https://mektep.o.kg/books/10/?grade=11 (PDF with text; year unknown)",
186,11,Russian-medium,История,Осмонов О. и др.,История Кыргызстана,И.: Инсанат,2012,9,Our reader: AI-proofread text,approved edition,yes,3,"https://rinatius.github.io/el-kitep/#/read/ru-istoriya-kyrgyzstana-11 (Our reader: AI-proofread text; approved edition)
https://kitep.edu.kg/book/171/read (PDF without text (scan); approved edition)
https://mektep.o.kg/books/10/?grade=11 (PDF without text (scan); year unknown)",
187,11,Russian-medium,Человек и общество,Пилон Дж.,Гражданственность и участие в управлении (2-я часть),И.: Кыргызстан,2004,9,Not online,,no,0,,Russian part 2 not found; the Kyrgyz part 2 is already live (kg-jarandyk-11).
188,11,Russian-medium,География (Социальная и экономическая география мира),Осмонов А.,Основы геоэкологии,,Последнее издание,9,Other language only,,no,1,https://rinatius.github.io/el-kitep/#/read/kg-geografiya-11 (Other language only),No Russian version online; the Kyrgyz version is already live (kg-geografiya-11).
189,11,Russian-medium,Алгебра и начала анализа,"Колмогоров А., Иманалиев М., Асанов А.",Алгебра и начала анализа 10 – 11 кл.,,Последнее издание,9,PDF without text (scan),other edition,no,1,https://jasulib.org.kg/?p=9251 (PDF without text (scan); other edition),
190,11,Russian-medium,Геометрия,"Бекбоев И., Борубаев А., Айылчиев А.",Геометрия 10 – 11-кл.,,Последнее издание,9,PDF without text (scan),any (list says latest edition),yes,1,https://bilim.akipress.org/lib/book:49/ (PDF without text (scan); any (list says latest edition)),
191,11,Russian-medium,Физика,,,,,9,No textbook on the list,,no,0,,The official list has an empty row for this subject.
192,11,Russian-medium,Химия (Общая химия),,,,,9,No textbook on the list,,no,0,,The official list has an empty row for this subject.
193,11,Russian-medium,Биология (Общая биология),,,,,9,No textbook on the list,,no,0,,The official list has an empty row for this subject.
194,11,Russian-medium,Допризывная подготовка,,,,,9,No textbook on the list,,no,0,,The official list has an empty row for this subject.
